{
    "type": "FeatureCollection",
    "features": [
        {
            "type": "Feature",
            "geometry": {
                "type": "Point",
                "coordinates": [
                    98.52554,
                    15.344161
                ]
            },
            "properties": {
                "station_name": "รร.กองม่องทะ สาขาสะละวะ",
                "rain_24h": 94.4,
                "province": "กาญจนบุรี",
                "datetime": "2026-06-05 08:00"
            }
        },
        {
            "type": "Feature",
            "geometry": {
                "type": "Point",
                "coordinates": [
                    98.50981,
                    15.30931
                ]
            },
            "properties": {
                "station_name": "รร.กองม่องทะ สาขาไล่โว่",
                "rain_24h": 90.2,
                "province": "กาญจนบุรี",
                "datetime": "2026-06-05 08:00"
            }
        },
        {
            "type": "Feature",
            "geometry": {
                "type": "Point",
                "coordinates": [
                    104.04943,
                    17.968048
                ]
            },
            "properties": {
                "station_name": "ทต.บึงโขงหลง",
                "rain_24h": 89.2,
                "province": "บึงกาฬ",
                "datetime": "2026-06-05 08:00"
            }
        },
        {
            "type": "Feature",
            "geometry": {
                "type": "Point",
                "coordinates": [
                    97.96277,
                    17.75395
                ]
            },
            "properties": {
                "station_name": "รร.แม่อมกิ",
                "rain_24h": 82.4,
                "province": "ตาก",
                "datetime": "2026-06-05 08:00"
            }
        },
        {
            "type": "Feature",
            "geometry": {
                "type": "Point",
                "coordinates": [
                    100.182236,
                    18.856344
                ]
            },
            "properties": {
                "station_name": "ที่ทำการอุทยานแห่งชาติดอยภูนาง",
                "rain_24h": 81.4,
                "province": "พะเยา",
                "datetime": "2026-06-05 08:00"
            }
        },
        {
            "type": "Feature",
            "geometry": {
                "type": "Point",
                "coordinates": [
                    100.2229,
                    18.0662
                ]
            },
            "properties": {
                "station_name": "ศูนย์เรียนรู้ด้านสัตว์ป่า เขตรักษาพันธุ์สัตว์ป่าลำน้ำน่านฝั่งขวา",
                "rain_24h": 74,
                "province": "แพร่",
                "datetime": "2026-06-05 08:00"
            }
        },
        {
            "type": "Feature",
            "geometry": {
                "type": "Point",
                "coordinates": [
                    98.5005,
                    18.507107
                ]
            },
            "properties": {
                "station_name": "หน่วยจัดการต้นน้ำแม่อวม",
                "rain_24h": 72.4,
                "province": "เชียงใหม่",
                "datetime": "2026-06-05 08:00"
            }
        },
        {
            "type": "Feature",
            "geometry": {
                "type": "Point",
                "coordinates": [
                    105.2558,
                    14.435228
                ]
            },
            "properties": {
                "station_name": "อุทยานแห่งชาติภูจองนายอย",
                "rain_24h": 71.8,
                "province": "อุบลราชธานี",
                "datetime": "2026-06-05 08:00"
            }
        },
        {
            "type": "Feature",
            "geometry": {
                "type": "Point",
                "coordinates": [
                    98.8308,
                    19.3201
                ]
            },
            "properties": {
                "station_name": "หน่วยจัดการต้นน้ำแม่ตะมาน",
                "rain_24h": 67.6,
                "province": "เชียงใหม่",
                "datetime": "2026-06-05 08:00"
            }
        },
        {
            "type": "Feature",
            "geometry": {
                "type": "Point",
                "coordinates": [
                    99.13227,
                    18.86477
                ]
            },
            "properties": {
                "station_name": "ทต.ดอยสะเก็ด",
                "rain_24h": 67.4,
                "province": "เชียงใหม่",
                "datetime": "2026-06-05 08:00"
            }
        },
        {
            "type": "Feature",
            "geometry": {
                "type": "Point",
                "coordinates": [
                    98.84829,
                    18.900038
                ]
            },
            "properties": {
                "station_name": "หน่วยจัดการต้นน้ำแม่สา",
                "rain_24h": 66.6,
                "province": "เชียงใหม่",
                "datetime": "2026-06-05 08:00"
            }
        },
        {
            "type": "Feature",
            "geometry": {
                "type": "Point",
                "coordinates": [
                    99.59807,
                    19.483288
                ]
            },
            "properties": {
                "station_name": "หน่วยจัดการต้นน้ำแม่งา",
                "rain_24h": 66.2,
                "province": "เชียงราย",
                "datetime": "2026-06-05 08:00"
            }
        },
        {
            "type": "Feature",
            "geometry": {
                "type": "Point",
                "coordinates": [
                    99.81539,
                    18.74446
                ]
            },
            "properties": {
                "station_name": "หน่วยพิทักษ์อุทยานแห่งชาติที่ 4 (แม่แก้)",
                "rain_24h": 64.6,
                "province": "ลำปาง",
                "datetime": "2026-06-05 08:00"
            }
        },
        {
            "type": "Feature",
            "geometry": {
                "type": "Point",
                "coordinates": [
                    99.12771,
                    18.75289
                ]
            },
            "properties": {
                "station_name": "รร.อนุบาล ทต.สันกำแพง",
                "rain_24h": 63.2,
                "province": "เชียงใหม่",
                "datetime": "2026-06-05 08:00"
            }
        },
        {
            "type": "Feature",
            "geometry": {
                "type": "Point",
                "coordinates": [
                    99.4099,
                    18.9263
                ]
            },
            "properties": {
                "station_name": "หน่วยพิทักษ์อุทยานแห่งชาติที่ จซ. 5 (แม่แจ๋ม)",
                "rain_24h": 61.8,
                "province": "ลำปาง",
                "datetime": "2026-06-05 08:00"
            }
        },
        {
            "type": "Feature",
            "geometry": {
                "type": "Point",
                "coordinates": [
                    98.8893,
                    19.3977
                ]
            },
            "properties": {
                "station_name": "ยอดดอยหลวงเชียงดาว",
                "rain_24h": 61.7,
                "province": "เชียงใหม่",
                "datetime": "2026-06-05 08:00"
            }
        },
        {
            "type": "Feature",
            "geometry": {
                "type": "Point",
                "coordinates": [
                    97.96461,
                    17.867392
                ]
            },
            "properties": {
                "station_name": "หน่วยพิทักษ์อุทยานแห่งชาติที่ มง.2 (สบเงา)",
                "rain_24h": 61.4,
                "province": "แม่ฮ่องสอน",
                "datetime": "2026-06-05 08:00"
            }
        },
        {
            "type": "Feature",
            "geometry": {
                "type": "Point",
                "coordinates": [
                    99.486084,
                    17.24367
                ]
            },
            "properties": {
                "station_name": "ที่ทำการเขตรักษาพันธุ์สัตว์ป่าถ้ำเจ้าราม",
                "rain_24h": 60.6,
                "province": "สุโขทัย",
                "datetime": "2026-06-05 08:00"
            }
        },
        {
            "type": "Feature",
            "geometry": {
                "type": "Point",
                "coordinates": [
                    99.8918,
                    7.48415
                ]
            },
            "properties": {
                "station_name": "น้ำตกโตนแพรทอง",
                "rain_24h": 58.9,
                "province": "พัทลุง",
                "datetime": "2026-06-05 08:00"
            }
        },
        {
            "type": "Feature",
            "geometry": {
                "type": "Point",
                "coordinates": [
                    98.978264,
                    18.312527
                ]
            },
            "properties": {
                "station_name": "หน่วยพิทักษ์ป่าแม่เหล็ก",
                "rain_24h": 56.6,
                "province": "ลำพูน",
                "datetime": "2026-06-05 08:00"
            }
        },
        {
            "type": "Feature",
            "geometry": {
                "type": "Point",
                "coordinates": [
                    99.06803,
                    19.710945
                ]
            },
            "properties": {
                "station_name": "หน่วยจัดการต้นน้ำห้วยสูน",
                "rain_24h": 56.4,
                "province": "เชียงใหม่",
                "datetime": "2026-06-05 08:00"
            }
        },
        {
            "type": "Feature",
            "geometry": {
                "type": "Point",
                "coordinates": [
                    100.18837,
                    18.05288
                ]
            },
            "properties": {
                "station_name": "อ่างเก็บน้ำน้ำเกิ๋น",
                "rain_24h": 55.8,
                "province": "แพร่",
                "datetime": "2026-06-05 08:00"
            }
        },
        {
            "type": "Feature",
            "geometry": {
                "type": "Point",
                "coordinates": [
                    98.93948,
                    18.51816
                ]
            },
            "properties": {
                "station_name": "ทต.ป่าซาง",
                "rain_24h": 54,
                "province": "ลำพูน",
                "datetime": "2026-06-05 08:00"
            }
        },
        {
            "type": "Feature",
            "geometry": {
                "type": "Point",
                "coordinates": [
                    99.900635,
                    18.603598
                ]
            },
            "properties": {
                "station_name": "ที่ทำการอุทยานแห่งชาติถ้ำผาไท",
                "rain_24h": 53.4,
                "province": "ลำปาง",
                "datetime": "2026-06-05 08:00"
            }
        },
        {
            "type": "Feature",
            "geometry": {
                "type": "Point",
                "coordinates": [
                    100.12458,
                    18.13367
                ]
            },
            "properties": {
                "station_name": "เมืองแพร่",
                "rain_24h": 51.8,
                "province": "แพร่",
                "datetime": "2026-06-05 08:00"
            }
        },
        {
            "type": "Feature",
            "geometry": {
                "type": "Point",
                "coordinates": [
                    100.00877,
                    18.76331
                ]
            },
            "properties": {
                "station_name": "อบต.บ้านแหง",
                "rain_24h": 51.6,
                "province": "ลำปาง",
                "datetime": "2026-06-05 08:00"
            }
        },
        {
            "type": "Feature",
            "geometry": {
                "type": "Point",
                "coordinates": [
                    103.75679,
                    17.831093
                ]
            },
            "properties": {
                "station_name": "อบต.คำตากล้า",
                "rain_24h": 50.8,
                "province": "สกลนคร",
                "datetime": "2026-06-05 08:00"
            }
        },
        {
            "type": "Feature",
            "geometry": {
                "type": "Point",
                "coordinates": [
                    100.28276,
                    18.88195
                ]
            },
            "properties": {
                "station_name": "สะพานน้ำปี้ เชียงม่วน",
                "rain_24h": 50.8,
                "province": "พะเยา",
                "datetime": "2026-06-05 08:00"
            }
        },
        {
            "type": "Feature",
            "geometry": {
                "type": "Point",
                "coordinates": [
                    98.93681,
                    18.34001
                ]
            },
            "properties": {
                "station_name": "อ่างเก็บน้ำห้วยโป่ง",
                "rain_24h": 50.4,
                "province": "ลำพูน",
                "datetime": "2026-06-05 08:00"
            }
        },
        {
            "type": "Feature",
            "geometry": {
                "type": "Point",
                "coordinates": [
                    98.95513,
                    18.471687
                ]
            },
            "properties": {
                "station_name": "แม่น้ำทา",
                "rain_24h": 49.4,
                "province": "ลำพูน",
                "datetime": "2026-06-05 08:00"
            }
        },
        {
            "type": "Feature",
            "geometry": {
                "type": "Point",
                "coordinates": [
                    101.312805,
                    14.315162
                ]
            },
            "properties": {
                "station_name": "สะพานคลองนางรอง",
                "rain_24h": 48.4,
                "province": "นครนายก",
                "datetime": "2026-06-05 08:00"
            }
        },
        {
            "type": "Feature",
            "geometry": {
                "type": "Point",
                "coordinates": [
                    98.38663,
                    15.215711
                ]
            },
            "properties": {
                "station_name": "หน่วยจัดการต้นน้ำซองกาเลีย",
                "rain_24h": 48.2,
                "province": "กาญจนบุรี",
                "datetime": "2026-06-05 08:00"
            }
        },
        {
            "type": "Feature",
            "geometry": {
                "type": "Point",
                "coordinates": [
                    102.06969,
                    17.92833
                ]
            },
            "properties": {
                "station_name": "หน่วยจัดการต้นน้ำน้ำโสม",
                "rain_24h": 48.2,
                "province": "อุดรธานี",
                "datetime": "2026-06-05 08:00"
            }
        },
        {
            "type": "Feature",
            "geometry": {
                "type": "Point",
                "coordinates": [
                    99.839226,
                    18.55175
                ]
            },
            "properties": {
                "station_name": "หน่วยศึกษาการพัฒนาการอนุรักษ์ต้นน้ำแม่หวด",
                "rain_24h": 48,
                "province": "ลำปาง",
                "datetime": "2026-06-05 08:00"
            }
        },
        {
            "type": "Feature",
            "geometry": {
                "type": "Point",
                "coordinates": [
                    99.306526,
                    19.421482
                ]
            },
            "properties": {
                "station_name": "หน่วยจัดการต้นน้ำแม่สะลวม",
                "rain_24h": 48,
                "province": "เชียงใหม่",
                "datetime": "2026-06-05 08:00"
            }
        },
        {
            "type": "Feature",
            "geometry": {
                "type": "Point",
                "coordinates": [
                    98.6566,
                    19.106
                ]
            },
            "properties": {
                "station_name": "หน่วยจัดการต้นน้ำม่อนอังเกตุ",
                "rain_24h": 47.8,
                "province": "เชียงใหม่",
                "datetime": "2026-06-05 08:00"
            }
        },
        {
            "type": "Feature",
            "geometry": {
                "type": "Point",
                "coordinates": [
                    101.78821,
                    16.886986
                ]
            },
            "properties": {
                "station_name": "หน่วยพิทักษ์อุทยานแห่งชาติที่ ลย.๑ (วังกวาง)",
                "rain_24h": 47.4,
                "province": "เลย",
                "datetime": "2026-06-05 08:00"
            }
        },
        {
            "type": "Feature",
            "geometry": {
                "type": "Point",
                "coordinates": [
                    99.87332,
                    19.803078
                ]
            },
            "properties": {
                "station_name": "หน่วยพิทักษ์อุทยานแห่งชาติที่ มป. ๒ (ห้วยพญาเก๊า)",
                "rain_24h": 47.2,
                "province": "เชียงราย",
                "datetime": "2026-06-05 08:00"
            }
        },
        {
            "type": "Feature",
            "geometry": {
                "type": "Point",
                "coordinates": [
                    99.81484,
                    7.35493
                ]
            },
            "properties": {
                "station_name": "รร.บ้านลำปลอกเหนือ",
                "rain_24h": 47,
                "province": "ตรัง",
                "datetime": "2026-06-05 08:00"
            }
        },
        {
            "type": "Feature",
            "geometry": {
                "type": "Point",
                "coordinates": [
                    98.2632,
                    17.3685
                ]
            },
            "properties": {
                "station_name": "ศูนย์การเรียนตำรวจตระเวนชายแดนบ้านคะเนจือทะ",
                "rain_24h": 46.4,
                "province": "ตาก",
                "datetime": "2026-06-05 08:00"
            }
        },
        {
            "type": "Feature",
            "geometry": {
                "type": "Point",
                "coordinates": [
                    103.26375,
                    17.704544
                ]
            },
            "properties": {
                "station_name": "ทม.บ้านดุง",
                "rain_24h": 46,
                "province": "อุดรธานี",
                "datetime": "2026-06-05 08:00"
            }
        },
        {
            "type": "Feature",
            "geometry": {
                "type": "Point",
                "coordinates": [
                    97.93163,
                    17.96313
                ]
            },
            "properties": {
                "station_name": "อบต.แม่สวด",
                "rain_24h": 45,
                "province": "แม่ฮ่องสอน",
                "datetime": "2026-06-05 08:00"
            }
        },
        {
            "type": "Feature",
            "geometry": {
                "type": "Point",
                "coordinates": [
                    101.640625,
                    6.27165
                ]
            },
            "properties": {
                "station_name": "ที่ทำการอุทยานแห่งชาติน้ำตกซีโป",
                "rain_24h": 44.6,
                "province": "นราธิวาส",
                "datetime": "2026-06-05 08:00"
            }
        },
        {
            "type": "Feature",
            "geometry": {
                "type": "Point",
                "coordinates": [
                    100.2656,
                    17.9958
                ]
            },
            "properties": {
                "station_name": "หน่วยจัดการต้นน้ำแม่ก๋อน-แม่สาย",
                "rain_24h": 44,
                "province": "แพร่",
                "datetime": "2026-06-05 08:00"
            }
        },
        {
            "type": "Feature",
            "geometry": {
                "type": "Point",
                "coordinates": [
                    99.06628,
                    17.04066
                ]
            },
            "properties": {
                "station_name": "บ้านตาก",
                "rain_24h": 43.4,
                "province": "ตาก",
                "datetime": "2026-06-05 08:00"
            }
        },
        {
            "type": "Feature",
            "geometry": {
                "type": "Point",
                "coordinates": [
                    98.593,
                    19.4138
                ]
            },
            "properties": {
                "station_name": "หน่วยจัดการต้นน้ำขุนวาง",
                "rain_24h": 43.4,
                "province": "เชียงใหม่",
                "datetime": "2026-06-05 08:00"
            }
        },
        {
            "type": "Feature",
            "geometry": {
                "type": "Point",
                "coordinates": [
                    103.99487,
                    18.294788
                ]
            },
            "properties": {
                "station_name": "ชุมชนบ้านบุ่งคล้า",
                "rain_24h": 42.8,
                "province": "บึงกาฬ",
                "datetime": "2026-06-05 08:00"
            }
        },
        {
            "type": "Feature",
            "geometry": {
                "type": "Point",
                "coordinates": [
                    98.96992,
                    18.8101
                ]
            },
            "properties": {
                "station_name": "ทต.ช้างเผือก",
                "rain_24h": 42.4,
                "province": "เชียงใหม่",
                "datetime": "2026-06-05 08:00"
            }
        },
        {
            "type": "Feature",
            "geometry": {
                "type": "Point",
                "coordinates": [
                    99.77763,
                    7.963785
                ]
            },
            "properties": {
                "station_name": "ชุมชนตำบลเกาะขันธ์ (บ้านน้ำตก)",
                "rain_24h": 41.8,
                "province": "นครศรีธรรมราช",
                "datetime": "2026-06-05 08:00"
            }
        },
        {
            "type": "Feature",
            "geometry": {
                "type": "Point",
                "coordinates": [
                    98.439766,
                    18.232069
                ]
            },
            "properties": {
                "station_name": "สะพานน้ำแม่แจ่ม บ้านแปะ",
                "rain_24h": 41.6,
                "province": "เชียงใหม่",
                "datetime": "2026-06-05 08:00"
            }
        },
        {
            "type": "Feature",
            "geometry": {
                "type": "Point",
                "coordinates": [
                    101.861465,
                    16.87711
                ]
            },
            "properties": {
                "station_name": "อบต.ศรีฐาน",
                "rain_24h": 41.2,
                "province": "เลย",
                "datetime": "2026-06-05 08:00"
            }
        },
        {
            "type": "Feature",
            "geometry": {
                "type": "Point",
                "coordinates": [
                    102.21791,
                    15.603773
                ]
            },
            "properties": {
                "station_name": "โรงเรียนบ้านหนองปรือโป่ง",
                "rain_24h": 41,
                "province": "นครราชสีมา",
                "datetime": "2026-06-05 08:00"
            }
        },
        {
            "type": "Feature",
            "geometry": {
                "type": "Point",
                "coordinates": [
                    98.34148,
                    17.79795
                ]
            },
            "properties": {
                "station_name": "อบต.อมก๋อย",
                "rain_24h": 40.8,
                "province": "เชียงใหม่",
                "datetime": "2026-06-05 08:00"
            }
        },
        {
            "type": "Feature",
            "geometry": {
                "type": "Point",
                "coordinates": [
                    99.0743,
                    17.056845
                ]
            },
            "properties": {
                "station_name": "ที่ทำการอุทยานแห่งชาติดอยสอยมาลัย-ไม้กลายเป็นหิน",
                "rain_24h": 40.6,
                "province": "ตาก",
                "datetime": "2026-06-05 08:00"
            }
        },
        {
            "type": "Feature",
            "geometry": {
                "type": "Point",
                "coordinates": [
                    103.413124,
                    18.107306
                ]
            },
            "properties": {
                "station_name": "อบต.หนองพันทา",
                "rain_24h": 40,
                "province": "บึงกาฬ",
                "datetime": "2026-06-05 08:00"
            }
        },
        {
            "type": "Feature",
            "geometry": {
                "type": "Point",
                "coordinates": [
                    103.42708,
                    17.615957
                ]
            },
            "properties": {
                "station_name": "ทต.โคกสี",
                "rain_24h": 39.8,
                "province": "สกลนคร",
                "datetime": "2026-06-05 08:00"
            }
        },
        {
            "type": "Feature",
            "geometry": {
                "type": "Point",
                "coordinates": [
                    99.32686,
                    19.430109
                ]
            },
            "properties": {
                "station_name": "หน่วยจัดการต้นน้ำแม่ปูน",
                "rain_24h": 39.6,
                "province": "เชียงราย",
                "datetime": "2026-06-05 08:00"
            }
        },
        {
            "type": "Feature",
            "geometry": {
                "type": "Point",
                "coordinates": [
                    102.26269,
                    18.068615
                ]
            },
            "properties": {
                "station_name": "ทต.สังคม",
                "rain_24h": 39.2,
                "province": "หนองคาย",
                "datetime": "2026-06-05 08:00"
            }
        },
        {
            "type": "Feature",
            "geometry": {
                "type": "Point",
                "coordinates": [
                    102.72709,
                    17.877014
                ]
            },
            "properties": {
                "station_name": "สวนสาธารณะหนองถิ่น ทม.หนองคาย",
                "rain_24h": 39,
                "province": "หนองคาย",
                "datetime": "2026-06-05 08:00"
            }
        },
        {
            "type": "Feature",
            "geometry": {
                "type": "Point",
                "coordinates": [
                    102.59024,
                    12.51579
                ]
            },
            "properties": {
                "station_name": "วัดทุ่งตอง",
                "rain_24h": 39,
                "province": "ตราด",
                "datetime": "2026-06-05 08:00"
            }
        },
        {
            "type": "Feature",
            "geometry": {
                "type": "Point",
                "coordinates": [
                    98.7307,
                    18.7955
                ]
            },
            "properties": {
                "station_name": "สะพานน้ำแม่ขาน",
                "rain_24h": 39,
                "province": "เชียงใหม่",
                "datetime": "2026-06-05 08:00"
            }
        },
        {
            "type": "Feature",
            "geometry": {
                "type": "Point",
                "coordinates": [
                    103.94656,
                    17.689278
                ]
            },
            "properties": {
                "station_name": "รร.บ้านข้าวแป้ง",
                "rain_24h": 38.4,
                "province": "สกลนคร",
                "datetime": "2026-06-05 08:00"
            }
        },
        {
            "type": "Feature",
            "geometry": {
                "type": "Point",
                "coordinates": [
                    99.49828,
                    18.43277
                ]
            },
            "properties": {
                "station_name": "อ่างเก็บน้ำแม่เกี๋ยง",
                "rain_24h": 38,
                "province": "ลำปาง",
                "datetime": "2026-06-05 08:00"
            }
        },
        {
            "type": "Feature",
            "geometry": {
                "type": "Point",
                "coordinates": [
                    98.31786,
                    19.131182
                ]
            },
            "properties": {
                "station_name": "บ้านหนองแดง",
                "rain_24h": 37.8,
                "province": "เชียงใหม่",
                "datetime": "2026-06-05 08:00"
            }
        },
        {
            "type": "Feature",
            "geometry": {
                "type": "Point",
                "coordinates": [
                    103.38447,
                    17.594706
                ]
            },
            "properties": {
                "station_name": "สว่างแดนดิน",
                "rain_24h": 37.8,
                "province": "สกลนคร",
                "datetime": "2026-06-05 08:00"
            }
        },
        {
            "type": "Feature",
            "geometry": {
                "type": "Point",
                "coordinates": [
                    100.3339,
                    18.3588
                ]
            },
            "properties": {
                "station_name": "อบต.ร้องกวาง",
                "rain_24h": 37.2,
                "province": "แพร่",
                "datetime": "2026-06-05 08:00"
            }
        },
        {
            "type": "Feature",
            "geometry": {
                "type": "Point",
                "coordinates": [
                    101.37257,
                    14.434375
                ]
            },
            "properties": {
                "station_name": "อุทยานแห่งชาติเขาใหญ่",
                "rain_24h": 37.2,
                "province": "นครนายก",
                "datetime": "2026-06-05 08:00"
            }
        },
        {
            "type": "Feature",
            "geometry": {
                "type": "Point",
                "coordinates": [
                    99.85983,
                    19.04885
                ]
            },
            "properties": {
                "station_name": "อ่างเก็บน้ำห้วยโซ้",
                "rain_24h": 36.8,
                "province": "พะเยา",
                "datetime": "2026-06-05 08:00"
            }
        },
        {
            "type": "Feature",
            "geometry": {
                "type": "Point",
                "coordinates": [
                    102.415,
                    12.7065
                ]
            },
            "properties": {
                "station_name": "สะพานคลองสะตอ",
                "rain_24h": 36,
                "province": "ตราด",
                "datetime": "2026-06-05 08:00"
            }
        },
        {
            "type": "Feature",
            "geometry": {
                "type": "Point",
                "coordinates": [
                    99.06564,
                    17.34999
                ]
            },
            "properties": {
                "station_name": "อ่างเก็บน้ำหนองเข้",
                "rain_24h": 35.6,
                "province": "ตาก",
                "datetime": "2026-06-05 08:00"
            }
        },
        {
            "type": "Feature",
            "geometry": {
                "type": "Point",
                "coordinates": [
                    101.0546,
                    19.5512
                ]
            },
            "properties": {
                "station_name": "หน่วยจัดการต้นน้ำน้ำปาด",
                "rain_24h": 35.4,
                "province": "น่าน",
                "datetime": "2026-06-05 08:00"
            }
        },
        {
            "type": "Feature",
            "geometry": {
                "type": "Point",
                "coordinates": [
                    99.586685,
                    19.48251
                ]
            },
            "properties": {
                "station_name": "หน่วยจัดการต้นน้ำแม่พริก (หน่วยย่อย ปางหลวง)",
                "rain_24h": 35.4,
                "province": "เชียงราย",
                "datetime": "2026-06-05 08:00"
            }
        },
        {
            "type": "Feature",
            "geometry": {
                "type": "Point",
                "coordinates": [
                    99.99529,
                    19.49596
                ]
            },
            "properties": {
                "station_name": "ทต.ป่าแดด",
                "rain_24h": 35,
                "province": "เชียงราย",
                "datetime": "2026-06-05 08:00"
            }
        },
        {
            "type": "Feature",
            "geometry": {
                "type": "Point",
                "coordinates": [
                    98.20028,
                    19.040228
                ]
            },
            "properties": {
                "station_name": "บ้านขุนแม่ละอุปหมู่ที่ 3",
                "rain_24h": 34.8,
                "province": "เชียงใหม่",
                "datetime": "2026-06-05 08:00"
            }
        },
        {
            "type": "Feature",
            "geometry": {
                "type": "Point",
                "coordinates": [
                    102.17328,
                    12.78168
                ]
            },
            "properties": {
                "station_name": "วัดโคกตะพง (แกลง)",
                "rain_24h": 34.6,
                "province": "จันทบุรี",
                "datetime": "2026-06-05 08:00"
            }
        },
        {
            "type": "Feature",
            "geometry": {
                "type": "Point",
                "coordinates": [
                    102.7016,
                    16.931906
                ]
            },
            "properties": {
                "station_name": "ศูนย์ศึกษาการพัฒนาการอนุรักษ์ต้นน้ำลุ่มน้ำชี",
                "rain_24h": 34.4,
                "province": "ขอนแก่น",
                "datetime": "2026-06-05 08:00"
            }
        },
        {
            "type": "Feature",
            "geometry": {
                "type": "Point",
                "coordinates": [
                    98.8642,
                    18.39674
                ]
            },
            "properties": {
                "station_name": "อ่างเก็บน้ำห้วยลากไม้ตอนบน",
                "rain_24h": 34,
                "province": "ลำพูน",
                "datetime": "2026-06-05 08:00"
            }
        },
        {
            "type": "Feature",
            "geometry": {
                "type": "Point",
                "coordinates": [
                    99.214226,
                    17.494926
                ]
            },
            "properties": {
                "station_name": "หน่วยพิทักษ์อุทยานแห่งชาติที่ 1 (น้ำดิบต้นกอก)",
                "rain_24h": 34,
                "province": "ลำปาง",
                "datetime": "2026-06-05 08:00"
            }
        },
        {
            "type": "Feature",
            "geometry": {
                "type": "Point",
                "coordinates": [
                    100.28783,
                    18.8938
                ]
            },
            "properties": {
                "station_name": "ทต.เชียงม่วน",
                "rain_24h": 33.8,
                "province": "พะเยา",
                "datetime": "2026-06-05 08:00"
            }
        },
        {
            "type": "Feature",
            "geometry": {
                "type": "Point",
                "coordinates": [
                    99.22465,
                    18.883398
                ]
            },
            "properties": {
                "station_name": "หน่วยงานวิจัยการจัดการลุ่มน้ำศูนย์ศึกษาการพัฒนาห้วยฮ่องไคร้ อันเนื่องมาจากพระราชดำริ",
                "rain_24h": 33.4,
                "province": "เชียงใหม่",
                "datetime": "2026-06-05 08:00"
            }
        },
        {
            "type": "Feature",
            "geometry": {
                "type": "Point",
                "coordinates": [
                    102.26172,
                    16.300049
                ]
            },
            "properties": {
                "station_name": "โรงเรียนบ้านฉนวน",
                "rain_24h": 33.2,
                "province": "ชัยภูมิ",
                "datetime": "2026-06-05 08:00"
            }
        },
        {
            "type": "Feature",
            "geometry": {
                "type": "Point",
                "coordinates": [
                    100.00196,
                    7.088325
                ]
            },
            "properties": {
                "station_name": "มัสยิดกาวมินมูฮายีริน",
                "rain_24h": 33.2,
                "province": "สตูล",
                "datetime": "2026-06-05 08:00"
            }
        },
        {
            "type": "Feature",
            "geometry": {
                "type": "Point",
                "coordinates": [
                    100.31351,
                    18.23289
                ]
            },
            "properties": {
                "station_name": "อ่างเก็บน้ำห้วยขึมโยธินอุทกพัฒนา",
                "rain_24h": 33,
                "province": "แพร่",
                "datetime": "2026-06-05 08:00"
            }
        },
        {
            "type": "Feature",
            "geometry": {
                "type": "Point",
                "coordinates": [
                    98.64639,
                    9.751775
                ]
            },
            "properties": {
                "station_name": "ศูนย์ศึกษาการพัฒนาการอนุรักษ์ต้นน้ำลุ่มน้ำภาตใต้ฝั่งตะวันออกตอนบน",
                "rain_24h": 32.6,
                "province": "ชุมพร",
                "datetime": "2026-06-05 08:00"
            }
        },
        {
            "type": "Feature",
            "geometry": {
                "type": "Point",
                "coordinates": [
                    101.8166,
                    14.07421
                ]
            },
            "properties": {
                "station_name": "เขตอุตสาหกรรมกบินทร์บุรี",
                "rain_24h": 32.4,
                "province": "ปราจีนบุรี",
                "datetime": "2026-06-05 08:00"
            }
        },
        {
            "type": "Feature",
            "geometry": {
                "type": "Point",
                "coordinates": [
                    104.18287,
                    16.900225
                ]
            },
            "properties": {
                "station_name": "โรงเรียนบ้านกวนบุ่น",
                "rain_24h": 32.4,
                "province": "สกลนคร",
                "datetime": "2026-06-05 08:00"
            }
        },
        {
            "type": "Feature",
            "geometry": {
                "type": "Point",
                "coordinates": [
                    104.90764,
                    14.732598
                ]
            },
            "properties": {
                "station_name": "อบต.โคกชำแระ",
                "rain_24h": 32.2,
                "province": "อุบลราชธานี",
                "datetime": "2026-06-05 08:00"
            }
        },
        {
            "type": "Feature",
            "geometry": {
                "type": "Point",
                "coordinates": [
                    102.08153,
                    12.913075
                ]
            },
            "properties": {
                "station_name": "ทต.ตะเคียนทอง",
                "rain_24h": 32,
                "province": "จันทบุรี",
                "datetime": "2026-06-05 08:00"
            }
        },
        {
            "type": "Feature",
            "geometry": {
                "type": "Point",
                "coordinates": [
                    100.07453,
                    19.449446
                ]
            },
            "properties": {
                "station_name": "ที่ทำการเขตห้ามล่าสัตว์ป่าทับพญาลอ",
                "rain_24h": 32,
                "province": "พะเยา",
                "datetime": "2026-06-05 08:00"
            }
        },
        {
            "type": "Feature",
            "geometry": {
                "type": "Point",
                "coordinates": [
                    101.89133,
                    14.26568
                ]
            },
            "properties": {
                "station_name": "สะพานคลองลำพญาธาร",
                "rain_24h": 31.6,
                "province": "ปราจีนบุรี",
                "datetime": "2026-06-05 08:00"
            }
        },
        {
            "type": "Feature",
            "geometry": {
                "type": "Point",
                "coordinates": [
                    100.53885,
                    19.383726
                ]
            },
            "properties": {
                "station_name": "ที่ทำการอุทยานแห่งชาติถ้ำสะเกิน",
                "rain_24h": 31.6,
                "province": "น่าน",
                "datetime": "2026-06-05 08:00"
            }
        },
        {
            "type": "Feature",
            "geometry": {
                "type": "Point",
                "coordinates": [
                    101.69395,
                    6.098427
                ]
            },
            "properties": {
                "station_name": "ที่ว่าการอำเภอจะแนะ",
                "rain_24h": 31.4,
                "province": "นราธิวาส",
                "datetime": "2026-06-05 08:00"
            }
        },
        {
            "type": "Feature",
            "geometry": {
                "type": "Point",
                "coordinates": [
                    102.11407,
                    12.613584
                ]
            },
            "properties": {
                "station_name": "เมืองจันทบุรี",
                "rain_24h": 31.4,
                "province": "จันทบุรี",
                "datetime": "2026-06-05 08:00"
            }
        },
        {
            "type": "Feature",
            "geometry": {
                "type": "Point",
                "coordinates": [
                    98.52561,
                    9.227045
                ]
            },
            "properties": {
                "station_name": "หน่วยพิทักษ์ป่าเขาชาลี",
                "rain_24h": 30.6,
                "province": "สุราษฎร์ธานี",
                "datetime": "2026-06-05 08:00"
            }
        },
        {
            "type": "Feature",
            "geometry": {
                "type": "Point",
                "coordinates": [
                    100.76203,
                    14.556665
                ]
            },
            "properties": {
                "station_name": "ท้ายปตร.พระนารายน์",
                "rain_24h": 30.2,
                "province": "พระนครศรีอยุธยา",
                "datetime": "2026-06-05 08:00"
            }
        },
        {
            "type": "Feature",
            "geometry": {
                "type": "Point",
                "coordinates": [
                    101.635315,
                    17.317429
                ]
            },
            "properties": {
                "station_name": "อบต.เขาหลวง",
                "rain_24h": 30,
                "province": "เลย",
                "datetime": "2026-06-05 08:00"
            }
        },
        {
            "type": "Feature",
            "geometry": {
                "type": "Point",
                "coordinates": [
                    99.83016,
                    18.82737
                ]
            },
            "properties": {
                "station_name": "หน่วยศึกษาการพัฒนาการอนุรักษ์ต้นน้ำห้วยโล่ง",
                "rain_24h": 30,
                "province": "ลำปาง",
                "datetime": "2026-06-05 08:00"
            }
        },
        {
            "type": "Feature",
            "geometry": {
                "type": "Point",
                "coordinates": [
                    99.94229,
                    18.036455
                ]
            },
            "properties": {
                "station_name": "หน่วยพิทักษ์อุทยานฯ ที่ ผก.๒ (ถ้ำเอราวัณ-แก่งหลวง)",
                "rain_24h": 30,
                "province": "แพร่",
                "datetime": "2026-06-05 08:00"
            }
        },
        {
            "type": "Feature",
            "geometry": {
                "type": "Point",
                "coordinates": [
                    102.42061,
                    16.638718
                ]
            },
            "properties": {
                "station_name": "อบต.หนองกุงธนสาร",
                "rain_24h": 29.6,
                "province": "ขอนแก่น",
                "datetime": "2026-06-05 08:00"
            }
        },
        {
            "type": "Feature",
            "geometry": {
                "type": "Point",
                "coordinates": [
                    102.630066,
                    12.444686
                ]
            },
            "properties": {
                "station_name": "อบต.ด่านชุมพล",
                "rain_24h": 29.4,
                "province": "ตราด",
                "datetime": "2026-06-05 08:00"
            }
        },
        {
            "type": "Feature",
            "geometry": {
                "type": "Point",
                "coordinates": [
                    102.33818,
                    17.261892
                ]
            },
            "properties": {
                "station_name": "อบต.นาคำไฮ",
                "rain_24h": 29.4,
                "province": "หนองบัวลำภู",
                "datetime": "2026-06-05 08:00"
            }
        },
        {
            "type": "Feature",
            "geometry": {
                "type": "Point",
                "coordinates": [
                    98.33837,
                    7.890645
                ]
            },
            "properties": {
                "station_name": "เขื่อนบางวาด",
                "rain_24h": 29.2,
                "province": "ภูเก็ต",
                "datetime": "2026-06-05 08:00"
            }
        },
        {
            "type": "Feature",
            "geometry": {
                "type": "Point",
                "coordinates": [
                    99.95933,
                    16.92732
                ]
            },
            "properties": {
                "station_name": "กงไกรลาศ",
                "rain_24h": 29.2,
                "province": "สุโขทัย",
                "datetime": "2026-06-05 08:00"
            }
        },
        {
            "type": "Feature",
            "geometry": {
                "type": "Point",
                "coordinates": [
                    102.110344,
                    13.246144
                ]
            },
            "properties": {
                "station_name": "หน่วยพิทักษ์ป่าคลองพอก",
                "rain_24h": 28.8,
                "province": "จันทบุรี",
                "datetime": "2026-06-05 08:00"
            }
        },
        {
            "type": "Feature",
            "geometry": {
                "type": "Point",
                "coordinates": [
                    100.151665,
                    18.46601
                ]
            },
            "properties": {
                "station_name": "สะพานหนองจันทร์",
                "rain_24h": 28.8,
                "province": "แพร่",
                "datetime": "2026-06-05 08:00"
            }
        },
        {
            "type": "Feature",
            "geometry": {
                "type": "Point",
                "coordinates": [
                    102.62481,
                    17.041023
                ]
            },
            "properties": {
                "station_name": "โรงเรียนหนองแวงจุมพล",
                "rain_24h": 28.6,
                "province": "อุดรธานี",
                "datetime": "2026-06-05 08:00"
            }
        },
        {
            "type": "Feature",
            "geometry": {
                "type": "Point",
                "coordinates": [
                    98.5291,
                    19.6323
                ]
            },
            "properties": {
                "station_name": "หน่วยจัดการต้นน้ำแม่หาด",
                "rain_24h": 28.6,
                "province": "เชียงใหม่",
                "datetime": "2026-06-05 08:00"
            }
        },
        {
            "type": "Feature",
            "geometry": {
                "type": "Point",
                "coordinates": [
                    100.21077,
                    18.184513
                ]
            },
            "properties": {
                "station_name": "วนอุทยานแพะเมืองผี",
                "rain_24h": 28.6,
                "province": "แพร่",
                "datetime": "2026-06-05 08:00"
            }
        },
        {
            "type": "Feature",
            "geometry": {
                "type": "Point",
                "coordinates": [
                    98.27111,
                    19.00122
                ]
            },
            "properties": {
                "station_name": "ชุมชนบ้านแม่ละอุป",
                "rain_24h": 28.4,
                "province": "เชียงใหม่",
                "datetime": "2026-06-05 08:00"
            }
        },
        {
            "type": "Feature",
            "geometry": {
                "type": "Point",
                "coordinates": [
                    99.12811,
                    18.9926
                ]
            },
            "properties": {
                "station_name": "ป่าสักงาม",
                "rain_24h": 28.4,
                "province": "เชียงใหม่",
                "datetime": "2026-06-05 08:00"
            }
        },
        {
            "type": "Feature",
            "geometry": {
                "type": "Point",
                "coordinates": [
                    100.947,
                    17.6966
                ]
            },
            "properties": {
                "station_name": "ที่ทำการอุทยานแห่งชาติภูสอยดาว",
                "rain_24h": 28.2,
                "province": "พิษณุโลก",
                "datetime": "2026-06-05 08:00"
            }
        },
        {
            "type": "Feature",
            "geometry": {
                "type": "Point",
                "coordinates": [
                    101.56979,
                    6.048779
                ]
            },
            "properties": {
                "station_name": "รร.ตชด.บ้านไอร์บือแต",
                "rain_24h": 28,
                "province": "นราธิวาส",
                "datetime": "2026-06-05 08:00"
            }
        },
        {
            "type": "Feature",
            "geometry": {
                "type": "Point",
                "coordinates": [
                    100.72962,
                    6.916742
                ]
            },
            "properties": {
                "station_name": "จะนะ",
                "rain_24h": 27,
                "province": "สงขลา",
                "datetime": "2026-06-05 08:00"
            }
        },
        {
            "type": "Feature",
            "geometry": {
                "type": "Point",
                "coordinates": [
                    100.93808,
                    18.484377
                ]
            },
            "properties": {
                "station_name": "สะพานน้ำมวบ บ้านน้ำมวบ",
                "rain_24h": 26.8,
                "province": "น่าน",
                "datetime": "2026-06-05 08:00"
            }
        },
        {
            "type": "Feature",
            "geometry": {
                "type": "Point",
                "coordinates": [
                    102.04864,
                    13.003336
                ]
            },
            "properties": {
                "station_name": "สะพานคลองจันทเขลม",
                "rain_24h": 26.6,
                "province": "จันทบุรี",
                "datetime": "2026-06-05 08:00"
            }
        },
        {
            "type": "Feature",
            "geometry": {
                "type": "Point",
                "coordinates": [
                    99.05691,
                    18.83802
                ]
            },
            "properties": {
                "station_name": "ทต.สันนาเม็ง",
                "rain_24h": 26.6,
                "province": "เชียงใหม่",
                "datetime": "2026-06-05 08:00"
            }
        },
        {
            "type": "Feature",
            "geometry": {
                "type": "Point",
                "coordinates": [
                    100.36977,
                    16.60887
                ]
            },
            "properties": {
                "station_name": "สะพานนครป่าหมากร่วมใจ",
                "rain_24h": 26.6,
                "province": "พิษณุโลก",
                "datetime": "2026-06-05 08:00"
            }
        },
        {
            "type": "Feature",
            "geometry": {
                "type": "Point",
                "coordinates": [
                    98.257286,
                    8.596747
                ]
            },
            "properties": {
                "station_name": "ทต.ลำแก่น",
                "rain_24h": 26.4,
                "province": "พังงา",
                "datetime": "2026-06-05 08:00"
            }
        },
        {
            "type": "Feature",
            "geometry": {
                "type": "Point",
                "coordinates": [
                    99.871635,
                    6.941125
                ]
            },
            "properties": {
                "station_name": "มะนัง",
                "rain_24h": 26.4,
                "province": "สตูล",
                "datetime": "2026-06-05 08:00"
            }
        },
        {
            "type": "Feature",
            "geometry": {
                "type": "Point",
                "coordinates": [
                    105.01796,
                    14.710299
                ]
            },
            "properties": {
                "station_name": "อบต.แก้ง",
                "rain_24h": 26,
                "province": "อุบลราชธานี",
                "datetime": "2026-06-05 08:00"
            }
        },
        {
            "type": "Feature",
            "geometry": {
                "type": "Point",
                "coordinates": [
                    102.64169,
                    12.344451
                ]
            },
            "properties": {
                "station_name": "รพ.สต.บ้านคลองขวาง",
                "rain_24h": 25.8,
                "province": "ตราด",
                "datetime": "2026-06-05 08:00"
            }
        },
        {
            "type": "Feature",
            "geometry": {
                "type": "Point",
                "coordinates": [
                    98.07418,
                    17.483812
                ]
            },
            "properties": {
                "station_name": "อุทยานแห่งชาติแม่เมย",
                "rain_24h": 25.6,
                "province": "ตาก",
                "datetime": "2026-06-05 08:00"
            }
        },
        {
            "type": "Feature",
            "geometry": {
                "type": "Point",
                "coordinates": [
                    101.17017,
                    16.44786
                ]
            },
            "properties": {
                "station_name": "เมืองเพชรบูรณ์",
                "rain_24h": 25.6,
                "province": "เพชรบูรณ์",
                "datetime": "2026-06-05 08:00"
            }
        },
        {
            "type": "Feature",
            "geometry": {
                "type": "Point",
                "coordinates": [
                    101.86532,
                    14.374774
                ]
            },
            "properties": {
                "station_name": "อบต.วังน้ำเขียว",
                "rain_24h": 25.6,
                "province": "นครราชสีมา",
                "datetime": "2026-06-05 08:00"
            }
        },
        {
            "type": "Feature",
            "geometry": {
                "type": "Point",
                "coordinates": [
                    99.93087,
                    7.022347
                ]
            },
            "properties": {
                "station_name": "รร.ผังปาล์ม 4",
                "rain_24h": 25.4,
                "province": "สตูล",
                "datetime": "2026-06-05 08:00"
            }
        },
        {
            "type": "Feature",
            "geometry": {
                "type": "Point",
                "coordinates": [
                    99.980194,
                    7.382405
                ]
            },
            "properties": {
                "station_name": "อบต.คลองเฉลิม",
                "rain_24h": 25.2,
                "province": "พัทลุง",
                "datetime": "2026-06-05 08:00"
            }
        },
        {
            "type": "Feature",
            "geometry": {
                "type": "Point",
                "coordinates": [
                    100.32081,
                    15.055055
                ]
            },
            "properties": {
                "station_name": "สถานีสูบน้ำคลองระบายชัยนาท-ป่าสัก 2 (ทุ่งเชียงราก)",
                "rain_24h": 24.8,
                "province": "สิงห์บุรี",
                "datetime": "2026-06-05 08:00"
            }
        },
        {
            "type": "Feature",
            "geometry": {
                "type": "Point",
                "coordinates": [
                    103.969406,
                    17.59485
                ]
            },
            "properties": {
                "station_name": "สะพานลำน้ำยาม",
                "rain_24h": 24.6,
                "province": "สกลนคร",
                "datetime": "2026-06-05 08:00"
            }
        },
        {
            "type": "Feature",
            "geometry": {
                "type": "Point",
                "coordinates": [
                    100.43159,
                    16.8222
                ]
            },
            "properties": {
                "station_name": "วังทอง",
                "rain_24h": 24.6,
                "province": "พิษณุโลก",
                "datetime": "2026-06-05 08:00"
            }
        },
        {
            "type": "Feature",
            "geometry": {
                "type": "Point",
                "coordinates": [
                    100.04149,
                    18.6275
                ]
            },
            "properties": {
                "station_name": "น้ำแม่งาว",
                "rain_24h": 24.6,
                "province": "ลำปาง",
                "datetime": "2026-06-05 08:00"
            }
        },
        {
            "type": "Feature",
            "geometry": {
                "type": "Point",
                "coordinates": [
                    102.51817,
                    17.22575
                ]
            },
            "properties": {
                "station_name": "อ่างเก็บน้ำห้วยยางเงาะ",
                "rain_24h": 24.6,
                "province": "หนองบัวลำภู",
                "datetime": "2026-06-05 08:00"
            }
        },
        {
            "type": "Feature",
            "geometry": {
                "type": "Point",
                "coordinates": [
                    98.63018,
                    8.503264
                ]
            },
            "properties": {
                "station_name": "อบต.ทับปุด",
                "rain_24h": 24.6,
                "province": "พังงา",
                "datetime": "2026-06-05 08:00"
            }
        },
        {
            "type": "Feature",
            "geometry": {
                "type": "Point",
                "coordinates": [
                    99.29937,
                    8.655856
                ]
            },
            "properties": {
                "station_name": "รพ.สต.เวียงสระ",
                "rain_24h": 24.4,
                "province": "สุราษฎร์ธานี",
                "datetime": "2026-06-05 08:00"
            }
        },
        {
            "type": "Feature",
            "geometry": {
                "type": "Point",
                "coordinates": [
                    98.04208,
                    19.772844
                ]
            },
            "properties": {
                "station_name": "โครงการพัฒนาราษฎรชาวไทยภูเขา ฯ บ้านปางคอง",
                "rain_24h": 24.2,
                "province": "แม่ฮ่องสอน",
                "datetime": "2026-06-05 08:00"
            }
        },
        {
            "type": "Feature",
            "geometry": {
                "type": "Point",
                "coordinates": [
                    102.744,
                    12.4193
                ]
            },
            "properties": {
                "station_name": "หน่วยพิทักษ์อุทยานแห่งชาติที่ คก. ๓ (เขาพลู)",
                "rain_24h": 24.2,
                "province": "ตราด",
                "datetime": "2026-06-05 08:00"
            }
        },
        {
            "type": "Feature",
            "geometry": {
                "type": "Point",
                "coordinates": [
                    102.352,
                    12.103383
                ]
            },
            "properties": {
                "station_name": "ทต.เกาะช้าง",
                "rain_24h": 24.2,
                "province": "ตราด",
                "datetime": "2026-06-05 08:00"
            }
        },
        {
            "type": "Feature",
            "geometry": {
                "type": "Point",
                "coordinates": [
                    100.397285,
                    17.175127
                ]
            },
            "properties": {
                "station_name": "ที่ทำการอุทยานแห่งชาติแก่งเจ็ดแคว",
                "rain_24h": 24.2,
                "province": "พิษณุโลก",
                "datetime": "2026-06-05 08:00"
            }
        },
        {
            "type": "Feature",
            "geometry": {
                "type": "Point",
                "coordinates": [
                    99.085556,
                    19.602877
                ]
            },
            "properties": {
                "station_name": "หน่วยจัดการต้นน้ำห้วยจะค่าน",
                "rain_24h": 24,
                "province": "เชียงใหม่",
                "datetime": "2026-06-05 08:00"
            }
        },
        {
            "type": "Feature",
            "geometry": {
                "type": "Point",
                "coordinates": [
                    98.93266,
                    18.29082
                ]
            },
            "properties": {
                "station_name": "อ่างเก็บน้ำแม่อาวใหญ่ตอนบน",
                "rain_24h": 23.8,
                "province": "ลำพูน",
                "datetime": "2026-06-05 08:00"
            }
        },
        {
            "type": "Feature",
            "geometry": {
                "type": "Point",
                "coordinates": [
                    104.04476,
                    16.797806
                ]
            },
            "properties": {
                "station_name": "อบต.นาคู",
                "rain_24h": 23.8,
                "province": "กาฬสินธุ์",
                "datetime": "2026-06-05 08:00"
            }
        },
        {
            "type": "Feature",
            "geometry": {
                "type": "Point",
                "coordinates": [
                    104.01503,
                    17.777582
                ]
            },
            "properties": {
                "station_name": "สะพานนาทม",
                "rain_24h": 23.8,
                "province": "สกลนคร",
                "datetime": "2026-06-05 08:00"
            }
        },
        {
            "type": "Feature",
            "geometry": {
                "type": "Point",
                "coordinates": [
                    98.595184,
                    9.946563
                ]
            },
            "properties": {
                "station_name": "ทต.ปากน้ำ",
                "rain_24h": 23.6,
                "province": "ระนอง",
                "datetime": "2026-06-05 08:00"
            }
        },
        {
            "type": "Feature",
            "geometry": {
                "type": "Point",
                "coordinates": [
                    101.90554,
                    14.207861
                ]
            },
            "properties": {
                "station_name": "อบต.บุพราหมณ์",
                "rain_24h": 23.6,
                "province": "ปราจีนบุรี",
                "datetime": "2026-06-05 08:00"
            }
        },
        {
            "type": "Feature",
            "geometry": {
                "type": "Point",
                "coordinates": [
                    98.33399,
                    7.969094
                ]
            },
            "properties": {
                "station_name": "อ่างเก็บน้ำบางเหนียวดำ",
                "rain_24h": 23.4,
                "province": "ภูเก็ต",
                "datetime": "2026-06-05 08:00"
            }
        },
        {
            "type": "Feature",
            "geometry": {
                "type": "Point",
                "coordinates": [
                    98.66203,
                    18.507551
                ]
            },
            "properties": {
                "station_name": "สะพานน้ำแม่กลาง",
                "rain_24h": 23.4,
                "province": "เชียงใหม่",
                "datetime": "2026-06-05 08:00"
            }
        },
        {
            "type": "Feature",
            "geometry": {
                "type": "Point",
                "coordinates": [
                    100.16902,
                    6.70904
                ]
            },
            "properties": {
                "station_name": "ที่ทำการอุทยานแห่งชาติทะเลบัน",
                "rain_24h": 23.4,
                "province": "สตูล",
                "datetime": "2026-06-05 08:00"
            }
        },
        {
            "type": "Feature",
            "geometry": {
                "type": "Point",
                "coordinates": [
                    100.03135,
                    17.97108
                ]
            },
            "properties": {
                "station_name": "อ่างเก็บน้ำห้วยกูด",
                "rain_24h": 23.4,
                "province": "แพร่",
                "datetime": "2026-06-05 08:00"
            }
        },
        {
            "type": "Feature",
            "geometry": {
                "type": "Point",
                "coordinates": [
                    98.922516,
                    19.405449
                ]
            },
            "properties": {
                "station_name": "ที่ทำการเขตรักษาพันธุ์สัตว์ป่าเชียงดาว",
                "rain_24h": 23,
                "province": "เชียงใหม่",
                "datetime": "2026-06-05 08:00"
            }
        },
        {
            "type": "Feature",
            "geometry": {
                "type": "Point",
                "coordinates": [
                    100.7262,
                    17.6152
                ]
            },
            "properties": {
                "station_name": "หน่วยพิทักษ์อุทยานแห่งชาติที่ สญ.1 (ต้นขนุน)",
                "rain_24h": 23,
                "province": "อุตรดิตถ์",
                "datetime": "2026-06-05 08:00"
            }
        },
        {
            "type": "Feature",
            "geometry": {
                "type": "Point",
                "coordinates": [
                    100.30102,
                    19.52467
                ]
            },
            "properties": {
                "station_name": "ทต.หย่วน",
                "rain_24h": 22.8,
                "province": "พะเยา",
                "datetime": "2026-06-05 08:00"
            }
        },
        {
            "type": "Feature",
            "geometry": {
                "type": "Point",
                "coordinates": [
                    100.94644,
                    19.148926
                ]
            },
            "properties": {
                "station_name": "ลำน้ำกูน",
                "rain_24h": 22.6,
                "province": "น่าน",
                "datetime": "2026-06-05 08:00"
            }
        },
        {
            "type": "Feature",
            "geometry": {
                "type": "Point",
                "coordinates": [
                    102.20163,
                    16.896744
                ]
            },
            "properties": {
                "station_name": "อบต.นากอก",
                "rain_24h": 22.6,
                "province": "หนองบัวลำภู",
                "datetime": "2026-06-05 08:00"
            }
        },
        {
            "type": "Feature",
            "geometry": {
                "type": "Point",
                "coordinates": [
                    98.65094,
                    18.46006
                ]
            },
            "properties": {
                "station_name": "แม่หาด",
                "rain_24h": 22.4,
                "province": "เชียงใหม่",
                "datetime": "2026-06-05 08:00"
            }
        },
        {
            "type": "Feature",
            "geometry": {
                "type": "Point",
                "coordinates": [
                    99.14635,
                    14.11265
                ]
            },
            "properties": {
                "station_name": "ไทรโยค",
                "rain_24h": 22.4,
                "province": "กาญจนบุรี",
                "datetime": "2026-06-05 08:00"
            }
        },
        {
            "type": "Feature",
            "geometry": {
                "type": "Point",
                "coordinates": [
                    99.5379,
                    19.65265
                ]
            },
            "properties": {
                "station_name": "แม่สรวย",
                "rain_24h": 22.2,
                "province": "เชียงราย",
                "datetime": "2026-06-05 08:00"
            }
        },
        {
            "type": "Feature",
            "geometry": {
                "type": "Point",
                "coordinates": [
                    101.95606,
                    12.722433
                ]
            },
            "properties": {
                "station_name": "นายายอาม",
                "rain_24h": 22.2,
                "province": "จันทบุรี",
                "datetime": "2026-06-05 08:00"
            }
        },
        {
            "type": "Feature",
            "geometry": {
                "type": "Point",
                "coordinates": [
                    104.56864,
                    15.105226
                ]
            },
            "properties": {
                "station_name": "ทต.กันทรารมย์",
                "rain_24h": 22,
                "province": "ศรีสะเกษ",
                "datetime": "2026-06-05 08:00"
            }
        },
        {
            "type": "Feature",
            "geometry": {
                "type": "Point",
                "coordinates": [
                    98.52832,
                    8.477331
                ]
            },
            "properties": {
                "station_name": "เมืองพังงา",
                "rain_24h": 21.6,
                "province": "พังงา",
                "datetime": "2026-06-05 08:00"
            }
        },
        {
            "type": "Feature",
            "geometry": {
                "type": "Point",
                "coordinates": [
                    99.57828,
                    7.555893
                ]
            },
            "properties": {
                "station_name": "เมืองตรัง",
                "rain_24h": 21.6,
                "province": "ตรัง",
                "datetime": "2026-06-05 08:00"
            }
        },
        {
            "type": "Feature",
            "geometry": {
                "type": "Point",
                "coordinates": [
                    102.608,
                    12.5973
                ]
            },
            "properties": {
                "station_name": "หน่วยจัดการต้นน้ำคลองสะตอ",
                "rain_24h": 21.6,
                "province": "ตราด",
                "datetime": "2026-06-05 08:00"
            }
        },
        {
            "type": "Feature",
            "geometry": {
                "type": "Point",
                "coordinates": [
                    100.06262,
                    6.726685
                ]
            },
            "properties": {
                "station_name": "เมืองสตูล",
                "rain_24h": 21.4,
                "province": "สตูล",
                "datetime": "2026-06-05 08:00"
            }
        },
        {
            "type": "Feature",
            "geometry": {
                "type": "Point",
                "coordinates": [
                    100.0268,
                    6.964263
                ]
            },
            "properties": {
                "station_name": "มูศ๊อลลา(มัสยิด)ชูฮาดา",
                "rain_24h": 21.4,
                "province": "สตูล",
                "datetime": "2026-06-05 08:00"
            }
        },
        {
            "type": "Feature",
            "geometry": {
                "type": "Point",
                "coordinates": [
                    99.44909,
                    7.618547
                ]
            },
            "properties": {
                "station_name": "รร.บ้านหนองคล้า",
                "rain_24h": 21.2,
                "province": "ตรัง",
                "datetime": "2026-06-05 08:00"
            }
        },
        {
            "type": "Feature",
            "geometry": {
                "type": "Point",
                "coordinates": [
                    102.77911,
                    11.927444
                ]
            },
            "properties": {
                "station_name": "อบต.ไม้รูด",
                "rain_24h": 21.2,
                "province": "ตราด",
                "datetime": "2026-06-05 08:00"
            }
        },
        {
            "type": "Feature",
            "geometry": {
                "type": "Point",
                "coordinates": [
                    104.07315,
                    16.43071
                ]
            },
            "properties": {
                "station_name": "ชุมชนจุมจัง",
                "rain_24h": 21,
                "province": "กาฬสินธุ์",
                "datetime": "2026-06-05 08:00"
            }
        },
        {
            "type": "Feature",
            "geometry": {
                "type": "Point",
                "coordinates": [
                    98.86222,
                    18.57391
                ]
            },
            "properties": {
                "station_name": "สะพานโยธาอำนวยพัฒนา",
                "rain_24h": 21,
                "province": "เชียงใหม่",
                "datetime": "2026-06-05 08:00"
            }
        },
        {
            "type": "Feature",
            "geometry": {
                "type": "Point",
                "coordinates": [
                    98.91487,
                    8.240472
                ]
            },
            "properties": {
                "station_name": "ที่ทำการอุทยานแห่งชาติ.เขาพนมเบญจา",
                "rain_24h": 21,
                "province": "กระบี่",
                "datetime": "2026-06-05 08:00"
            }
        },
        {
            "type": "Feature",
            "geometry": {
                "type": "Point",
                "coordinates": [
                    100.08656,
                    19.046598
                ]
            },
            "properties": {
                "station_name": "หน่วยพิทักษ์อุทยานแห่งชาติดอยภูนาง ภน.5 (ห้วยฮุง) ",
                "rain_24h": 21,
                "province": "พะเยา",
                "datetime": "2026-06-05 08:00"
            }
        },
        {
            "type": "Feature",
            "geometry": {
                "type": "Point",
                "coordinates": [
                    98.77532,
                    19.111794
                ]
            },
            "properties": {
                "station_name": "หน่วยพิทักษ์อุทยานแห่งชาติที่ ทป.5 (น้ำตกหมอกฟ้า)",
                "rain_24h": 20.8,
                "province": "เชียงใหม่",
                "datetime": "2026-06-05 08:00"
            }
        },
        {
            "type": "Feature",
            "geometry": {
                "type": "Point",
                "coordinates": [
                    100.67011,
                    14.344748
                ]
            },
            "properties": {
                "station_name": "คลองช่องสะเดา",
                "rain_24h": 20.8,
                "province": "พระนครศรีอยุธยา",
                "datetime": "2026-06-05 08:00"
            }
        },
        {
            "type": "Feature",
            "geometry": {
                "type": "Point",
                "coordinates": [
                    99.24979,
                    8.414516
                ]
            },
            "properties": {
                "station_name": "ทุ่งใหญ่",
                "rain_24h": 20.8,
                "province": "นครศรีธรรมราช",
                "datetime": "2026-06-05 08:00"
            }
        },
        {
            "type": "Feature",
            "geometry": {
                "type": "Point",
                "coordinates": [
                    100.42356,
                    14.9972
                ]
            },
            "properties": {
                "station_name": "อบต.โพธิ์ชัย",
                "rain_24h": 20.8,
                "province": "สิงห์บุรี",
                "datetime": "2026-06-05 08:00"
            }
        },
        {
            "type": "Feature",
            "geometry": {
                "type": "Point",
                "coordinates": [
                    100.44239,
                    6.79667
                ]
            },
            "properties": {
                "station_name": "สะเดา",
                "rain_24h": 20.6,
                "province": "สงขลา",
                "datetime": "2026-06-05 08:00"
            }
        },
        {
            "type": "Feature",
            "geometry": {
                "type": "Point",
                "coordinates": [
                    99.737564,
                    7.527126
                ]
            },
            "properties": {
                "station_name": "รร.วัดควนสีนวล",
                "rain_24h": 20.4,
                "province": "ตรัง",
                "datetime": "2026-06-05 08:00"
            }
        },
        {
            "type": "Feature",
            "geometry": {
                "type": "Point",
                "coordinates": [
                    101.72372,
                    6.29459
                ]
            },
            "properties": {
                "station_name": "ทต.ตันหยงมัส",
                "rain_24h": 20.4,
                "province": "นราธิวาส",
                "datetime": "2026-06-05 08:00"
            }
        },
        {
            "type": "Feature",
            "geometry": {
                "type": "Point",
                "coordinates": [
                    102.232635,
                    12.742639
                ]
            },
            "properties": {
                "station_name": "ทต.ปัถวี",
                "rain_24h": 20.4,
                "province": "จันทบุรี",
                "datetime": "2026-06-05 08:00"
            }
        },
        {
            "type": "Feature",
            "geometry": {
                "type": "Point",
                "coordinates": [
                    101.128784,
                    14.277979
                ]
            },
            "properties": {
                "station_name": "อบต.ศรีกะอาง",
                "rain_24h": 20.2,
                "province": "นครนายก",
                "datetime": "2026-06-05 08:00"
            }
        },
        {
            "type": "Feature",
            "geometry": {
                "type": "Point",
                "coordinates": [
                    98.35863,
                    17.264994
                ]
            },
            "properties": {
                "station_name": "หน่วยจัดการต้นน้ำดอยเปเปอร์",
                "rain_24h": 20.2,
                "province": "ตาก",
                "datetime": "2026-06-05 08:00"
            }
        },
        {
            "type": "Feature",
            "geometry": {
                "type": "Point",
                "coordinates": [
                    100.96423,
                    18.9116
                ]
            },
            "properties": {
                "station_name": "อ่างเก็บน้ำน้ำพงษ์",
                "rain_24h": 20.2,
                "province": "น่าน",
                "datetime": "2026-06-05 08:00"
            }
        },
        {
            "type": "Feature",
            "geometry": {
                "type": "Point",
                "coordinates": [
                    101.93204,
                    17.490221
                ]
            },
            "properties": {
                "station_name": "อบต.ท่าสะอาด",
                "rain_24h": 20,
                "province": "เลย",
                "datetime": "2026-06-05 08:00"
            }
        },
        {
            "type": "Feature",
            "geometry": {
                "type": "Point",
                "coordinates": [
                    101.61144,
                    17.860956
                ]
            },
            "properties": {
                "station_name": "สะพานลำน้ำเลย",
                "rain_24h": 19.8,
                "province": "เลย",
                "datetime": "2026-06-05 08:00"
            }
        },
        {
            "type": "Feature",
            "geometry": {
                "type": "Point",
                "coordinates": [
                    100.53501,
                    13.94749
                ]
            },
            "properties": {
                "station_name": "สะพานนวลฉวี",
                "rain_24h": 19.8,
                "province": "นนทบุรี",
                "datetime": "2026-06-05 08:00"
            }
        },
        {
            "type": "Feature",
            "geometry": {
                "type": "Point",
                "coordinates": [
                    100.4781,
                    19.3401
                ]
            },
            "properties": {
                "station_name": "หน่วยศึกษาการพัฒนาการอนุรักษ์ต้นน้ำน้ำงิม",
                "rain_24h": 19.6,
                "province": "พะเยา",
                "datetime": "2026-06-05 08:00"
            }
        },
        {
            "type": "Feature",
            "geometry": {
                "type": "Point",
                "coordinates": [
                    100.50524,
                    18.277527
                ]
            },
            "properties": {
                "station_name": "สถานีวิจัยต้นน้ำขุนสถาน",
                "rain_24h": 19.6,
                "province": "น่าน",
                "datetime": "2026-06-05 08:00"
            }
        },
        {
            "type": "Feature",
            "geometry": {
                "type": "Point",
                "coordinates": [
                    98.86409,
                    8.532812
                ]
            },
            "properties": {
                "station_name": "ทต.ปลายพระยา",
                "rain_24h": 19.6,
                "province": "กระบี่",
                "datetime": "2026-06-05 08:00"
            }
        },
        {
            "type": "Feature",
            "geometry": {
                "type": "Point",
                "coordinates": [
                    100.30109,
                    18.777098
                ]
            },
            "properties": {
                "station_name": "หน่วยพิทักษ์อุทยานแห่งชาติที่ มย.๖ (นาฝาย)",
                "rain_24h": 19.6,
                "province": "แพร่",
                "datetime": "2026-06-05 08:00"
            }
        },
        {
            "type": "Feature",
            "geometry": {
                "type": "Point",
                "coordinates": [
                    98.72973,
                    14.615013
                ]
            },
            "properties": {
                "station_name": "อบต.หินดาด",
                "rain_24h": 19.4,
                "province": "กาญจนบุรี",
                "datetime": "2026-06-05 08:00"
            }
        },
        {
            "type": "Feature",
            "geometry": {
                "type": "Point",
                "coordinates": [
                    102.27328,
                    17.575703
                ]
            },
            "properties": {
                "station_name": "สุวรรณคูหา",
                "rain_24h": 19.4,
                "province": "หนองบัวลำภู",
                "datetime": "2026-06-05 08:00"
            }
        },
        {
            "type": "Feature",
            "geometry": {
                "type": "Point",
                "coordinates": [
                    98.91024,
                    8.509999
                ]
            },
            "properties": {
                "station_name": "หน่วยพิทักษ์ป่าบางพัน",
                "rain_24h": 19.4,
                "province": "กระบี่",
                "datetime": "2026-06-05 08:00"
            }
        },
        {
            "type": "Feature",
            "geometry": {
                "type": "Point",
                "coordinates": [
                    100.71987,
                    14.56014
                ]
            },
            "properties": {
                "station_name": "ท่าเรือ",
                "rain_24h": 19.4,
                "province": "พระนครศรีอยุธยา",
                "datetime": "2026-06-05 08:00"
            }
        },
        {
            "type": "Feature",
            "geometry": {
                "type": "Point",
                "coordinates": [
                    100.53669,
                    18.273388
                ]
            },
            "properties": {
                "station_name": "หน่วยจัดการต้นน้ำขุนสถาน",
                "rain_24h": 19.4,
                "province": "น่าน",
                "datetime": "2026-06-05 08:00"
            }
        },
        {
            "type": "Feature",
            "geometry": {
                "type": "Point",
                "coordinates": [
                    98.57948,
                    9.536943
                ]
            },
            "properties": {
                "station_name": "อบต.บางหิน",
                "rain_24h": 19.4,
                "province": "ระนอง",
                "datetime": "2026-06-05 08:00"
            }
        },
        {
            "type": "Feature",
            "geometry": {
                "type": "Point",
                "coordinates": [
                    104.11901,
                    17.166689
                ]
            },
            "properties": {
                "station_name": "สะพานข้ามคลองโมง",
                "rain_24h": 19.2,
                "province": "สกลนคร",
                "datetime": "2026-06-05 08:00"
            }
        },
        {
            "type": "Feature",
            "geometry": {
                "type": "Point",
                "coordinates": [
                    100.693245,
                    6.738093
                ]
            },
            "properties": {
                "station_name": "นาทวี",
                "rain_24h": 19.2,
                "province": "สงขลา",
                "datetime": "2026-06-05 08:00"
            }
        },
        {
            "type": "Feature",
            "geometry": {
                "type": "Point",
                "coordinates": [
                    104.10176,
                    17.208946
                ]
            },
            "properties": {
                "station_name": "สะพานข้ามห้วยสมอ",
                "rain_24h": 19.2,
                "province": "สกลนคร",
                "datetime": "2026-06-05 08:00"
            }
        },
        {
            "type": "Feature",
            "geometry": {
                "type": "Point",
                "coordinates": [
                    102.24149,
                    15.486793
                ]
            },
            "properties": {
                "station_name": "โรงเรียนบ้านโนนเต็ง",
                "rain_24h": 19,
                "province": "นครราชสีมา",
                "datetime": "2026-06-05 08:00"
            }
        },
        {
            "type": "Feature",
            "geometry": {
                "type": "Point",
                "coordinates": [
                    101.27481,
                    14.245718
                ]
            },
            "properties": {
                "station_name": "สะพานเขานางบวช",
                "rain_24h": 18.8,
                "province": "นครนายก",
                "datetime": "2026-06-05 08:00"
            }
        },
        {
            "type": "Feature",
            "geometry": {
                "type": "Point",
                "coordinates": [
                    100.22102,
                    18.41699
                ]
            },
            "properties": {
                "station_name": "อ่างเก็บน้ำห้วยฮ่อม",
                "rain_24h": 18.8,
                "province": "แพร่",
                "datetime": "2026-06-05 08:00"
            }
        },
        {
            "type": "Feature",
            "geometry": {
                "type": "Point",
                "coordinates": [
                    100.1395,
                    19.35007
                ]
            },
            "properties": {
                "station_name": "ทต.ห้วยข้าวก่ำ",
                "rain_24h": 18.8,
                "province": "พะเยา",
                "datetime": "2026-06-05 08:00"
            }
        },
        {
            "type": "Feature",
            "geometry": {
                "type": "Point",
                "coordinates": [
                    98.6394,
                    17.12535
                ]
            },
            "properties": {
                "station_name": "สะพานแม่ตื่น",
                "rain_24h": 18.6,
                "province": "ตาก",
                "datetime": "2026-06-05 08:00"
            }
        },
        {
            "type": "Feature",
            "geometry": {
                "type": "Point",
                "coordinates": [
                    100.60565,
                    14.357343
                ]
            },
            "properties": {
                "station_name": "ปตร.กลางคลองข้าวเม่า (วัดกระสังข์)",
                "rain_24h": 18.6,
                "province": "พระนครศรีอยุธยา",
                "datetime": "2026-06-05 08:00"
            }
        },
        {
            "type": "Feature",
            "geometry": {
                "type": "Point",
                "coordinates": [
                    98.826904,
                    18.885838
                ]
            },
            "properties": {
                "station_name": "สะพานน้ำแม่สา",
                "rain_24h": 18.4,
                "province": "เชียงใหม่",
                "datetime": "2026-06-05 08:00"
            }
        },
        {
            "type": "Feature",
            "geometry": {
                "type": "Point",
                "coordinates": [
                    98.862595,
                    18.771976
                ]
            },
            "properties": {
                "station_name": "สะพานห้วยแม่ตาช้าง",
                "rain_24h": 18.4,
                "province": "เชียงใหม่",
                "datetime": "2026-06-05 08:00"
            }
        },
        {
            "type": "Feature",
            "geometry": {
                "type": "Point",
                "coordinates": [
                    101.3785,
                    14.735245
                ]
            },
            "properties": {
                "station_name": "หน่วยจัดการต้นน้ำลำตะคอง",
                "rain_24h": 18.4,
                "province": "นครราชสีมา",
                "datetime": "2026-06-05 08:00"
            }
        },
        {
            "type": "Feature",
            "geometry": {
                "type": "Point",
                "coordinates": [
                    102.11572,
                    17.6021
                ]
            },
            "properties": {
                "station_name": "อ่างเก็บน้ำห้วยโซ่",
                "rain_24h": 18.4,
                "province": "หนองบัวลำภู",
                "datetime": "2026-06-05 08:00"
            }
        },
        {
            "type": "Feature",
            "geometry": {
                "type": "Point",
                "coordinates": [
                    99.2607,
                    19.5793
                ]
            },
            "properties": {
                "station_name": "หน่วยจัดการต้นน้ำขุนน้ำฝาง",
                "rain_24h": 18.4,
                "province": "เชียงใหม่",
                "datetime": "2026-06-05 08:00"
            }
        },
        {
            "type": "Feature",
            "geometry": {
                "type": "Point",
                "coordinates": [
                    99.47699,
                    8.872081
                ]
            },
            "properties": {
                "station_name": "ที่ทำการอุทยานแห่งชาติใต้ร่มเย็น",
                "rain_24h": 18.2,
                "province": "สุราษฎร์ธานี",
                "datetime": "2026-06-05 08:00"
            }
        },
        {
            "type": "Feature",
            "geometry": {
                "type": "Point",
                "coordinates": [
                    99.07731,
                    18.511826
                ]
            },
            "properties": {
                "station_name": "ลำน้ำสานบ้านทุ่งยาวเหนือ",
                "rain_24h": 18.2,
                "province": "ลำพูน",
                "datetime": "2026-06-05 08:00"
            }
        },
        {
            "type": "Feature",
            "geometry": {
                "type": "Point",
                "coordinates": [
                    101.02896,
                    19.159258
                ]
            },
            "properties": {
                "station_name": "บ้านผาเวียง",
                "rain_24h": 18,
                "province": "น่าน",
                "datetime": "2026-06-05 08:00"
            }
        },
        {
            "type": "Feature",
            "geometry": {
                "type": "Point",
                "coordinates": [
                    98.369316,
                    8.829407
                ]
            },
            "properties": {
                "station_name": "ตลาดเก่าตะกั่วป่า",
                "rain_24h": 18,
                "province": "พังงา",
                "datetime": "2026-06-05 08:00"
            }
        },
        {
            "type": "Feature",
            "geometry": {
                "type": "Point",
                "coordinates": [
                    98.46125,
                    15.195488
                ]
            },
            "properties": {
                "station_name": "อบต.หนองลู",
                "rain_24h": 18,
                "province": "กาญจนบุรี",
                "datetime": "2026-06-05 08:00"
            }
        },
        {
            "type": "Feature",
            "geometry": {
                "type": "Point",
                "coordinates": [
                    100.08452,
                    7.162198
                ]
            },
            "properties": {
                "station_name": "หน่วยจัดการต้นน้ำคลองป่าพรุพ้อ",
                "rain_24h": 17.8,
                "province": "พัทลุง",
                "datetime": "2026-06-05 08:00"
            }
        },
        {
            "type": "Feature",
            "geometry": {
                "type": "Point",
                "coordinates": [
                    99.0827,
                    17.88562
                ]
            },
            "properties": {
                "station_name": "หน่วยจัดการต้นน้ำแม่ลี้",
                "rain_24h": 17.8,
                "province": "ลำพูน",
                "datetime": "2026-06-05 08:00"
            }
        },
        {
            "type": "Feature",
            "geometry": {
                "type": "Point",
                "coordinates": [
                    100.50048,
                    20.10587
                ]
            },
            "properties": {
                "station_name": "ทต.หล่ายงาว",
                "rain_24h": 17.8,
                "province": "เชียงราย",
                "datetime": "2026-06-05 08:00"
            }
        },
        {
            "type": "Feature",
            "geometry": {
                "type": "Point",
                "coordinates": [
                    100.09264,
                    18.17056
                ]
            },
            "properties": {
                "station_name": "อ่างเก็บน้ำห้วยผาคำ",
                "rain_24h": 17.8,
                "province": "แพร่",
                "datetime": "2026-06-05 08:00"
            }
        },
        {
            "type": "Feature",
            "geometry": {
                "type": "Point",
                "coordinates": [
                    105.279106,
                    15.310045
                ]
            },
            "properties": {
                "station_name": "อบต.ระเว",
                "rain_24h": 17.6,
                "province": "อุบลราชธานี",
                "datetime": "2026-06-05 08:00"
            }
        },
        {
            "type": "Feature",
            "geometry": {
                "type": "Point",
                "coordinates": [
                    102.693924,
                    17.15843
                ]
            },
            "properties": {
                "station_name": "สถานีควบคุมไฟป่าภูฝอยลม",
                "rain_24h": 17.6,
                "province": "อุดรธานี",
                "datetime": "2026-06-05 08:00"
            }
        },
        {
            "type": "Feature",
            "geometry": {
                "type": "Point",
                "coordinates": [
                    99.19147,
                    14.02271
                ]
            },
            "properties": {
                "station_name": "อบต.ศรีมงคล",
                "rain_24h": 17.6,
                "province": "กาญจนบุรี",
                "datetime": "2026-06-05 08:00"
            }
        },
        {
            "type": "Feature",
            "geometry": {
                "type": "Point",
                "coordinates": [
                    105.023094,
                    15.62157
                ]
            },
            "properties": {
                "station_name": "ทต.ตระการพืชผล",
                "rain_24h": 17.6,
                "province": "อุบลราชธานี",
                "datetime": "2026-06-05 08:00"
            }
        },
        {
            "type": "Feature",
            "geometry": {
                "type": "Point",
                "coordinates": [
                    98.79428,
                    18.875978
                ]
            },
            "properties": {
                "station_name": "หน่วยศึกษาการพัฒนาการอนุรักษ์ต้นน้ำปิงส่วนที่ 2 จังหวัดเชียงใหม่",
                "rain_24h": 17.6,
                "province": "เชียงใหม่",
                "datetime": "2026-06-05 08:00"
            }
        },
        {
            "type": "Feature",
            "geometry": {
                "type": "Point",
                "coordinates": [
                    102.19488,
                    12.625168
                ]
            },
            "properties": {
                "station_name": "หน่วยพิทักษ์อุทยานแห่งชาติที่ พล.๒ (บ้านอ่าง)",
                "rain_24h": 17.4,
                "province": "จันทบุรี",
                "datetime": "2026-06-05 08:00"
            }
        },
        {
            "type": "Feature",
            "geometry": {
                "type": "Point",
                "coordinates": [
                    99.18121,
                    20.080532
                ]
            },
            "properties": {
                "station_name": "หน่วยพิทักษ์อุทยานฯ ที่ ดป.๔ (โครงการบ้านเล็กฯ)",
                "rain_24h": 17.4,
                "province": "เชียงใหม่",
                "datetime": "2026-06-05 08:00"
            }
        },
        {
            "type": "Feature",
            "geometry": {
                "type": "Point",
                "coordinates": [
                    100.6753,
                    17.4691
                ]
            },
            "properties": {
                "station_name": "หน่วยจัดการต้นน้ำน้ำภาค",
                "rain_24h": 17.4,
                "province": "พิษณุโลก",
                "datetime": "2026-06-05 08:00"
            }
        },
        {
            "type": "Feature",
            "geometry": {
                "type": "Point",
                "coordinates": [
                    102.14759,
                    12.49996
                ]
            },
            "properties": {
                "station_name": "ทต.พลิ้ว",
                "rain_24h": 17.4,
                "province": "จันทบุรี",
                "datetime": "2026-06-05 08:00"
            }
        },
        {
            "type": "Feature",
            "geometry": {
                "type": "Point",
                "coordinates": [
                    99.81826,
                    19.92195
                ]
            },
            "properties": {
                "station_name": "สะพานแม่ฟ้าหลวง",
                "rain_24h": 17.4,
                "province": "เชียงราย",
                "datetime": "2026-06-05 08:00"
            }
        },
        {
            "type": "Feature",
            "geometry": {
                "type": "Point",
                "coordinates": [
                    99.77271,
                    7.675857
                ]
            },
            "properties": {
                "station_name": "หน่วยพิทักษ์อุทยานแห่งชาติที่ ขป. ๗ (น้ำตกควนประ)",
                "rain_24h": 17.2,
                "province": "ตรัง",
                "datetime": "2026-06-05 08:00"
            }
        },
        {
            "type": "Feature",
            "geometry": {
                "type": "Point",
                "coordinates": [
                    102.54332,
                    12.36927
                ]
            },
            "properties": {
                "station_name": "ห้วยแร้ง",
                "rain_24h": 17.2,
                "province": "ตราด",
                "datetime": "2026-06-05 08:00"
            }
        },
        {
            "type": "Feature",
            "geometry": {
                "type": "Point",
                "coordinates": [
                    100.06352,
                    17.968727
                ]
            },
            "properties": {
                "station_name": "ห้วยแม่พวก",
                "rain_24h": 17.2,
                "province": "แพร่",
                "datetime": "2026-06-05 08:00"
            }
        },
        {
            "type": "Feature",
            "geometry": {
                "type": "Point",
                "coordinates": [
                    101.15271,
                    19.432049
                ]
            },
            "properties": {
                "station_name": "สะพานแม่น้ำน่าน บ้านเปียงก่อ",
                "rain_24h": 17.2,
                "province": "น่าน",
                "datetime": "2026-06-05 08:00"
            }
        },
        {
            "type": "Feature",
            "geometry": {
                "type": "Point",
                "coordinates": [
                    102.55824,
                    12.255151
                ]
            },
            "properties": {
                "station_name": "ทต.ท่าพริกเนินทราย",
                "rain_24h": 17.2,
                "province": "ตราด",
                "datetime": "2026-06-05 08:00"
            }
        },
        {
            "type": "Feature",
            "geometry": {
                "type": "Point",
                "coordinates": [
                    102.56071,
                    17.078503
                ]
            },
            "properties": {
                "station_name": "หน่วยจัดการต้นน้ำห้วยหลวง",
                "rain_24h": 17.2,
                "province": "อุดรธานี",
                "datetime": "2026-06-05 08:00"
            }
        },
        {
            "type": "Feature",
            "geometry": {
                "type": "Point",
                "coordinates": [
                    98.72789,
                    17.91548
                ]
            },
            "properties": {
                "station_name": "อบต.ดอยเต่า",
                "rain_24h": 17,
                "province": "เชียงใหม่",
                "datetime": "2026-06-05 08:00"
            }
        },
        {
            "type": "Feature",
            "geometry": {
                "type": "Point",
                "coordinates": [
                    104.45375,
                    14.486939
                ]
            },
            "properties": {
                "station_name": "รพ.สต.ทับทิมสยาม 07",
                "rain_24h": 17,
                "province": "ศรีสะเกษ",
                "datetime": "2026-06-05 08:00"
            }
        },
        {
            "type": "Feature",
            "geometry": {
                "type": "Point",
                "coordinates": [
                    101.72591,
                    14.356429
                ]
            },
            "properties": {
                "station_name": "หน่วยพิทักษ์อุทยานแห่งชาติที่ ขญ.๔ (คลองปลากั้ง)",
                "rain_24h": 17,
                "province": "นครราชสีมา",
                "datetime": "2026-06-05 08:00"
            }
        },
        {
            "type": "Feature",
            "geometry": {
                "type": "Point",
                "coordinates": [
                    98.0724,
                    18.3675
                ]
            },
            "properties": {
                "station_name": "หน่วยจัดการต้นน้ำแม่ลาน้อย",
                "rain_24h": 16.8,
                "province": "แม่ฮ่องสอน",
                "datetime": "2026-06-05 08:00"
            }
        },
        {
            "type": "Feature",
            "geometry": {
                "type": "Point",
                "coordinates": [
                    101.41372,
                    14.06278
                ]
            },
            "properties": {
                "station_name": "อบต.ดงพระรามณ์",
                "rain_24h": 16.8,
                "province": "ปราจีนบุรี",
                "datetime": "2026-06-05 08:00"
            }
        },
        {
            "type": "Feature",
            "geometry": {
                "type": "Point",
                "coordinates": [
                    99.55152,
                    7.729391
                ]
            },
            "properties": {
                "station_name": "ท่าสะบ้า",
                "rain_24h": 16.8,
                "province": "ตรัง",
                "datetime": "2026-06-05 08:00"
            }
        },
        {
            "type": "Feature",
            "geometry": {
                "type": "Point",
                "coordinates": [
                    98.86272,
                    18.29177
                ]
            },
            "properties": {
                "station_name": "อ่างเก็บน้ำห้วยแทง",
                "rain_24h": 16.8,
                "province": "ลำพูน",
                "datetime": "2026-06-05 08:00"
            }
        },
        {
            "type": "Feature",
            "geometry": {
                "type": "Point",
                "coordinates": [
                    98.644485,
                    9.961575
                ]
            },
            "properties": {
                "station_name": "เมืองระนอง",
                "rain_24h": 16.8,
                "province": "ระนอง",
                "datetime": "2026-06-05 08:00"
            }
        },
        {
            "type": "Feature",
            "geometry": {
                "type": "Point",
                "coordinates": [
                    98.8401,
                    9.85488
                ]
            },
            "properties": {
                "station_name": "สะพานบ้านตรังพัฒนา",
                "rain_24h": 16.6,
                "province": "ชุมพร",
                "datetime": "2026-06-05 08:00"
            }
        },
        {
            "type": "Feature",
            "geometry": {
                "type": "Point",
                "coordinates": [
                    101.72764,
                    14.133586
                ]
            },
            "properties": {
                "station_name": "นาดี",
                "rain_24h": 16.4,
                "province": "ปราจีนบุรี",
                "datetime": "2026-06-05 08:00"
            }
        },
        {
            "type": "Feature",
            "geometry": {
                "type": "Point",
                "coordinates": [
                    99.00955,
                    18.00469
                ]
            },
            "properties": {
                "station_name": "อ่างเก็บน้ำห้วยหินฝน",
                "rain_24h": 16.4,
                "province": "ลำพูน",
                "datetime": "2026-06-05 08:00"
            }
        },
        {
            "type": "Feature",
            "geometry": {
                "type": "Point",
                "coordinates": [
                    98.88188,
                    8.525791
                ]
            },
            "properties": {
                "station_name": "สะพานคลองอิปัน",
                "rain_24h": 16.4,
                "province": "กระบี่",
                "datetime": "2026-06-05 08:00"
            }
        },
        {
            "type": "Feature",
            "geometry": {
                "type": "Point",
                "coordinates": [
                    99.46628,
                    18.474373
                ]
            },
            "properties": {
                "station_name": "สะพานพัฒนามิตรภาพแม่น้ำตุ๋ย",
                "rain_24h": 16.4,
                "province": "ลำปาง",
                "datetime": "2026-06-05 08:00"
            }
        },
        {
            "type": "Feature",
            "geometry": {
                "type": "Point",
                "coordinates": [
                    99.49938,
                    18.616037
                ]
            },
            "properties": {
                "station_name": "ที่ทำการเขตห้ามล่าสัตว์ป่าดอยพระบาท",
                "rain_24h": 16.2,
                "province": "ลำปาง",
                "datetime": "2026-06-05 08:00"
            }
        },
        {
            "type": "Feature",
            "geometry": {
                "type": "Point",
                "coordinates": [
                    99.12293,
                    17.65963
                ]
            },
            "properties": {
                "station_name": "หน่วยจัดการต้นน้ำแม่อาบ",
                "rain_24h": 16.2,
                "province": "ลำปาง",
                "datetime": "2026-06-05 08:00"
            }
        },
        {
            "type": "Feature",
            "geometry": {
                "type": "Point",
                "coordinates": [
                    103.98095,
                    17.599665
                ]
            },
            "properties": {
                "station_name": "บ้านโพธิ์ชัยทอง",
                "rain_24h": 16,
                "province": "สกลนคร",
                "datetime": "2026-06-05 08:00"
            }
        },
        {
            "type": "Feature",
            "geometry": {
                "type": "Point",
                "coordinates": [
                    99.49909,
                    20.360617
                ]
            },
            "properties": {
                "station_name": "หน่วยจัดการต้นน้ำดอยปางหนุน",
                "rain_24h": 16,
                "province": "เชียงราย",
                "datetime": "2026-06-05 08:00"
            }
        },
        {
            "type": "Feature",
            "geometry": {
                "type": "Point",
                "coordinates": [
                    98.77524,
                    18.61261
                ]
            },
            "properties": {
                "station_name": "ที่ว่าการอำเภอแม่วาง",
                "rain_24h": 16,
                "province": "เชียงใหม่",
                "datetime": "2026-06-05 08:00"
            }
        },
        {
            "type": "Feature",
            "geometry": {
                "type": "Point",
                "coordinates": [
                    103.27104,
                    16.232254
                ]
            },
            "properties": {
                "station_name": "เมืองมหาสารคาม",
                "rain_24h": 16,
                "province": "มหาสารคาม",
                "datetime": "2026-06-05 08:00"
            }
        },
        {
            "type": "Feature",
            "geometry": {
                "type": "Point",
                "coordinates": [
                    100.03584,
                    17.65456
                ]
            },
            "properties": {
                "station_name": "ทต.ศรีพนมมาศ",
                "rain_24h": 16,
                "province": "อุตรดิตถ์",
                "datetime": "2026-06-05 08:00"
            }
        },
        {
            "type": "Feature",
            "geometry": {
                "type": "Point",
                "coordinates": [
                    99.97039,
                    6.657239
                ]
            },
            "properties": {
                "station_name": "ทต.เจ๊ะบิลัง",
                "rain_24h": 15.8,
                "province": "สตูล",
                "datetime": "2026-06-05 08:00"
            }
        },
        {
            "type": "Feature",
            "geometry": {
                "type": "Point",
                "coordinates": [
                    98.47713,
                    15.187645
                ]
            },
            "properties": {
                "station_name": "อบต.ไล่โว่",
                "rain_24h": 15.8,
                "province": "กาญจนบุรี",
                "datetime": "2026-06-05 08:00"
            }
        },
        {
            "type": "Feature",
            "geometry": {
                "type": "Point",
                "coordinates": [
                    102.30767,
                    12.217216
                ]
            },
            "properties": {
                "station_name": "อบต.บางปิด",
                "rain_24h": 15.8,
                "province": "ตราด",
                "datetime": "2026-06-05 08:00"
            }
        },
        {
            "type": "Feature",
            "geometry": {
                "type": "Point",
                "coordinates": [
                    101.413635,
                    14.181127
                ]
            },
            "properties": {
                "station_name": "วัดห้วยเกษียร",
                "rain_24h": 15.8,
                "province": "ปราจีนบุรี",
                "datetime": "2026-06-05 08:00"
            }
        },
        {
            "type": "Feature",
            "geometry": {
                "type": "Point",
                "coordinates": [
                    98.661316,
                    8.890477
                ]
            },
            "properties": {
                "station_name": "อบต.คลองศก",
                "rain_24h": 15.6,
                "province": "สุราษฎร์ธานี",
                "datetime": "2026-06-05 08:00"
            }
        },
        {
            "type": "Feature",
            "geometry": {
                "type": "Point",
                "coordinates": [
                    102.37169,
                    12.511344
                ]
            },
            "properties": {
                "station_name": "คลองประณีต บ.ตลุง",
                "rain_24h": 15.4,
                "province": "ตราด",
                "datetime": "2026-06-05 08:00"
            }
        },
        {
            "type": "Feature",
            "geometry": {
                "type": "Point",
                "coordinates": [
                    99.48325,
                    14.06047
                ]
            },
            "properties": {
                "station_name": "เมืองกาญจนบุรี",
                "rain_24h": 15.2,
                "province": "กาญจนบุรี",
                "datetime": "2026-06-05 08:00"
            }
        },
        {
            "type": "Feature",
            "geometry": {
                "type": "Point",
                "coordinates": [
                    102.49933,
                    12.326008
                ]
            },
            "properties": {
                "station_name": "เมืองตราด",
                "rain_24h": 15.2,
                "province": "ตราด",
                "datetime": "2026-06-05 08:00"
            }
        },
        {
            "type": "Feature",
            "geometry": {
                "type": "Point",
                "coordinates": [
                    99.7737,
                    18.8129
                ]
            },
            "properties": {
                "station_name": "หน่วยจัดการต้นน้ำแม่แจ้ฟ้า",
                "rain_24h": 15.2,
                "province": "ลำปาง",
                "datetime": "2026-06-05 08:00"
            }
        },
        {
            "type": "Feature",
            "geometry": {
                "type": "Point",
                "coordinates": [
                    99.18398,
                    16.78657
                ]
            },
            "properties": {
                "station_name": "เมืองตาก",
                "rain_24h": 15,
                "province": "ตาก",
                "datetime": "2026-06-05 08:00"
            }
        },
        {
            "type": "Feature",
            "geometry": {
                "type": "Point",
                "coordinates": [
                    105.321915,
                    14.854474
                ]
            },
            "properties": {
                "station_name": "อบต.บ้านแมด",
                "rain_24h": 15,
                "province": "อุบลราชธานี",
                "datetime": "2026-06-05 08:00"
            }
        },
        {
            "type": "Feature",
            "geometry": {
                "type": "Point",
                "coordinates": [
                    98.49196,
                    8.829132
                ]
            },
            "properties": {
                "station_name": "รร.บ้านท่าหัน",
                "rain_24h": 15,
                "province": "พังงา",
                "datetime": "2026-06-05 08:00"
            }
        },
        {
            "type": "Feature",
            "geometry": {
                "type": "Point",
                "coordinates": [
                    100.4086,
                    14.870226
                ]
            },
            "properties": {
                "station_name": "สะพานอนุสรณ์ 100 ปีสิงห์หบุรี (สะพานหลวงพ่อแพ 89)",
                "rain_24h": 14.8,
                "province": "สิงห์บุรี",
                "datetime": "2026-06-05 08:00"
            }
        },
        {
            "type": "Feature",
            "geometry": {
                "type": "Point",
                "coordinates": [
                    98.953316,
                    17.805399
                ]
            },
            "properties": {
                "station_name": "ห้วยแม่ลี้",
                "rain_24h": 14.8,
                "province": "ลำพูน",
                "datetime": "2026-06-05 08:00"
            }
        },
        {
            "type": "Feature",
            "geometry": {
                "type": "Point",
                "coordinates": [
                    101.60263,
                    15.399463
                ]
            },
            "properties": {
                "station_name": "อบต.โคกเริงรมย์",
                "rain_24h": 14.8,
                "province": "ชัยภูมิ",
                "datetime": "2026-06-05 08:00"
            }
        },
        {
            "type": "Feature",
            "geometry": {
                "type": "Point",
                "coordinates": [
                    104.99804,
                    14.499665
                ]
            },
            "properties": {
                "station_name": "ทต.น้ำยืน",
                "rain_24h": 14.8,
                "province": "อุบลราชธานี",
                "datetime": "2026-06-05 08:00"
            }
        },
        {
            "type": "Feature",
            "geometry": {
                "type": "Point",
                "coordinates": [
                    99.56949,
                    18.784391
                ]
            },
            "properties": {
                "station_name": "สะพานน้ำคลองแม่สอย",
                "rain_24h": 14.8,
                "province": "ลำปาง",
                "datetime": "2026-06-05 08:00"
            }
        },
        {
            "type": "Feature",
            "geometry": {
                "type": "Point",
                "coordinates": [
                    103.47609,
                    15.350477
                ]
            },
            "properties": {
                "station_name": "ทต.นาหนองไผ่",
                "rain_24h": 14.8,
                "province": "สุรินทร์",
                "datetime": "2026-06-05 08:00"
            }
        },
        {
            "type": "Feature",
            "geometry": {
                "type": "Point",
                "coordinates": [
                    100.9245,
                    15.4321
                ]
            },
            "properties": {
                "station_name": "อบต.หนองมะค่า",
                "rain_24h": 14.8,
                "province": "ลพบุรี",
                "datetime": "2026-06-05 08:00"
            }
        },
        {
            "type": "Feature",
            "geometry": {
                "type": "Point",
                "coordinates": [
                    102.187355,
                    13.234541
                ]
            },
            "properties": {
                "station_name": "ทต.ทับช้าง",
                "rain_24h": 14.6,
                "province": "จันทบุรี",
                "datetime": "2026-06-05 08:00"
            }
        },
        {
            "type": "Feature",
            "geometry": {
                "type": "Point",
                "coordinates": [
                    101.77258,
                    17.312353
                ]
            },
            "properties": {
                "station_name": "วังสะพุง",
                "rain_24h": 14.6,
                "province": "เลย",
                "datetime": "2026-06-05 08:00"
            }
        },
        {
            "type": "Feature",
            "geometry": {
                "type": "Point",
                "coordinates": [
                    99.940125,
                    18.889063
                ]
            },
            "properties": {
                "station_name": "สะพานน้ำงาว",
                "rain_24h": 14.6,
                "province": "ลำปาง",
                "datetime": "2026-06-05 08:00"
            }
        },
        {
            "type": "Feature",
            "geometry": {
                "type": "Point",
                "coordinates": [
                    98.9833,
                    18.153486
                ]
            },
            "properties": {
                "station_name": "หน่วยพิทักษ์ป่าดอยอีหุ้ย",
                "rain_24h": 14.4,
                "province": "ลำพูน",
                "datetime": "2026-06-05 08:00"
            }
        },
        {
            "type": "Feature",
            "geometry": {
                "type": "Point",
                "coordinates": [
                    100.76208,
                    14.558301
                ]
            },
            "properties": {
                "station_name": "เหนือปตร.พระนารายน์",
                "rain_24h": 14.4,
                "province": "พระนครศรีอยุธยา",
                "datetime": "2026-06-05 08:00"
            }
        },
        {
            "type": "Feature",
            "geometry": {
                "type": "Point",
                "coordinates": [
                    98.87916,
                    8.187541
                ]
            },
            "properties": {
                "station_name": "สะพานข้ามคลองกระบี่ใหญ่ 1",
                "rain_24h": 14.2,
                "province": "กระบี่",
                "datetime": "2026-06-05 08:00"
            }
        },
        {
            "type": "Feature",
            "geometry": {
                "type": "Point",
                "coordinates": [
                    102.44457,
                    12.53614
                ]
            },
            "properties": {
                "station_name": "อบต.สะตอ",
                "rain_24h": 14.2,
                "province": "ตราด",
                "datetime": "2026-06-05 08:00"
            }
        },
        {
            "type": "Feature",
            "geometry": {
                "type": "Point",
                "coordinates": [
                    99.44528,
                    11.07618
                ]
            },
            "properties": {
                "station_name": "ทต.บางสะพานน้อย",
                "rain_24h": 14.2,
                "province": "ประจวบคีรีขันธ์",
                "datetime": "2026-06-05 08:00"
            }
        },
        {
            "type": "Feature",
            "geometry": {
                "type": "Point",
                "coordinates": [
                    103.43511,
                    17.703537
                ]
            },
            "properties": {
                "station_name": "อบต.หนองแปน",
                "rain_24h": 14,
                "province": "สกลนคร",
                "datetime": "2026-06-05 08:00"
            }
        },
        {
            "type": "Feature",
            "geometry": {
                "type": "Point",
                "coordinates": [
                    99.633125,
                    9.021284
                ]
            },
            "properties": {
                "station_name": "สะพานบ้านสวนปราง",
                "rain_24h": 14,
                "province": "สุราษฎร์ธานี",
                "datetime": "2026-06-05 08:00"
            }
        },
        {
            "type": "Feature",
            "geometry": {
                "type": "Point",
                "coordinates": [
                    99.70955,
                    8.33562
                ]
            },
            "properties": {
                "station_name": "หน่วยพิทักษ์อุทยานแห่งชาติ ตย. ๔ (เขาทง)",
                "rain_24h": 14,
                "province": "นครศรีธรรมราช",
                "datetime": "2026-06-05 08:00"
            }
        },
        {
            "type": "Feature",
            "geometry": {
                "type": "Point",
                "coordinates": [
                    99.06457,
                    8.763481
                ]
            },
            "properties": {
                "station_name": "อบต.บ้านเสด็จ",
                "rain_24h": 14,
                "province": "สุราษฎร์ธานี",
                "datetime": "2026-06-05 08:00"
            }
        },
        {
            "type": "Feature",
            "geometry": {
                "type": "Point",
                "coordinates": [
                    99.08307,
                    8.450641
                ]
            },
            "properties": {
                "station_name": "อบต.ชัยบุรี",
                "rain_24h": 14,
                "province": "สุราษฎร์ธานี",
                "datetime": "2026-06-05 08:00"
            }
        },
        {
            "type": "Feature",
            "geometry": {
                "type": "Point",
                "coordinates": [
                    101.93309,
                    14.323005
                ]
            },
            "properties": {
                "station_name": "หน่วยพิทักษ์อุทยานแห่งชาติที่ ทล.๑๑ (ไทยสามัคคี)",
                "rain_24h": 13.8,
                "province": "นครราชสีมา",
                "datetime": "2026-06-05 08:00"
            }
        },
        {
            "type": "Feature",
            "geometry": {
                "type": "Point",
                "coordinates": [
                    102.61528,
                    17.695095
                ]
            },
            "properties": {
                "station_name": "อบต.หนองนาง",
                "rain_24h": 13.8,
                "province": "หนองคาย",
                "datetime": "2026-06-05 08:00"
            }
        },
        {
            "type": "Feature",
            "geometry": {
                "type": "Point",
                "coordinates": [
                    102.26962,
                    12.124764
                ]
            },
            "properties": {
                "station_name": "ที่ทำการอุทยานแห่งชาติเกาะช้าง",
                "rain_24h": 13.8,
                "province": "ตราด",
                "datetime": "2026-06-05 08:00"
            }
        },
        {
            "type": "Feature",
            "geometry": {
                "type": "Point",
                "coordinates": [
                    99.19772,
                    8.221982
                ]
            },
            "properties": {
                "station_name": "อ่างเก็บน้ำบางกำปรัด",
                "rain_24h": 13.8,
                "province": "กระบี่",
                "datetime": "2026-06-05 08:00"
            }
        },
        {
            "type": "Feature",
            "geometry": {
                "type": "Point",
                "coordinates": [
                    102.475716,
                    12.250544
                ]
            },
            "properties": {
                "station_name": "คลองเขาระกำ",
                "rain_24h": 13.6,
                "province": "ตราด",
                "datetime": "2026-06-05 08:00"
            }
        },
        {
            "type": "Feature",
            "geometry": {
                "type": "Point",
                "coordinates": [
                    100.43501,
                    18.85289
                ]
            },
            "properties": {
                "station_name": "สนามกีฬา อบต.ป่าคาหลวง",
                "rain_24h": 13.6,
                "province": "น่าน",
                "datetime": "2026-06-05 08:00"
            }
        },
        {
            "type": "Feature",
            "geometry": {
                "type": "Point",
                "coordinates": [
                    105.1798,
                    14.420176
                ]
            },
            "properties": {
                "station_name": "อบต.โดมประดิษฐ์",
                "rain_24h": 13.6,
                "province": "อุบลราชธานี",
                "datetime": "2026-06-05 08:00"
            }
        },
        {
            "type": "Feature",
            "geometry": {
                "type": "Point",
                "coordinates": [
                    102.19196,
                    13.103536
                ]
            },
            "properties": {
                "station_name": "เขตรักษาพันธุ์สัตว์ป่าเขาสอยดาว",
                "rain_24h": 13.6,
                "province": "จันทบุรี",
                "datetime": "2026-06-05 08:00"
            }
        },
        {
            "type": "Feature",
            "geometry": {
                "type": "Point",
                "coordinates": [
                    98.9089,
                    14.9588
                ]
            },
            "properties": {
                "station_name": "รพสต.บ้านทุ่งเสือโทน",
                "rain_24h": 13.4,
                "province": "กาญจนบุรี",
                "datetime": "2026-06-05 08:00"
            }
        },
        {
            "type": "Feature",
            "geometry": {
                "type": "Point",
                "coordinates": [
                    99.39075,
                    17.661854
                ]
            },
            "properties": {
                "station_name": "หน่วยพิทักษ์อุทยานแห่งชาติที่ ศช. 4 (แม่มอก)",
                "rain_24h": 13.4,
                "province": "ลำปาง",
                "datetime": "2026-06-05 08:00"
            }
        },
        {
            "type": "Feature",
            "geometry": {
                "type": "Point",
                "coordinates": [
                    104.41476,
                    17.03068
                ]
            },
            "properties": {
                "station_name": "ลำน้ำก่ำ",
                "rain_24h": 13.4,
                "province": "นครพนม",
                "datetime": "2026-06-05 08:00"
            }
        },
        {
            "type": "Feature",
            "geometry": {
                "type": "Point",
                "coordinates": [
                    99.38224,
                    8.881507
                ]
            },
            "properties": {
                "station_name": "อบต.ควนสุบรรณ",
                "rain_24h": 13.4,
                "province": "สุราษฎร์ธานี",
                "datetime": "2026-06-05 08:00"
            }
        },
        {
            "type": "Feature",
            "geometry": {
                "type": "Point",
                "coordinates": [
                    100.21883,
                    18.11416
                ]
            },
            "properties": {
                "station_name": "อ่างเก็บน้ำหนองแขม",
                "rain_24h": 13.2,
                "province": "แพร่",
                "datetime": "2026-06-05 08:00"
            }
        },
        {
            "type": "Feature",
            "geometry": {
                "type": "Point",
                "coordinates": [
                    102.26644,
                    12.90518
                ]
            },
            "properties": {
                "station_name": "ทต.โป่งน้ำร้อน",
                "rain_24h": 13.2,
                "province": "จันทบุรี",
                "datetime": "2026-06-05 08:00"
            }
        },
        {
            "type": "Feature",
            "geometry": {
                "type": "Point",
                "coordinates": [
                    99.031204,
                    10.588756
                ]
            },
            "properties": {
                "station_name": "บ้านน้ำเย็น",
                "rain_24h": 13,
                "province": "ชุมพร",
                "datetime": "2026-06-05 08:00"
            }
        },
        {
            "type": "Feature",
            "geometry": {
                "type": "Point",
                "coordinates": [
                    101.640945,
                    13.419975
                ]
            },
            "properties": {
                "station_name": "อบต.คลองตะเกรา",
                "rain_24h": 13,
                "province": "ฉะเชิงเทรา",
                "datetime": "2026-06-05 08:00"
            }
        },
        {
            "type": "Feature",
            "geometry": {
                "type": "Point",
                "coordinates": [
                    101.937584,
                    13.074
                ]
            },
            "properties": {
                "station_name": "อบต.ขุนซ่อง",
                "rain_24h": 13,
                "province": "จันทบุรี",
                "datetime": "2026-06-05 08:00"
            }
        },
        {
            "type": "Feature",
            "geometry": {
                "type": "Point",
                "coordinates": [
                    99.45936,
                    7.668987
                ]
            },
            "properties": {
                "station_name": "วังวิเศษ",
                "rain_24h": 12.8,
                "province": "ตรัง",
                "datetime": "2026-06-05 08:00"
            }
        },
        {
            "type": "Feature",
            "geometry": {
                "type": "Point",
                "coordinates": [
                    99.93735,
                    7.135681
                ]
            },
            "properties": {
                "station_name": "สนามทับทุ่ม บ้านวังนาใน หมู่ที่ 10",
                "rain_24h": 12.8,
                "province": "สตูล",
                "datetime": "2026-06-05 08:00"
            }
        },
        {
            "type": "Feature",
            "geometry": {
                "type": "Point",
                "coordinates": [
                    100.66,
                    17.7877
                ]
            },
            "properties": {
                "station_name": "หน่วยจัดการต้นน้ำห้วยผึ้ง",
                "rain_24h": 12.6,
                "province": "อุตรดิตถ์",
                "datetime": "2026-06-05 08:00"
            }
        },
        {
            "type": "Feature",
            "geometry": {
                "type": "Point",
                "coordinates": [
                    99.64313,
                    8.038269
                ]
            },
            "properties": {
                "station_name": "รร.บ้านพูน",
                "rain_24h": 12.6,
                "province": "นครศรีธรรมราช",
                "datetime": "2026-06-05 08:00"
            }
        },
        {
            "type": "Feature",
            "geometry": {
                "type": "Point",
                "coordinates": [
                    99.65859,
                    8.993955
                ]
            },
            "properties": {
                "station_name": "ชุมชนตำบลคลองสระ (น้ำตกภูริน)",
                "rain_24h": 12.6,
                "province": "สุราษฎร์ธานี",
                "datetime": "2026-06-05 08:00"
            }
        },
        {
            "type": "Feature",
            "geometry": {
                "type": "Point",
                "coordinates": [
                    98.83209,
                    18.38092
                ]
            },
            "properties": {
                "station_name": "อ่างเก็บน้ำห้วยลึก",
                "rain_24h": 12.6,
                "province": "ลำพูน",
                "datetime": "2026-06-05 08:00"
            }
        },
        {
            "type": "Feature",
            "geometry": {
                "type": "Point",
                "coordinates": [
                    99.38407,
                    18.15915
                ]
            },
            "properties": {
                "station_name": "เกาะคา",
                "rain_24h": 12.6,
                "province": "ลำปาง",
                "datetime": "2026-06-05 08:00"
            }
        },
        {
            "type": "Feature",
            "geometry": {
                "type": "Point",
                "coordinates": [
                    103.915,
                    14.4554
                ]
            },
            "properties": {
                "station_name": "หน่วยจัดการต้นน้ำห้วยเสียดจะเอิง",
                "rain_24h": 12.4,
                "province": "สุรินทร์",
                "datetime": "2026-06-05 08:00"
            }
        },
        {
            "type": "Feature",
            "geometry": {
                "type": "Point",
                "coordinates": [
                    98.969635,
                    9.029423
                ]
            },
            "properties": {
                "station_name": "ท่าขนอม",
                "rain_24h": 12.4,
                "province": "สุราษฎร์ธานี",
                "datetime": "2026-06-05 08:00"
            }
        },
        {
            "type": "Feature",
            "geometry": {
                "type": "Point",
                "coordinates": [
                    99.44592,
                    8.426959
                ]
            },
            "properties": {
                "station_name": "อบต.นากะชะ",
                "rain_24h": 12.4,
                "province": "นครศรีธรรมราช",
                "datetime": "2026-06-05 08:00"
            }
        },
        {
            "type": "Feature",
            "geometry": {
                "type": "Point",
                "coordinates": [
                    99.817474,
                    7.758506
                ]
            },
            "properties": {
                "station_name": "สถานีควบคุมไฟป่าพัทลุง",
                "rain_24h": 12.4,
                "province": "พัทลุง",
                "datetime": "2026-06-05 08:00"
            }
        },
        {
            "type": "Feature",
            "geometry": {
                "type": "Point",
                "coordinates": [
                    103.957504,
                    16.682783
                ]
            },
            "properties": {
                "station_name": "หน่วยจัดการต้นน้ำลำพะยัง",
                "rain_24h": 12.4,
                "province": "กาฬสินธุ์",
                "datetime": "2026-06-05 08:00"
            }
        },
        {
            "type": "Feature",
            "geometry": {
                "type": "Point",
                "coordinates": [
                    100.27959,
                    7.365278
                ]
            },
            "properties": {
                "station_name": "สะพานข้ามคลองบางม่วง",
                "rain_24h": 12.4,
                "province": "พัทลุง",
                "datetime": "2026-06-05 08:00"
            }
        },
        {
            "type": "Feature",
            "geometry": {
                "type": "Point",
                "coordinates": [
                    99.81109,
                    17.586782
                ]
            },
            "properties": {
                "station_name": "สะพานบ้านตึก",
                "rain_24h": 12.4,
                "province": "สุโขทัย",
                "datetime": "2026-06-05 08:00"
            }
        },
        {
            "type": "Feature",
            "geometry": {
                "type": "Point",
                "coordinates": [
                    99.70425,
                    8.166443
                ]
            },
            "properties": {
                "station_name": "สะพานข้ามคลองท่าแพ",
                "rain_24h": 12.2,
                "province": "นครศรีธรรมราช",
                "datetime": "2026-06-05 08:00"
            }
        },
        {
            "type": "Feature",
            "geometry": {
                "type": "Point",
                "coordinates": [
                    104.45604,
                    15.310568
                ]
            },
            "properties": {
                "station_name": "เหนือฝายธาตุน้อย",
                "rain_24h": 12.2,
                "province": "อุบลราชธานี",
                "datetime": "2026-06-05 08:00"
            }
        },
        {
            "type": "Feature",
            "geometry": {
                "type": "Point",
                "coordinates": [
                    103.96227,
                    16.60351
                ]
            },
            "properties": {
                "station_name": "ห้วยยัง",
                "rain_24h": 12.2,
                "province": "กาฬสินธุ์",
                "datetime": "2026-06-05 08:00"
            }
        },
        {
            "type": "Feature",
            "geometry": {
                "type": "Point",
                "coordinates": [
                    100.018,
                    17.7213
                ]
            },
            "properties": {
                "station_name": "โรงพยาบาลส่งเสริมสุขภาพตำบลบ้านผามูบ",
                "rain_24h": 12.2,
                "province": "อุตรดิตถ์",
                "datetime": "2026-06-05 08:00"
            }
        },
        {
            "type": "Feature",
            "geometry": {
                "type": "Point",
                "coordinates": [
                    99.97159,
                    7.58376
                ]
            },
            "properties": {
                "station_name": "รพสต.บ้านลำกะ",
                "rain_24h": 12.2,
                "province": "พัทลุง",
                "datetime": "2026-06-05 08:00"
            }
        },
        {
            "type": "Feature",
            "geometry": {
                "type": "Point",
                "coordinates": [
                    98.88695,
                    9.162914
                ]
            },
            "properties": {
                "station_name": "หน่วยจัดการต้นน้ำตาปี",
                "rain_24h": 12.2,
                "province": "สุราษฎร์ธานี",
                "datetime": "2026-06-05 08:00"
            }
        },
        {
            "type": "Feature",
            "geometry": {
                "type": "Point",
                "coordinates": [
                    99.09735,
                    17.31207
                ]
            },
            "properties": {
                "station_name": "อ่างเก็บน้ำหนองก้างปลา",
                "rain_24h": 12.2,
                "province": "ตาก",
                "datetime": "2026-06-05 08:00"
            }
        },
        {
            "type": "Feature",
            "geometry": {
                "type": "Point",
                "coordinates": [
                    104.05049,
                    17.120447
                ]
            },
            "properties": {
                "station_name": "โรงเรียนบ้านนาคำวิทยาคาร",
                "rain_24h": 12,
                "province": "สกลนคร",
                "datetime": "2026-06-05 08:00"
            }
        },
        {
            "type": "Feature",
            "geometry": {
                "type": "Point",
                "coordinates": [
                    99.73887,
                    8.090261
                ]
            },
            "properties": {
                "station_name": "ไร่ วงศ์ ทอง เมฆ ดี",
                "rain_24h": 12,
                "province": "นครศรีธรรมราช",
                "datetime": "2026-06-05 08:00"
            }
        },
        {
            "type": "Feature",
            "geometry": {
                "type": "Point",
                "coordinates": [
                    100.94521,
                    14.30168
                ]
            },
            "properties": {
                "station_name": "คลองแม่น้ำใน",
                "rain_24h": 12,
                "province": "สระบุรี",
                "datetime": "2026-06-05 08:00"
            }
        },
        {
            "type": "Feature",
            "geometry": {
                "type": "Point",
                "coordinates": [
                    102.50979,
                    12.238085
                ]
            },
            "properties": {
                "station_name": "บางพระ",
                "rain_24h": 12,
                "province": "ตราด",
                "datetime": "2026-06-05 08:00"
            }
        },
        {
            "type": "Feature",
            "geometry": {
                "type": "Point",
                "coordinates": [
                    99.73483,
                    8.193909
                ]
            },
            "properties": {
                "station_name": "ฝายคลองเปิก",
                "rain_24h": 12,
                "province": "นครศรีธรรมราช",
                "datetime": "2026-06-05 08:00"
            }
        },
        {
            "type": "Feature",
            "geometry": {
                "type": "Point",
                "coordinates": [
                    102.08371,
                    6.239152
                ]
            },
            "properties": {
                "station_name": "ทม.ตากใบ",
                "rain_24h": 11.8,
                "province": "นราธิวาส",
                "datetime": "2026-06-05 08:00"
            }
        },
        {
            "type": "Feature",
            "geometry": {
                "type": "Point",
                "coordinates": [
                    105.239265,
                    15.249695
                ]
            },
            "properties": {
                "station_name": "พิบูลมังสาหาร",
                "rain_24h": 11.8,
                "province": "อุบลราชธานี",
                "datetime": "2026-06-05 08:00"
            }
        },
        {
            "type": "Feature",
            "geometry": {
                "type": "Point",
                "coordinates": [
                    100.62138,
                    14.144075
                ]
            },
            "properties": {
                "station_name": "เหนือปตร.พระอินทราชา",
                "rain_24h": 11.8,
                "province": "พระนครศรีอยุธยา",
                "datetime": "2026-06-05 08:00"
            }
        },
        {
            "type": "Feature",
            "geometry": {
                "type": "Point",
                "coordinates": [
                    101.71567,
                    14.772733
                ]
            },
            "properties": {
                "station_name": "โรงเรียนชินวงศ์อุปถัมภ์",
                "rain_24h": 11.8,
                "province": "นครราชสีมา",
                "datetime": "2026-06-05 08:00"
            }
        },
        {
            "type": "Feature",
            "geometry": {
                "type": "Point",
                "coordinates": [
                    99.58371,
                    18.80307
                ]
            },
            "properties": {
                "station_name": "สวนเพชรล้านนา",
                "rain_24h": 11.6,
                "province": "ลำปาง",
                "datetime": "2026-06-05 08:00"
            }
        },
        {
            "type": "Feature",
            "geometry": {
                "type": "Point",
                "coordinates": [
                    98.63487,
                    19.64923
                ]
            },
            "properties": {
                "station_name": "อบต.เปียงหลวง",
                "rain_24h": 11.6,
                "province": "เชียงใหม่",
                "datetime": "2026-06-05 08:00"
            }
        },
        {
            "type": "Feature",
            "geometry": {
                "type": "Point",
                "coordinates": [
                    98.63291,
                    9.590022
                ]
            },
            "properties": {
                "station_name": "สะพานข้ามคลองกะเปอร์",
                "rain_24h": 11.6,
                "province": "ระนอง",
                "datetime": "2026-06-05 08:00"
            }
        },
        {
            "type": "Feature",
            "geometry": {
                "type": "Point",
                "coordinates": [
                    102.354195,
                    16.677977
                ]
            },
            "properties": {
                "station_name": "หน่วยจัดการต้นน้ำภูเวียง",
                "rain_24h": 11.6,
                "province": "ขอนแก่น",
                "datetime": "2026-06-05 08:00"
            }
        },
        {
            "type": "Feature",
            "geometry": {
                "type": "Point",
                "coordinates": [
                    101.72051,
                    14.042568
                ]
            },
            "properties": {
                "station_name": "อบต.นาแขม",
                "rain_24h": 11.6,
                "province": "ปราจีนบุรี",
                "datetime": "2026-06-05 08:00"
            }
        },
        {
            "type": "Feature",
            "geometry": {
                "type": "Point",
                "coordinates": [
                    103.75475,
                    16.380842
                ]
            },
            "properties": {
                "station_name": "ทต.อัคคะคำ",
                "rain_24h": 11.6,
                "province": "ร้อยเอ็ด",
                "datetime": "2026-06-05 08:00"
            }
        },
        {
            "type": "Feature",
            "geometry": {
                "type": "Point",
                "coordinates": [
                    101.521,
                    15.9385
                ]
            },
            "properties": {
                "station_name": "หน่วยจัดการต้นน้ำหลังสัน",
                "rain_24h": 11.6,
                "province": "ชัยภูมิ",
                "datetime": "2026-06-05 08:00"
            }
        },
        {
            "type": "Feature",
            "geometry": {
                "type": "Point",
                "coordinates": [
                    100.939095,
                    17.503431
                ]
            },
            "properties": {
                "station_name": "ที่ทำการอุทยานแห่งชาติภูสวนทราย",
                "rain_24h": 11.6,
                "province": "เลย",
                "datetime": "2026-06-05 08:00"
            }
        },
        {
            "type": "Feature",
            "geometry": {
                "type": "Point",
                "coordinates": [
                    101.99657,
                    12.971485
                ]
            },
            "properties": {
                "station_name": "วัดสันติธรรมคีรี (วัดเขาหินโค่ง)",
                "rain_24h": 11.6,
                "province": "จันทบุรี",
                "datetime": "2026-06-05 08:00"
            }
        },
        {
            "type": "Feature",
            "geometry": {
                "type": "Point",
                "coordinates": [
                    101.35063,
                    14.207237
                ]
            },
            "properties": {
                "station_name": "อบต.นาหินลาด",
                "rain_24h": 11.4,
                "province": "นครนายก",
                "datetime": "2026-06-05 08:00"
            }
        },
        {
            "type": "Feature",
            "geometry": {
                "type": "Point",
                "coordinates": [
                    98.69296,
                    18.773909
                ]
            },
            "properties": {
                "station_name": "หน่วยจัดการต้นน้ำแม่ลาน",
                "rain_24h": 11.4,
                "province": "เชียงใหม่",
                "datetime": "2026-06-05 08:00"
            }
        },
        {
            "type": "Feature",
            "geometry": {
                "type": "Point",
                "coordinates": [
                    100.25992,
                    16.81502
                ]
            },
            "properties": {
                "station_name": "โครงการชลประทานพิษณุโลก",
                "rain_24h": 11.4,
                "province": "พิษณุโลก",
                "datetime": "2026-06-05 08:00"
            }
        },
        {
            "type": "Feature",
            "geometry": {
                "type": "Point",
                "coordinates": [
                    99.1891,
                    17.2975
                ]
            },
            "properties": {
                "station_name": "หน่วยพิทักษ์อุทยานแห่งชาติที่ มว.3 (ดงลาน)",
                "rain_24h": 11.4,
                "province": "ตาก",
                "datetime": "2026-06-05 08:00"
            }
        },
        {
            "type": "Feature",
            "geometry": {
                "type": "Point",
                "coordinates": [
                    100.079414,
                    7.213239
                ]
            },
            "properties": {
                "station_name": "รร.บ้านเหมืองตะกั่ว",
                "rain_24h": 11.4,
                "province": "พัทลุง",
                "datetime": "2026-06-05 08:00"
            }
        },
        {
            "type": "Feature",
            "geometry": {
                "type": "Point",
                "coordinates": [
                    103.717384,
                    16.616194
                ]
            },
            "properties": {
                "station_name": "บ้านโนนศรีเจริญ",
                "rain_24h": 11.2,
                "province": "กาฬสินธุ์",
                "datetime": "2026-06-05 08:00"
            }
        },
        {
            "type": "Feature",
            "geometry": {
                "type": "Point",
                "coordinates": [
                    99.59775,
                    7.964122
                ]
            },
            "properties": {
                "station_name": "รัษฎา",
                "rain_24h": 11.2,
                "province": "ตรัง",
                "datetime": "2026-06-05 08:00"
            }
        },
        {
            "type": "Feature",
            "geometry": {
                "type": "Point",
                "coordinates": [
                    102.60559,
                    17.250784
                ]
            },
            "properties": {
                "station_name": "วัดศรีหมากหญ้า",
                "rain_24h": 11.2,
                "province": "อุดรธานี",
                "datetime": "2026-06-05 08:00"
            }
        },
        {
            "type": "Feature",
            "geometry": {
                "type": "Point",
                "coordinates": [
                    98.82355,
                    18.310793
                ]
            },
            "properties": {
                "station_name": "แม่น้ำลี้ บ้านโฮ่ง",
                "rain_24h": 11.2,
                "province": "ลำพูน",
                "datetime": "2026-06-05 08:00"
            }
        },
        {
            "type": "Feature",
            "geometry": {
                "type": "Point",
                "coordinates": [
                    101.89965,
                    12.986792
                ]
            },
            "properties": {
                "station_name": "แก่งหางแมว",
                "rain_24h": 11.2,
                "province": "จันทบุรี",
                "datetime": "2026-06-05 08:00"
            }
        },
        {
            "type": "Feature",
            "geometry": {
                "type": "Point",
                "coordinates": [
                    100.58441,
                    14.37456
                ]
            },
            "properties": {
                "station_name": "ปตร.หันตรา",
                "rain_24h": 11,
                "province": "พระนครศรีอยุธยา",
                "datetime": "2026-06-05 08:00"
            }
        },
        {
            "type": "Feature",
            "geometry": {
                "type": "Point",
                "coordinates": [
                    98.63781,
                    9.960391
                ]
            },
            "properties": {
                "station_name": "ทม.ระนอง",
                "rain_24h": 11,
                "province": "ระนอง",
                "datetime": "2026-06-05 08:00"
            }
        },
        {
            "type": "Feature",
            "geometry": {
                "type": "Point",
                "coordinates": [
                    101.38684,
                    14.053461
                ]
            },
            "properties": {
                "station_name": "เมืองปราจีนบุรี",
                "rain_24h": 11,
                "province": "ปราจีนบุรี",
                "datetime": "2026-06-05 08:00"
            }
        },
        {
            "type": "Feature",
            "geometry": {
                "type": "Point",
                "coordinates": [
                    100.10069,
                    17.2959
                ]
            },
            "properties": {
                "station_name": "อบต.ในเมือง",
                "rain_24h": 11,
                "province": "อุตรดิตถ์",
                "datetime": "2026-06-05 08:00"
            }
        },
        {
            "type": "Feature",
            "geometry": {
                "type": "Point",
                "coordinates": [
                    102.5298,
                    12.142032
                ]
            },
            "properties": {
                "station_name": "เปร็ดใน",
                "rain_24h": 11,
                "province": "ตราด",
                "datetime": "2026-06-05 08:00"
            }
        },
        {
            "type": "Feature",
            "geometry": {
                "type": "Point",
                "coordinates": [
                    100.02168,
                    17.702343
                ]
            },
            "properties": {
                "station_name": "คลองจอมแจ้ง",
                "rain_24h": 11,
                "province": "อุตรดิตถ์",
                "datetime": "2026-06-05 08:00"
            }
        },
        {
            "type": "Feature",
            "geometry": {
                "type": "Point",
                "coordinates": [
                    101.10615,
                    19.174852
                ]
            },
            "properties": {
                "station_name": "จุดชมวิว 1715",
                "rain_24h": 11,
                "province": "น่าน",
                "datetime": "2026-06-05 08:00"
            }
        },
        {
            "type": "Feature",
            "geometry": {
                "type": "Point",
                "coordinates": [
                    100.1496,
                    18.599714
                ]
            },
            "properties": {
                "station_name": "ศาลเจ้าพ่อพญาอ้น",
                "rain_24h": 10.8,
                "province": "แพร่",
                "datetime": "2026-06-05 08:00"
            }
        },
        {
            "type": "Feature",
            "geometry": {
                "type": "Point",
                "coordinates": [
                    98.95975,
                    19.00979
                ]
            },
            "properties": {
                "station_name": "สันทราย",
                "rain_24h": 10.8,
                "province": "เชียงใหม่",
                "datetime": "2026-06-05 08:00"
            }
        },
        {
            "type": "Feature",
            "geometry": {
                "type": "Point",
                "coordinates": [
                    99.33236,
                    19.007475
                ]
            },
            "properties": {
                "station_name": "หน่วยจัดการต้นน้ำแม่หวาน",
                "rain_24h": 10.8,
                "province": "เชียงใหม่",
                "datetime": "2026-06-05 08:00"
            }
        },
        {
            "type": "Feature",
            "geometry": {
                "type": "Point",
                "coordinates": [
                    100.32789,
                    16.670555
                ]
            },
            "properties": {
                "station_name": "สะพานวัดมงคลร่วมใจ (บ้านวังสาร)",
                "rain_24h": 10.8,
                "province": "พิษณุโลก",
                "datetime": "2026-06-05 08:00"
            }
        },
        {
            "type": "Feature",
            "geometry": {
                "type": "Point",
                "coordinates": [
                    104.64971,
                    14.615419
                ]
            },
            "properties": {
                "station_name": "วัดบ้านน้ำเย็น",
                "rain_24h": 10.8,
                "province": "ศรีสะเกษ",
                "datetime": "2026-06-05 08:00"
            }
        },
        {
            "type": "Feature",
            "geometry": {
                "type": "Point",
                "coordinates": [
                    99.86746,
                    20.381289
                ]
            },
            "properties": {
                "station_name": "ที่ทำการอุทยานแห่งชาติถ้ำหลวง - ขุนน้ำนางนอน",
                "rain_24h": 10.8,
                "province": "เชียงราย",
                "datetime": "2026-06-05 08:00"
            }
        },
        {
            "type": "Feature",
            "geometry": {
                "type": "Point",
                "coordinates": [
                    100.33088,
                    15.00602
                ]
            },
            "properties": {
                "station_name": "อินทร์บุรี",
                "rain_24h": 10.8,
                "province": "สิงห์บุรี",
                "datetime": "2026-06-05 08:00"
            }
        },
        {
            "type": "Feature",
            "geometry": {
                "type": "Point",
                "coordinates": [
                    103.290726,
                    17.386936
                ]
            },
            "properties": {
                "station_name": "อบต.บ้านยา",
                "rain_24h": 10.6,
                "province": "อุดรธานี",
                "datetime": "2026-06-05 08:00"
            }
        },
        {
            "type": "Feature",
            "geometry": {
                "type": "Point",
                "coordinates": [
                    98.52239,
                    18.533205
                ]
            },
            "properties": {
                "station_name": "หน่วยจัดการต้นน้ำแม่กลาง",
                "rain_24h": 10.6,
                "province": "เชียงใหม่",
                "datetime": "2026-06-05 08:00"
            }
        },
        {
            "type": "Feature",
            "geometry": {
                "type": "Point",
                "coordinates": [
                    100.9552,
                    18.9449
                ]
            },
            "properties": {
                "station_name": "อ่างเก็บน้ำห้วยยาง",
                "rain_24h": 10.6,
                "province": "น่าน",
                "datetime": "2026-06-05 08:00"
            }
        },
        {
            "type": "Feature",
            "geometry": {
                "type": "Point",
                "coordinates": [
                    99.38444,
                    7.855757
                ]
            },
            "properties": {
                "station_name": "อบต.อ่าวตง",
                "rain_24h": 10.6,
                "province": "ตรัง",
                "datetime": "2026-06-05 08:00"
            }
        },
        {
            "type": "Feature",
            "geometry": {
                "type": "Point",
                "coordinates": [
                    98.63017,
                    18.17859
                ]
            },
            "properties": {
                "station_name": "ฮอด",
                "rain_24h": 10.6,
                "province": "เชียงใหม่",
                "datetime": "2026-06-05 08:00"
            }
        },
        {
            "type": "Feature",
            "geometry": {
                "type": "Point",
                "coordinates": [
                    100.56083,
                    16.835382
                ]
            },
            "properties": {
                "station_name": "สะพานน้ำเข็ก",
                "rain_24h": 10.6,
                "province": "พิษณุโลก",
                "datetime": "2026-06-05 08:00"
            }
        },
        {
            "type": "Feature",
            "geometry": {
                "type": "Point",
                "coordinates": [
                    99.98749,
                    7.558777
                ]
            },
            "properties": {
                "station_name": "คลองนาท่อม",
                "rain_24h": 10.6,
                "province": "พัทลุง",
                "datetime": "2026-06-05 08:00"
            }
        },
        {
            "type": "Feature",
            "geometry": {
                "type": "Point",
                "coordinates": [
                    101.70547,
                    13.986616
                ]
            },
            "properties": {
                "station_name": "กบินทร์บุรี",
                "rain_24h": 10.6,
                "province": "ปราจีนบุรี",
                "datetime": "2026-06-05 08:00"
            }
        },
        {
            "type": "Feature",
            "geometry": {
                "type": "Point",
                "coordinates": [
                    99.30813,
                    17.385424
                ]
            },
            "properties": {
                "station_name": "หน่วยพิทักษ์อุทยานแห่งชาติ มว.๔ (แม่แสลม)",
                "rain_24h": 10.6,
                "province": "ลำปาง",
                "datetime": "2026-06-05 08:00"
            }
        },
        {
            "type": "Feature",
            "geometry": {
                "type": "Point",
                "coordinates": [
                    104.28575,
                    17.674906
                ]
            },
            "properties": {
                "station_name": "ศรีสงคราม",
                "rain_24h": 10.4,
                "province": "นครพนม",
                "datetime": "2026-06-05 08:00"
            }
        },
        {
            "type": "Feature",
            "geometry": {
                "type": "Point",
                "coordinates": [
                    98.416565,
                    8.67846
                ]
            },
            "properties": {
                "station_name": "ศูนย์พัฒนาเด็กเล็ก อบต.ท่านา",
                "rain_24h": 10.4,
                "province": "พังงา",
                "datetime": "2026-06-05 08:00"
            }
        },
        {
            "type": "Feature",
            "geometry": {
                "type": "Point",
                "coordinates": [
                    100.77581,
                    14.814826
                ]
            },
            "properties": {
                "station_name": "อ่างเก็บน้ำห้วยซับเหล็ก",
                "rain_24h": 10.4,
                "province": "ลพบุรี",
                "datetime": "2026-06-05 08:00"
            }
        },
        {
            "type": "Feature",
            "geometry": {
                "type": "Point",
                "coordinates": [
                    101.8964,
                    12.571805
                ]
            },
            "properties": {
                "station_name": "ศูนย์ศึกษาและพัฒนาป่าไม้อ่าวคุ้งกระเบน",
                "rain_24h": 10.4,
                "province": "จันทบุรี",
                "datetime": "2026-06-05 08:00"
            }
        },
        {
            "type": "Feature",
            "geometry": {
                "type": "Point",
                "coordinates": [
                    100.0537,
                    18.91207
                ]
            },
            "properties": {
                "station_name": "หน่วยจัดการต้นน้ำแม่ต๋ำ",
                "rain_24h": 10.4,
                "province": "พะเยา",
                "datetime": "2026-06-05 08:00"
            }
        },
        {
            "type": "Feature",
            "geometry": {
                "type": "Point",
                "coordinates": [
                    100.33244,
                    17.46789
                ]
            },
            "properties": {
                "station_name": "ทต.ทองแสนขัน",
                "rain_24h": 10.4,
                "province": "อุตรดิตถ์",
                "datetime": "2026-06-05 08:00"
            }
        },
        {
            "type": "Feature",
            "geometry": {
                "type": "Point",
                "coordinates": [
                    103.39763,
                    18.339111
                ]
            },
            "properties": {
                "station_name": "ทต.หนองเลิง",
                "rain_24h": 10.4,
                "province": "บึงกาฬ",
                "datetime": "2026-06-05 08:00"
            }
        },
        {
            "type": "Feature",
            "geometry": {
                "type": "Point",
                "coordinates": [
                    104.05005,
                    14.43152
                ]
            },
            "properties": {
                "station_name": "หน่วยจัดการต้นน้ำห้วยสำราญ",
                "rain_24h": 10.4,
                "province": "สุรินทร์",
                "datetime": "2026-06-05 08:00"
            }
        },
        {
            "type": "Feature",
            "geometry": {
                "type": "Point",
                "coordinates": [
                    100.50956,
                    18.584373
                ]
            },
            "properties": {
                "station_name": "สะพานห้วยแม่ถาบ้านปาหุ่ง",
                "rain_24h": 10.4,
                "province": "น่าน",
                "datetime": "2026-06-05 08:00"
            }
        },
        {
            "type": "Feature",
            "geometry": {
                "type": "Point",
                "coordinates": [
                    99.01148,
                    17.37875
                ]
            },
            "properties": {
                "station_name": "อ่างเก็บน้ำสองแควหลวง",
                "rain_24h": 10.4,
                "province": "ตาก",
                "datetime": "2026-06-05 08:00"
            }
        },
        {
            "type": "Feature",
            "geometry": {
                "type": "Point",
                "coordinates": [
                    99.52559,
                    19.427584
                ]
            },
            "properties": {
                "station_name": "หน่วยพิทักษ์อุทยานแห่งชาติที่ ดล.3 (ห้วยทราย)",
                "rain_24h": 10.4,
                "province": "เชียงราย",
                "datetime": "2026-06-05 08:00"
            }
        },
        {
            "type": "Feature",
            "geometry": {
                "type": "Point",
                "coordinates": [
                    99.74125,
                    8.172459
                ]
            },
            "properties": {
                "station_name": "ที่ทำการอุทยานแห่งชาติน้ำตกโยง",
                "rain_24h": 10.4,
                "province": "นครศรีธรรมราช",
                "datetime": "2026-06-05 08:00"
            }
        },
        {
            "type": "Feature",
            "geometry": {
                "type": "Point",
                "coordinates": [
                    99.08733,
                    16.81018
                ]
            },
            "properties": {
                "station_name": "อ่างเก็บน้ำตลุกหิน",
                "rain_24h": 10.4,
                "province": "ตาก",
                "datetime": "2026-06-05 08:00"
            }
        },
        {
            "type": "Feature",
            "geometry": {
                "type": "Point",
                "coordinates": [
                    99.27444,
                    8.252242
                ]
            },
            "properties": {
                "station_name": "อบต.สินปุน",
                "rain_24h": 10.4,
                "province": "กระบี่",
                "datetime": "2026-06-05 08:00"
            }
        },
        {
            "type": "Feature",
            "geometry": {
                "type": "Point",
                "coordinates": [
                    100.706726,
                    19.11322
                ]
            },
            "properties": {
                "station_name": "หน่วยจัดการต้นน้ำสบสาย",
                "rain_24h": 10.4,
                "province": "น่าน",
                "datetime": "2026-06-05 08:00"
            }
        },
        {
            "type": "Feature",
            "geometry": {
                "type": "Point",
                "coordinates": [
                    99.253914,
                    8.571067
                ]
            },
            "properties": {
                "station_name": "เวียงสระ",
                "rain_24h": 10.2,
                "province": "สุราษฎร์ธานี",
                "datetime": "2026-06-05 08:00"
            }
        },
        {
            "type": "Feature",
            "geometry": {
                "type": "Point",
                "coordinates": [
                    98.514175,
                    17.664206
                ]
            },
            "properties": {
                "station_name": "หน่วยจัดการต้นน้ำขุนแม่หาด ",
                "rain_24h": 10.2,
                "province": "เชียงใหม่",
                "datetime": "2026-06-05 08:00"
            }
        },
        {
            "type": "Feature",
            "geometry": {
                "type": "Point",
                "coordinates": [
                    98.8346,
                    17.7042
                ]
            },
            "properties": {
                "station_name": "หน่วยจัดการต้นน้ำแม่แตะ",
                "rain_24h": 10.2,
                "province": "ลำพูน",
                "datetime": "2026-06-05 08:00"
            }
        },
        {
            "type": "Feature",
            "geometry": {
                "type": "Point",
                "coordinates": [
                    99.63348,
                    7.789229
                ]
            },
            "properties": {
                "station_name": "ทต.ห้วยยอด",
                "rain_24h": 10.2,
                "province": "ตรัง",
                "datetime": "2026-06-05 08:00"
            }
        },
        {
            "type": "Feature",
            "geometry": {
                "type": "Point",
                "coordinates": [
                    101.85303,
                    12.770839
                ]
            },
            "properties": {
                "station_name": "อบต.นายายอาม",
                "rain_24h": 10.2,
                "province": "จันทบุรี",
                "datetime": "2026-06-05 08:00"
            }
        },
        {
            "type": "Feature",
            "geometry": {
                "type": "Point",
                "coordinates": [
                    99.604034,
                    17.653162
                ]
            },
            "properties": {
                "station_name": "หน่วยศึกษาการพัฒนาการอนุรักษ์ต้นน้ำแม่สาน (หน่วยย่อย)",
                "rain_24h": 10.2,
                "province": "สุโขทัย",
                "datetime": "2026-06-05 08:00"
            }
        },
        {
            "type": "Feature",
            "geometry": {
                "type": "Point",
                "coordinates": [
                    100.90167,
                    16.17908
                ]
            },
            "properties": {
                "station_name": "อบต.ชนแดน",
                "rain_24h": 10,
                "province": "เพชรบูรณ์",
                "datetime": "2026-06-05 08:00"
            }
        },
        {
            "type": "Feature",
            "geometry": {
                "type": "Point",
                "coordinates": [
                    99.31434,
                    18.867105
                ]
            },
            "properties": {
                "station_name": "หน่วยจัดการต้นน้ำแม่ลาย – แม่ออน",
                "rain_24h": 10,
                "province": "เชียงใหม่",
                "datetime": "2026-06-05 08:00"
            }
        },
        {
            "type": "Feature",
            "geometry": {
                "type": "Point",
                "coordinates": [
                    100.65635,
                    19.457697
                ]
            },
            "properties": {
                "station_name": "หน่วยจัดการต้นน้ำขุนน้ำพริก",
                "rain_24h": 10,
                "province": "น่าน",
                "datetime": "2026-06-05 08:00"
            }
        },
        {
            "type": "Feature",
            "geometry": {
                "type": "Point",
                "coordinates": [
                    98.43967,
                    19.37381
                ]
            },
            "properties": {
                "station_name": "ปาย",
                "rain_24h": 10,
                "province": "แม่ฮ่องสอน",
                "datetime": "2026-06-05 08:00"
            }
        },
        {
            "type": "Feature",
            "geometry": {
                "type": "Point",
                "coordinates": [
                    99.09539,
                    10.607492
                ]
            },
            "properties": {
                "station_name": "สะพานมิตรภาพรับร่อ-หินแก้ว",
                "rain_24h": 10,
                "province": "ชุมพร",
                "datetime": "2026-06-05 08:00"
            }
        },
        {
            "type": "Feature",
            "geometry": {
                "type": "Point",
                "coordinates": [
                    101.35296,
                    13.72662
                ]
            },
            "properties": {
                "station_name": "พนมสารคาม",
                "rain_24h": 10,
                "province": "ฉะเชิงเทรา",
                "datetime": "2026-06-05 08:00"
            }
        },
        {
            "type": "Feature",
            "geometry": {
                "type": "Point",
                "coordinates": [
                    98.52675,
                    16.983826
                ]
            },
            "properties": {
                "station_name": "สะพานแม่ระมาด",
                "rain_24h": 9.8,
                "province": "ตาก",
                "datetime": "2026-06-05 08:00"
            }
        },
        {
            "type": "Feature",
            "geometry": {
                "type": "Point",
                "coordinates": [
                    104.45695,
                    15.310849
                ]
            },
            "properties": {
                "station_name": "ท้ายฝายธาตุน้อย",
                "rain_24h": 9.8,
                "province": "อุบลราชธานี",
                "datetime": "2026-06-05 08:00"
            }
        },
        {
            "type": "Feature",
            "geometry": {
                "type": "Point",
                "coordinates": [
                    102.52681,
                    12.262464
                ]
            },
            "properties": {
                "station_name": "วังกระแจะ",
                "rain_24h": 9.8,
                "province": "ตราด",
                "datetime": "2026-06-05 08:00"
            }
        },
        {
            "type": "Feature",
            "geometry": {
                "type": "Point",
                "coordinates": [
                    99.92907,
                    19.0328
                ]
            },
            "properties": {
                "station_name": "สะพานคลองแม่กาหลง (ม.พะเยา)",
                "rain_24h": 9.8,
                "province": "พะเยา",
                "datetime": "2026-06-05 08:00"
            }
        },
        {
            "type": "Feature",
            "geometry": {
                "type": "Point",
                "coordinates": [
                    100.13471,
                    15.42655
                ]
            },
            "properties": {
                "station_name": "พยุหะคีรี",
                "rain_24h": 9.8,
                "province": "นครสวรรค์",
                "datetime": "2026-06-05 08:00"
            }
        },
        {
            "type": "Feature",
            "geometry": {
                "type": "Point",
                "coordinates": [
                    101.14906,
                    16.44121
                ]
            },
            "properties": {
                "station_name": "อบจ.เพชรบูรณ์",
                "rain_24h": 9.6,
                "province": "เพชรบูรณ์",
                "datetime": "2026-06-05 08:00"
            }
        },
        {
            "type": "Feature",
            "geometry": {
                "type": "Point",
                "coordinates": [
                    100.33195,
                    13.79565
                ]
            },
            "properties": {
                "station_name": "คลองทวีวัฒนา ท้ายปตร.ทวีวัฒนา",
                "rain_24h": 9.6,
                "province": "กรุงเทพมหานคร",
                "datetime": "2026-06-05 08:00"
            }
        },
        {
            "type": "Feature",
            "geometry": {
                "type": "Point",
                "coordinates": [
                    98.48728,
                    17.37028
                ]
            },
            "properties": {
                "station_name": "สะพานพญาอาทิตราช",
                "rain_24h": 9.6,
                "province": "เชียงใหม่",
                "datetime": "2026-06-05 08:00"
            }
        },
        {
            "type": "Feature",
            "geometry": {
                "type": "Point",
                "coordinates": [
                    99.936035,
                    6.928371
                ]
            },
            "properties": {
                "station_name": "ควนกาหลง",
                "rain_24h": 9.6,
                "province": "สตูล",
                "datetime": "2026-06-05 08:00"
            }
        },
        {
            "type": "Feature",
            "geometry": {
                "type": "Point",
                "coordinates": [
                    100.09529,
                    18.06268
                ]
            },
            "properties": {
                "station_name": "ศูนย์พัฒนาเด็กเล็ก อบต.สูงเม่น",
                "rain_24h": 9.6,
                "province": "แพร่",
                "datetime": "2026-06-05 08:00"
            }
        },
        {
            "type": "Feature",
            "geometry": {
                "type": "Point",
                "coordinates": [
                    100.879684,
                    16.842468
                ]
            },
            "properties": {
                "station_name": "ที่ทำการ อช.ทุ่งแสลงหลวง",
                "rain_24h": 9.6,
                "province": "พิษณุโลก",
                "datetime": "2026-06-05 08:00"
            }
        },
        {
            "type": "Feature",
            "geometry": {
                "type": "Point",
                "coordinates": [
                    100.24476,
                    16.86469
                ]
            },
            "properties": {
                "station_name": "เมืองพิษณุโลก",
                "rain_24h": 9.6,
                "province": "พิษณุโลก",
                "datetime": "2026-06-05 08:00"
            }
        },
        {
            "type": "Feature",
            "geometry": {
                "type": "Point",
                "coordinates": [
                    99.40274,
                    17.74115
                ]
            },
            "properties": {
                "station_name": "อ่างเก็บน้ำแม่อาง",
                "rain_24h": 9.6,
                "province": "แพร่",
                "datetime": "2026-06-05 08:00"
            }
        },
        {
            "type": "Feature",
            "geometry": {
                "type": "Point",
                "coordinates": [
                    99.50328,
                    18.810192
                ]
            },
            "properties": {
                "station_name": "สะพานคลองแม่มอญ",
                "rain_24h": 9.4,
                "province": "ลำปาง",
                "datetime": "2026-06-05 08:00"
            }
        },
        {
            "type": "Feature",
            "geometry": {
                "type": "Point",
                "coordinates": [
                    101.67301,
                    16.49914
                ]
            },
            "properties": {
                "station_name": "หน่วยจัดการต้นน้ำทุ่งลุยลาย",
                "rain_24h": 9.4,
                "province": "ชัยภูมิ",
                "datetime": "2026-06-05 08:00"
            }
        },
        {
            "type": "Feature",
            "geometry": {
                "type": "Point",
                "coordinates": [
                    99.13403,
                    19.32973
                ]
            },
            "properties": {
                "station_name": "หน่วยพิทักษ์อุทยานแห่งชาติที่ ศล.๕ (แม่ระงอง)",
                "rain_24h": 9.4,
                "province": "เชียงใหม่",
                "datetime": "2026-06-05 08:00"
            }
        },
        {
            "type": "Feature",
            "geometry": {
                "type": "Point",
                "coordinates": [
                    100.56645,
                    14.30455
                ]
            },
            "properties": {
                "station_name": "บางปะอิน",
                "rain_24h": 9.4,
                "province": "พระนครศรีอยุธยา",
                "datetime": "2026-06-05 08:00"
            }
        },
        {
            "type": "Feature",
            "geometry": {
                "type": "Point",
                "coordinates": [
                    101.33372,
                    14.527594
                ]
            },
            "properties": {
                "station_name": "สถานีวิจัยต้นน้ำมูล",
                "rain_24h": 9.4,
                "province": "นครราชสีมา",
                "datetime": "2026-06-05 08:00"
            }
        },
        {
            "type": "Feature",
            "geometry": {
                "type": "Point",
                "coordinates": [
                    101.95816,
                    6.00508
                ]
            },
            "properties": {
                "station_name": "ทต.สุไหงโก-ลก",
                "rain_24h": 9.4,
                "province": "นราธิวาส",
                "datetime": "2026-06-05 08:00"
            }
        },
        {
            "type": "Feature",
            "geometry": {
                "type": "Point",
                "coordinates": [
                    99.239555,
                    18.045229
                ]
            },
            "properties": {
                "station_name": "สะพานน้ำแม่ต๋ำ",
                "rain_24h": 9.2,
                "province": "ลำปาง",
                "datetime": "2026-06-05 08:00"
            }
        },
        {
            "type": "Feature",
            "geometry": {
                "type": "Point",
                "coordinates": [
                    100.3647,
                    17.9472
                ]
            },
            "properties": {
                "station_name": "หน่วยพิทักษ์อุทยานแห่งชาติที่ ลน. 6 (น้ำพร้า)",
                "rain_24h": 9.2,
                "province": "อุตรดิตถ์",
                "datetime": "2026-06-05 08:00"
            }
        },
        {
            "type": "Feature",
            "geometry": {
                "type": "Point",
                "coordinates": [
                    99.23061,
                    17.75171
                ]
            },
            "properties": {
                "station_name": "เถิน",
                "rain_24h": 9.2,
                "province": "ลำปาง",
                "datetime": "2026-06-05 08:00"
            }
        },
        {
            "type": "Feature",
            "geometry": {
                "type": "Point",
                "coordinates": [
                    100.23981,
                    19.149557
                ]
            },
            "properties": {
                "station_name": "หน่วยศึกษาการพัฒนาการอนุรักษ์ต้นน้ำน้ำม่าว",
                "rain_24h": 9.2,
                "province": "พะเยา",
                "datetime": "2026-06-05 08:00"
            }
        },
        {
            "type": "Feature",
            "geometry": {
                "type": "Point",
                "coordinates": [
                    99.28896,
                    15.16183
                ]
            },
            "properties": {
                "station_name": "รพสต.แก่นมะกรูด",
                "rain_24h": 9.2,
                "province": "อุทัยธานี",
                "datetime": "2026-06-05 08:00"
            }
        },
        {
            "type": "Feature",
            "geometry": {
                "type": "Point",
                "coordinates": [
                    100.5864,
                    14.40269
                ]
            },
            "properties": {
                "station_name": "นครหลวง",
                "rain_24h": 9,
                "province": "พระนครศรีอยุธยา",
                "datetime": "2026-06-05 08:00"
            }
        },
        {
            "type": "Feature",
            "geometry": {
                "type": "Point",
                "coordinates": [
                    99.99436,
                    7.96636
                ]
            },
            "properties": {
                "station_name": "คลองชะอวด",
                "rain_24h": 9,
                "province": "นครศรีธรรมราช",
                "datetime": "2026-06-05 08:00"
            }
        },
        {
            "type": "Feature",
            "geometry": {
                "type": "Point",
                "coordinates": [
                    102.20316,
                    13.11548
                ]
            },
            "properties": {
                "station_name": "ฝายจิตรมานี",
                "rain_24h": 9,
                "province": "จันทบุรี",
                "datetime": "2026-06-05 08:00"
            }
        },
        {
            "type": "Feature",
            "geometry": {
                "type": "Point",
                "coordinates": [
                    103.80707,
                    17.602118
                ]
            },
            "properties": {
                "station_name": "อบต.ขัวก่าย",
                "rain_24h": 9,
                "province": "สกลนคร",
                "datetime": "2026-06-05 08:00"
            }
        },
        {
            "type": "Feature",
            "geometry": {
                "type": "Point",
                "coordinates": [
                    100.13075,
                    17.41834
                ]
            },
            "properties": {
                "station_name": "ตรอน",
                "rain_24h": 9,
                "province": "อุตรดิตถ์",
                "datetime": "2026-06-05 08:00"
            }
        },
        {
            "type": "Feature",
            "geometry": {
                "type": "Point",
                "coordinates": [
                    98.50671,
                    16.71145
                ]
            },
            "properties": {
                "station_name": "วัดวังตะเคียน",
                "rain_24h": 9,
                "province": "ตาก",
                "datetime": "2026-06-05 08:00"
            }
        },
        {
            "type": "Feature",
            "geometry": {
                "type": "Point",
                "coordinates": [
                    100.889786,
                    14.546948
                ]
            },
            "properties": {
                "station_name": "สะพานแมน้ำปาสัก บ้านนาโฉง",
                "rain_24h": 9,
                "province": "สระบุรี",
                "datetime": "2026-06-05 08:00"
            }
        },
        {
            "type": "Feature",
            "geometry": {
                "type": "Point",
                "coordinates": [
                    99.2328,
                    9.106087
                ]
            },
            "properties": {
                "station_name": "ทม.ท่าข้าม",
                "rain_24h": 9,
                "province": "สุราษฎร์ธานี",
                "datetime": "2026-06-05 08:00"
            }
        },
        {
            "type": "Feature",
            "geometry": {
                "type": "Point",
                "coordinates": [
                    99.12824,
                    10.620336
                ]
            },
            "properties": {
                "station_name": "อบต.ท่าข้าม",
                "rain_24h": 9,
                "province": "ชุมพร",
                "datetime": "2026-06-05 08:00"
            }
        },
        {
            "type": "Feature",
            "geometry": {
                "type": "Point",
                "coordinates": [
                    100.972626,
                    6.825135
                ]
            },
            "properties": {
                "station_name": "สะพานเทพาสันติสุข",
                "rain_24h": 8.8,
                "province": "สงขลา",
                "datetime": "2026-06-05 08:00"
            }
        },
        {
            "type": "Feature",
            "geometry": {
                "type": "Point",
                "coordinates": [
                    98.3436,
                    17.4721
                ]
            },
            "properties": {
                "station_name": "หน่วยจัดการต้นน้ำแม่ระอา",
                "rain_24h": 8.8,
                "province": "เชียงใหม่",
                "datetime": "2026-06-05 08:00"
            }
        },
        {
            "type": "Feature",
            "geometry": {
                "type": "Point",
                "coordinates": [
                    100.36446,
                    14.815273
                ]
            },
            "properties": {
                "station_name": "สะพานค่ายบางระจัน",
                "rain_24h": 8.8,
                "province": "สิงห์บุรี",
                "datetime": "2026-06-05 08:00"
            }
        },
        {
            "type": "Feature",
            "geometry": {
                "type": "Point",
                "coordinates": [
                    103.93653,
                    17.622486
                ]
            },
            "properties": {
                "station_name": "รร.บ้านวาน้อย",
                "rain_24h": 8.8,
                "province": "สกลนคร",
                "datetime": "2026-06-05 08:00"
            }
        },
        {
            "type": "Feature",
            "geometry": {
                "type": "Point",
                "coordinates": [
                    99.7046,
                    18.8137
                ]
            },
            "properties": {
                "station_name": "หน่วยพิทักษ์อุทยานแห่งชาติถ้ำผาไท หน่วยที่ 5 (น้ำตกตาดน้อย)",
                "rain_24h": 8.6,
                "province": "ลำปาง",
                "datetime": "2026-06-05 08:00"
            }
        },
        {
            "type": "Feature",
            "geometry": {
                "type": "Point",
                "coordinates": [
                    102.211,
                    14.2047
                ]
            },
            "properties": {
                "station_name": "หน่วยพิทักษ์อุทยานแห่งชาติที่ ทล. ๓ (ลำแปรง)",
                "rain_24h": 8.6,
                "province": "นครราชสีมา",
                "datetime": "2026-06-05 08:00"
            }
        },
        {
            "type": "Feature",
            "geometry": {
                "type": "Point",
                "coordinates": [
                    98.88711,
                    9.896225
                ]
            },
            "properties": {
                "station_name": "อบต.พระรักษ์",
                "rain_24h": 8.6,
                "province": "ชุมพร",
                "datetime": "2026-06-05 08:00"
            }
        },
        {
            "type": "Feature",
            "geometry": {
                "type": "Point",
                "coordinates": [
                    102.47644,
                    17.686708
                ]
            },
            "properties": {
                "station_name": "เทศบาลตำบลบ้านผือ",
                "rain_24h": 8.4,
                "province": "อุดรธานี",
                "datetime": "2026-06-05 08:00"
            }
        },
        {
            "type": "Feature",
            "geometry": {
                "type": "Point",
                "coordinates": [
                    100.47229,
                    18.86476
                ]
            },
            "properties": {
                "station_name": "อ่างเก็บน้ำห้วยสีพัน",
                "rain_24h": 8.4,
                "province": "น่าน",
                "datetime": "2026-06-05 08:00"
            }
        },
        {
            "type": "Feature",
            "geometry": {
                "type": "Point",
                "coordinates": [
                    98.80356,
                    8.900032
                ]
            },
            "properties": {
                "station_name": "พิพิธภัณฑ์ธรรมชาติจัดการน้ำชุมชนฯ บ้านปากซวด",
                "rain_24h": 8.4,
                "province": "สุราษฎร์ธานี",
                "datetime": "2026-06-05 08:00"
            }
        },
        {
            "type": "Feature",
            "geometry": {
                "type": "Point",
                "coordinates": [
                    98.79711,
                    8.284223
                ]
            },
            "properties": {
                "station_name": "อบต.คลองหิน",
                "rain_24h": 8.2,
                "province": "กระบี่",
                "datetime": "2026-06-05 08:00"
            }
        },
        {
            "type": "Feature",
            "geometry": {
                "type": "Point",
                "coordinates": [
                    100.74476,
                    14.206123
                ]
            },
            "properties": {
                "station_name": "คลองระพีพัฒน์แยกตก",
                "rain_24h": 8.2,
                "province": "ปทุมธานี",
                "datetime": "2026-06-05 08:00"
            }
        },
        {
            "type": "Feature",
            "geometry": {
                "type": "Point",
                "coordinates": [
                    103.18653,
                    14.97336
                ]
            },
            "properties": {
                "station_name": "ทต.ห้วยราช",
                "rain_24h": 8.2,
                "province": "บุรีรัมย์",
                "datetime": "2026-06-05 08:00"
            }
        },
        {
            "type": "Feature",
            "geometry": {
                "type": "Point",
                "coordinates": [
                    98.78661,
                    18.836586
                ]
            },
            "properties": {
                "station_name": "หน่วยจัดการต้นน้ำห้วยป่าเลา",
                "rain_24h": 8.2,
                "province": "เชียงใหม่",
                "datetime": "2026-06-05 08:00"
            }
        },
        {
            "type": "Feature",
            "geometry": {
                "type": "Point",
                "coordinates": [
                    98.82031,
                    8.889668
                ]
            },
            "properties": {
                "station_name": "สะพานทางเข้าชุมชนบ้านปากซวด",
                "rain_24h": 8.2,
                "province": "สุราษฎร์ธานี",
                "datetime": "2026-06-05 08:00"
            }
        },
        {
            "type": "Feature",
            "geometry": {
                "type": "Point",
                "coordinates": [
                    99.77253,
                    13.71494
                ]
            },
            "properties": {
                "station_name": "ทต.เขาขวาง",
                "rain_24h": 8.2,
                "province": "ราชบุรี",
                "datetime": "2026-06-05 08:00"
            }
        },
        {
            "type": "Feature",
            "geometry": {
                "type": "Point",
                "coordinates": [
                    100.742714,
                    14.650724
                ]
            },
            "properties": {
                "station_name": "สะพานคลองส่งน้ำชลประทาน บ้านสร่างโศก",
                "rain_24h": 8,
                "province": "สระบุรี",
                "datetime": "2026-06-05 08:00"
            }
        },
        {
            "type": "Feature",
            "geometry": {
                "type": "Point",
                "coordinates": [
                    99.78444,
                    20.323673
                ]
            },
            "properties": {
                "station_name": "หน่วยจัดการต้นน้ำดอยตุง",
                "rain_24h": 8,
                "province": "เชียงราย",
                "datetime": "2026-06-05 08:00"
            }
        },
        {
            "type": "Feature",
            "geometry": {
                "type": "Point",
                "coordinates": [
                    100.47182,
                    18.85078
                ]
            },
            "properties": {
                "station_name": "อ่างเก็บน้ำห้วยช้าง",
                "rain_24h": 8,
                "province": "น่าน",
                "datetime": "2026-06-05 08:00"
            }
        },
        {
            "type": "Feature",
            "geometry": {
                "type": "Point",
                "coordinates": [
                    103.10288,
                    15.774334
                ]
            },
            "properties": {
                "station_name": "อบต.หนองโพธิ์",
                "rain_24h": 7.8,
                "province": "มหาสารคาม",
                "datetime": "2026-06-05 08:00"
            }
        },
        {
            "type": "Feature",
            "geometry": {
                "type": "Point",
                "coordinates": [
                    98.84675,
                    18.10623
                ]
            },
            "properties": {
                "station_name": "อ่างเก็บน้ำห้วยแม่ปาง",
                "rain_24h": 7.8,
                "province": "ลำพูน",
                "datetime": "2026-06-05 08:00"
            }
        },
        {
            "type": "Feature",
            "geometry": {
                "type": "Point",
                "coordinates": [
                    101.19879,
                    19.07307
                ]
            },
            "properties": {
                "station_name": "วัดบ้านดงผาปูน",
                "rain_24h": 7.8,
                "province": "น่าน",
                "datetime": "2026-06-05 08:00"
            }
        },
        {
            "type": "Feature",
            "geometry": {
                "type": "Point",
                "coordinates": [
                    98.9771,
                    18.67794
                ]
            },
            "properties": {
                "station_name": "อบต.สบแม่ข่า",
                "rain_24h": 7.8,
                "province": "เชียงใหม่",
                "datetime": "2026-06-05 08:00"
            }
        },
        {
            "type": "Feature",
            "geometry": {
                "type": "Point",
                "coordinates": [
                    101.50009,
                    16.018785
                ]
            },
            "properties": {
                "station_name": "อบต.บ้านเจียง",
                "rain_24h": 7.8,
                "province": "ชัยภูมิ",
                "datetime": "2026-06-05 08:00"
            }
        },
        {
            "type": "Feature",
            "geometry": {
                "type": "Point",
                "coordinates": [
                    99.02463,
                    17.35603
                ]
            },
            "properties": {
                "station_name": "อ่างเก็บน้ำสองแควเหนือ",
                "rain_24h": 7.6,
                "province": "ตาก",
                "datetime": "2026-06-05 08:00"
            }
        },
        {
            "type": "Feature",
            "geometry": {
                "type": "Point",
                "coordinates": [
                    99.1794,
                    17.7567
                ]
            },
            "properties": {
                "station_name": "สถานีวิจัยต้นน้ำวัง",
                "rain_24h": 7.6,
                "province": "ลำปาง",
                "datetime": "2026-06-05 08:00"
            }
        },
        {
            "type": "Feature",
            "geometry": {
                "type": "Point",
                "coordinates": [
                    100.389786,
                    19.150398
                ]
            },
            "properties": {
                "station_name": "สะพานบ้านขุนควร บ้านสบขาม",
                "rain_24h": 7.6,
                "province": "พะเยา",
                "datetime": "2026-06-05 08:00"
            }
        },
        {
            "type": "Feature",
            "geometry": {
                "type": "Point",
                "coordinates": [
                    99.12897,
                    17.44521
                ]
            },
            "properties": {
                "station_name": "แม่พริก",
                "rain_24h": 7.6,
                "province": "ลำปาง",
                "datetime": "2026-06-05 08:00"
            }
        },
        {
            "type": "Feature",
            "geometry": {
                "type": "Point",
                "coordinates": [
                    100.29565,
                    18.19978
                ]
            },
            "properties": {
                "station_name": "อ่างเก็บน้ำแม่เติ๊ก",
                "rain_24h": 7.4,
                "province": "แพร่",
                "datetime": "2026-06-05 08:00"
            }
        },
        {
            "type": "Feature",
            "geometry": {
                "type": "Point",
                "coordinates": [
                    99.8069,
                    18.8879
                ]
            },
            "properties": {
                "station_name": "หน่วยศึกษาการพัฒนาการอนุรักษ์ต้นน้ำขุนงาว",
                "rain_24h": 7.4,
                "province": "ลำปาง",
                "datetime": "2026-06-05 08:00"
            }
        },
        {
            "type": "Feature",
            "geometry": {
                "type": "Point",
                "coordinates": [
                    99.53867,
                    12.66014
                ]
            },
            "properties": {
                "station_name": "รร.ตชด. นเรศวรบ้านห้วยโสก",
                "rain_24h": 7.4,
                "province": "เพชรบุรี",
                "datetime": "2026-06-05 08:00"
            }
        },
        {
            "type": "Feature",
            "geometry": {
                "type": "Point",
                "coordinates": [
                    99.67887,
                    8.174954
                ]
            },
            "properties": {
                "station_name": "ทุ่งสง",
                "rain_24h": 7.4,
                "province": "นครศรีธรรมราช",
                "datetime": "2026-06-05 08:00"
            }
        },
        {
            "type": "Feature",
            "geometry": {
                "type": "Point",
                "coordinates": [
                    104.26147,
                    17.626986
                ]
            },
            "properties": {
                "station_name": "ทต.ศรีสงคราม",
                "rain_24h": 7.4,
                "province": "นครพนม",
                "datetime": "2026-06-05 08:00"
            }
        },
        {
            "type": "Feature",
            "geometry": {
                "type": "Point",
                "coordinates": [
                    100.04161,
                    17.88574
                ]
            },
            "properties": {
                "station_name": "ชุมชนห้วยไร่",
                "rain_24h": 7.4,
                "province": "แพร่",
                "datetime": "2026-06-05 08:00"
            }
        },
        {
            "type": "Feature",
            "geometry": {
                "type": "Point",
                "coordinates": [
                    103.14557,
                    14.370019
                ]
            },
            "properties": {
                "station_name": "โรงเรียนบ้านสายโท ๔ ใต้",
                "rain_24h": 7.2,
                "province": "บุรีรัมย์",
                "datetime": "2026-06-05 08:00"
            }
        },
        {
            "type": "Feature",
            "geometry": {
                "type": "Point",
                "coordinates": [
                    98.93967,
                    18.60126
                ]
            },
            "properties": {
                "station_name": "รพสต.บ้านหนองไคร้",
                "rain_24h": 7.2,
                "province": "เชียงใหม่",
                "datetime": "2026-06-05 08:00"
            }
        },
        {
            "type": "Feature",
            "geometry": {
                "type": "Point",
                "coordinates": [
                    100.33734,
                    16.95813
                ]
            },
            "properties": {
                "station_name": "อบต.วัดโบสถ์",
                "rain_24h": 7.2,
                "province": "พิษณุโลก",
                "datetime": "2026-06-05 08:00"
            }
        },
        {
            "type": "Feature",
            "geometry": {
                "type": "Point",
                "coordinates": [
                    100.95907,
                    19.180208
                ]
            },
            "properties": {
                "station_name": "ลำน้ำขว้าง (ฝายจ้าว)",
                "rain_24h": 7.2,
                "province": "น่าน",
                "datetime": "2026-06-05 08:00"
            }
        },
        {
            "type": "Feature",
            "geometry": {
                "type": "Point",
                "coordinates": [
                    100.41324,
                    15.145637
                ]
            },
            "properties": {
                "station_name": "ท้ายปตร.ช่องแค",
                "rain_24h": 7.2,
                "province": "นครสวรรค์",
                "datetime": "2026-06-05 08:00"
            }
        },
        {
            "type": "Feature",
            "geometry": {
                "type": "Point",
                "coordinates": [
                    99.47587,
                    8.02923
                ]
            },
            "properties": {
                "station_name": "อบต.บ้านลำนาว",
                "rain_24h": 7.2,
                "province": "นครศรีธรรมราช",
                "datetime": "2026-06-05 08:00"
            }
        },
        {
            "type": "Feature",
            "geometry": {
                "type": "Point",
                "coordinates": [
                    104.32593,
                    17.07915
                ]
            },
            "properties": {
                "station_name": "อบต.ด่านม่วงคำ",
                "rain_24h": 7,
                "province": "สกลนคร",
                "datetime": "2026-06-05 08:00"
            }
        },
        {
            "type": "Feature",
            "geometry": {
                "type": "Point",
                "coordinates": [
                    101.81679,
                    13.133226
                ]
            },
            "properties": {
                "station_name": "โรงเรียนบ้านคลองครก",
                "rain_24h": 7,
                "province": "จันทบุรี",
                "datetime": "2026-06-05 08:00"
            }
        },
        {
            "type": "Feature",
            "geometry": {
                "type": "Point",
                "coordinates": [
                    101.66913,
                    17.824232
                ]
            },
            "properties": {
                "station_name": "อบต.นาซ่าว",
                "rain_24h": 7,
                "province": "เลย",
                "datetime": "2026-06-05 08:00"
            }
        },
        {
            "type": "Feature",
            "geometry": {
                "type": "Point",
                "coordinates": [
                    100.5996,
                    14.76049
                ]
            },
            "properties": {
                "station_name": "เมืองลพบุรี",
                "rain_24h": 7,
                "province": "ลพบุรี",
                "datetime": "2026-06-05 08:00"
            }
        },
        {
            "type": "Feature",
            "geometry": {
                "type": "Point",
                "coordinates": [
                    99.26644,
                    7.99341
                ]
            },
            "properties": {
                "station_name": "หน่วยพิทักษ์ป่าเขาประ (แผ่นดินเสมอ)",
                "rain_24h": 7,
                "province": "กระบี่",
                "datetime": "2026-06-05 08:00"
            }
        },
        {
            "type": "Feature",
            "geometry": {
                "type": "Point",
                "coordinates": [
                    99.2576,
                    16.3287
                ]
            },
            "properties": {
                "station_name": "หน่วยพิทักษ์อุทยานแห่งชาติที่ คล.4 (คลองสวนหมาก)",
                "rain_24h": 7,
                "province": "กำแพงเพชร",
                "datetime": "2026-06-05 08:00"
            }
        },
        {
            "type": "Feature",
            "geometry": {
                "type": "Point",
                "coordinates": [
                    101.0983,
                    14.5439
                ]
            },
            "properties": {
                "station_name": "ที่ทำการเขตห้ามล่าสัตว์ป่าแก่งคอย",
                "rain_24h": 6.8,
                "province": "สระบุรี",
                "datetime": "2026-06-05 08:00"
            }
        },
        {
            "type": "Feature",
            "geometry": {
                "type": "Point",
                "coordinates": [
                    100.992645,
                    17.004087
                ]
            },
            "properties": {
                "station_name": "ที่ทำการอุทยานแห่งชาติภูหินร่องกล้า",
                "rain_24h": 6.8,
                "province": "พิษณุโลก",
                "datetime": "2026-06-05 08:00"
            }
        },
        {
            "type": "Feature",
            "geometry": {
                "type": "Point",
                "coordinates": [
                    98.78764,
                    14.53559
                ]
            },
            "properties": {
                "station_name": "ลิ่นถิ่น",
                "rain_24h": 6.8,
                "province": "กาญจนบุรี",
                "datetime": "2026-06-05 08:00"
            }
        },
        {
            "type": "Feature",
            "geometry": {
                "type": "Point",
                "coordinates": [
                    99.76106,
                    7.96328
                ]
            },
            "properties": {
                "station_name": "หน่วยพิทักษ์อุทยานแห่งชาติที่ ขป.๔ (บ้านน้ำตก)",
                "rain_24h": 6.8,
                "province": "นครศรีธรรมราช",
                "datetime": "2026-06-05 08:00"
            }
        },
        {
            "type": "Feature",
            "geometry": {
                "type": "Point",
                "coordinates": [
                    100.24581,
                    16.67167
                ]
            },
            "properties": {
                "station_name": "คลองผันน้ำยม-น่าน4",
                "rain_24h": 6.8,
                "province": "พิษณุโลก",
                "datetime": "2026-06-05 08:00"
            }
        },
        {
            "type": "Feature",
            "geometry": {
                "type": "Point",
                "coordinates": [
                    97.85113,
                    18.308006
                ]
            },
            "properties": {
                "station_name": "ที่ทำการเขตรักษาพันธุ์สัตว์ป่าสาละวิน",
                "rain_24h": 6.6,
                "province": "แม่ฮ่องสอน",
                "datetime": "2026-06-05 08:00"
            }
        },
        {
            "type": "Feature",
            "geometry": {
                "type": "Point",
                "coordinates": [
                    100.10562,
                    17.48609
                ]
            },
            "properties": {
                "station_name": "ทต.ตรอน",
                "rain_24h": 6.6,
                "province": "อุตรดิตถ์",
                "datetime": "2026-06-05 08:00"
            }
        },
        {
            "type": "Feature",
            "geometry": {
                "type": "Point",
                "coordinates": [
                    98.68712,
                    16.41632
                ]
            },
            "properties": {
                "station_name": "อบต.พบพระ",
                "rain_24h": 6.6,
                "province": "ตาก",
                "datetime": "2026-06-05 08:00"
            }
        },
        {
            "type": "Feature",
            "geometry": {
                "type": "Point",
                "coordinates": [
                    99.34225,
                    14.662398
                ]
            },
            "properties": {
                "station_name": "ทต.เขาโจด",
                "rain_24h": 6.6,
                "province": "กาญจนบุรี",
                "datetime": "2026-06-05 08:00"
            }
        },
        {
            "type": "Feature",
            "geometry": {
                "type": "Point",
                "coordinates": [
                    101.041756,
                    19.179749
                ]
            },
            "properties": {
                "station_name": "รร.พนาสวรรค์",
                "rain_24h": 6.6,
                "province": "น่าน",
                "datetime": "2026-06-05 08:00"
            }
        },
        {
            "type": "Feature",
            "geometry": {
                "type": "Point",
                "coordinates": [
                    102.804115,
                    16.725767
                ]
            },
            "properties": {
                "station_name": "เหนือฝายหนองหวาย",
                "rain_24h": 6.6,
                "province": "ขอนแก่น",
                "datetime": "2026-06-05 08:00"
            }
        },
        {
            "type": "Feature",
            "geometry": {
                "type": "Point",
                "coordinates": [
                    99.315,
                    19.353
                ]
            },
            "properties": {
                "station_name": "หน่วยจัดการต้นน้ำพร้าว",
                "rain_24h": 6.6,
                "province": "เชียงใหม่",
                "datetime": "2026-06-05 08:00"
            }
        },
        {
            "type": "Feature",
            "geometry": {
                "type": "Point",
                "coordinates": [
                    101.922035,
                    13.937376
                ]
            },
            "properties": {
                "station_name": "คลองพระปรง",
                "rain_24h": 6.6,
                "province": "สระแก้ว",
                "datetime": "2026-06-05 08:00"
            }
        },
        {
            "type": "Feature",
            "geometry": {
                "type": "Point",
                "coordinates": [
                    99.3252,
                    18.31132
                ]
            },
            "properties": {
                "station_name": "อบต.เวียงตาล",
                "rain_24h": 6.6,
                "province": "ลำปาง",
                "datetime": "2026-06-05 08:00"
            }
        },
        {
            "type": "Feature",
            "geometry": {
                "type": "Point",
                "coordinates": [
                    103.95327,
                    17.214983
                ]
            },
            "properties": {
                "station_name": "โรงเรียนบ้านภูเพ็ก",
                "rain_24h": 6.6,
                "province": "สกลนคร",
                "datetime": "2026-06-05 08:00"
            }
        },
        {
            "type": "Feature",
            "geometry": {
                "type": "Point",
                "coordinates": [
                    103.47313,
                    14.572755
                ]
            },
            "properties": {
                "station_name": "ชุมชนหนองใหญ่",
                "rain_24h": 6.4,
                "province": "สุรินทร์",
                "datetime": "2026-06-05 08:00"
            }
        },
        {
            "type": "Feature",
            "geometry": {
                "type": "Point",
                "coordinates": [
                    98.952484,
                    9.206459
                ]
            },
            "properties": {
                "station_name": "วิภาวดี",
                "rain_24h": 6.4,
                "province": "สุราษฎร์ธานี",
                "datetime": "2026-06-05 08:00"
            }
        },
        {
            "type": "Feature",
            "geometry": {
                "type": "Point",
                "coordinates": [
                    100.92741,
                    18.96273
                ]
            },
            "properties": {
                "station_name": "อ่างเก็บน้ำขอนแก่น 2",
                "rain_24h": 6.4,
                "province": "น่าน",
                "datetime": "2026-06-05 08:00"
            }
        },
        {
            "type": "Feature",
            "geometry": {
                "type": "Point",
                "coordinates": [
                    98.413345,
                    19.01635
                ]
            },
            "properties": {
                "station_name": "หน่วยจัดการต้นน้ำขุนแม่แจ่ม",
                "rain_24h": 6.4,
                "province": "เชียงใหม่",
                "datetime": "2026-06-05 08:00"
            }
        },
        {
            "type": "Feature",
            "geometry": {
                "type": "Point",
                "coordinates": [
                    99.30969,
                    17.90977
                ]
            },
            "properties": {
                "station_name": "อบต.นายาง",
                "rain_24h": 6.4,
                "province": "ลำปาง",
                "datetime": "2026-06-05 08:00"
            }
        },
        {
            "type": "Feature",
            "geometry": {
                "type": "Point",
                "coordinates": [
                    100.45062,
                    19.393639
                ]
            },
            "properties": {
                "station_name": "หน่วยพิทักษ์อุทยานแห่งชาติ ที่ สก. 2 (ภูลังกา)",
                "rain_24h": 6.4,
                "province": "พะเยา",
                "datetime": "2026-06-05 08:00"
            }
        },
        {
            "type": "Feature",
            "geometry": {
                "type": "Point",
                "coordinates": [
                    100.43991,
                    6.93123
                ]
            },
            "properties": {
                "station_name": "คลองหอยโข่ง",
                "rain_24h": 6.2,
                "province": "สงขลา",
                "datetime": "2026-06-05 08:00"
            }
        },
        {
            "type": "Feature",
            "geometry": {
                "type": "Point",
                "coordinates": [
                    100.27173,
                    16.31077
                ]
            },
            "properties": {
                "station_name": "โพธิ์ประทับช้าง",
                "rain_24h": 6.2,
                "province": "พิจิตร",
                "datetime": "2026-06-05 08:00"
            }
        },
        {
            "type": "Feature",
            "geometry": {
                "type": "Point",
                "coordinates": [
                    98.985825,
                    10.503831
                ]
            },
            "properties": {
                "station_name": "ทต.วังใหม่",
                "rain_24h": 6.2,
                "province": "ชุมพร",
                "datetime": "2026-06-05 08:00"
            }
        },
        {
            "type": "Feature",
            "geometry": {
                "type": "Point",
                "coordinates": [
                    99.802,
                    8.40118
                ]
            },
            "properties": {
                "station_name": "โรงเรียนวัดโคกโพธิ์สถิตย์",
                "rain_24h": 6.2,
                "province": "นครศรีธรรมราช",
                "datetime": "2026-06-05 08:00"
            }
        },
        {
            "type": "Feature",
            "geometry": {
                "type": "Point",
                "coordinates": [
                    101.88815,
                    15.997138
                ]
            },
            "properties": {
                "station_name": "อุทยานแห่งชาติภูแลนคา",
                "rain_24h": 6.2,
                "province": "ชัยภูมิ",
                "datetime": "2026-06-05 08:00"
            }
        },
        {
            "type": "Feature",
            "geometry": {
                "type": "Point",
                "coordinates": [
                    98.895035,
                    9.155628
                ]
            },
            "properties": {
                "station_name": "สะพานคลองพาย",
                "rain_24h": 6.2,
                "province": "สุราษฎร์ธานี",
                "datetime": "2026-06-05 08:00"
            }
        },
        {
            "type": "Feature",
            "geometry": {
                "type": "Point",
                "coordinates": [
                    100.23858,
                    16.58046
                ]
            },
            "properties": {
                "station_name": "บางกระทุ่ม",
                "rain_24h": 6.2,
                "province": "พิษณุโลก",
                "datetime": "2026-06-05 08:00"
            }
        },
        {
            "type": "Feature",
            "geometry": {
                "type": "Point",
                "coordinates": [
                    100.73522,
                    14.51417
                ]
            },
            "properties": {
                "station_name": "อบต.หนองขนาก",
                "rain_24h": 6.2,
                "province": "พระนครศรีอยุธยา",
                "datetime": "2026-06-05 08:00"
            }
        },
        {
            "type": "Feature",
            "geometry": {
                "type": "Point",
                "coordinates": [
                    99.54682,
                    12.612023
                ]
            },
            "properties": {
                "station_name": "หน่วยจัดการต้นน้ำปราณบุรี",
                "rain_24h": 6.2,
                "province": "เพชรบุรี",
                "datetime": "2026-06-05 08:00"
            }
        },
        {
            "type": "Feature",
            "geometry": {
                "type": "Point",
                "coordinates": [
                    103.43628,
                    14.645405
                ]
            },
            "properties": {
                "station_name": "อบต.กังแอน",
                "rain_24h": 6,
                "province": "สุรินทร์",
                "datetime": "2026-06-05 08:00"
            }
        },
        {
            "type": "Feature",
            "geometry": {
                "type": "Point",
                "coordinates": [
                    99.51376,
                    17.59327
                ]
            },
            "properties": {
                "station_name": "หน่วยศึกษาการพัฒนาการอนุรักษ์ต้นน้ำห้วยท่าแพ",
                "rain_24h": 6,
                "province": "สุโขทัย",
                "datetime": "2026-06-05 08:00"
            }
        },
        {
            "type": "Feature",
            "geometry": {
                "type": "Point",
                "coordinates": [
                    99.22589,
                    9.51646
                ]
            },
            "properties": {
                "station_name": "สะพานคลองท่าชนะ ชุมชนบ้านหาดสมบูรณ์",
                "rain_24h": 6,
                "province": "สุราษฎร์ธานี",
                "datetime": "2026-06-05 08:00"
            }
        },
        {
            "type": "Feature",
            "geometry": {
                "type": "Point",
                "coordinates": [
                    100.07376,
                    7.618283
                ]
            },
            "properties": {
                "station_name": "ทม.พัทลุง",
                "rain_24h": 6,
                "province": "พัทลุง",
                "datetime": "2026-06-05 08:00"
            }
        },
        {
            "type": "Feature",
            "geometry": {
                "type": "Point",
                "coordinates": [
                    99.24858,
                    18.56854
                ]
            },
            "properties": {
                "station_name": "อ่างเก็บน้ำโฮ่งฮ่างอันเนื่องมาจากพระราขดำริ",
                "rain_24h": 6,
                "province": "ลำพูน",
                "datetime": "2026-06-05 08:00"
            }
        },
        {
            "type": "Feature",
            "geometry": {
                "type": "Point",
                "coordinates": [
                    99.13616,
                    17.86006
                ]
            },
            "properties": {
                "station_name": "อ่างเก็บน้ำแม่แพม",
                "rain_24h": 6,
                "province": "ลำพูน",
                "datetime": "2026-06-05 08:00"
            }
        },
        {
            "type": "Feature",
            "geometry": {
                "type": "Point",
                "coordinates": [
                    100.58359,
                    14.355084
                ]
            },
            "properties": {
                "station_name": "ปตร.กระมัง (ปากคลองข้าวเม่า)",
                "rain_24h": 5.8,
                "province": "พระนครศรีอยุธยา",
                "datetime": "2026-06-05 08:00"
            }
        },
        {
            "type": "Feature",
            "geometry": {
                "type": "Point",
                "coordinates": [
                    98.82089,
                    18.72412
                ]
            },
            "properties": {
                "station_name": "ที่ทำการอุทยานแห่งชาติออบขาน",
                "rain_24h": 5.8,
                "province": "เชียงใหม่",
                "datetime": "2026-06-05 08:00"
            }
        },
        {
            "type": "Feature",
            "geometry": {
                "type": "Point",
                "coordinates": [
                    100.42784,
                    7.079419
                ]
            },
            "properties": {
                "station_name": "บางกล่ำ",
                "rain_24h": 5.8,
                "province": "สงขลา",
                "datetime": "2026-06-05 08:00"
            }
        },
        {
            "type": "Feature",
            "geometry": {
                "type": "Point",
                "coordinates": [
                    100.33263,
                    7.42019
                ]
            },
            "properties": {
                "station_name": "หน่วยพิทักษ์ป่าอ่าวท่ายาง",
                "rain_24h": 5.8,
                "province": "พัทลุง",
                "datetime": "2026-06-05 08:00"
            }
        },
        {
            "type": "Feature",
            "geometry": {
                "type": "Point",
                "coordinates": [
                    97.93525,
                    18.8312
                ]
            },
            "properties": {
                "station_name": "ทต.ขุนยวม",
                "rain_24h": 5.8,
                "province": "แม่ฮ่องสอน",
                "datetime": "2026-06-05 08:00"
            }
        },
        {
            "type": "Feature",
            "geometry": {
                "type": "Point",
                "coordinates": [
                    100.456184,
                    19.321678
                ]
            },
            "properties": {
                "station_name": "สะพานน้ำงิม",
                "rain_24h": 5.8,
                "province": "พะเยา",
                "datetime": "2026-06-05 08:00"
            }
        },
        {
            "type": "Feature",
            "geometry": {
                "type": "Point",
                "coordinates": [
                    99.56754,
                    17.32377
                ]
            },
            "properties": {
                "station_name": "ทต.ทุ่งเสลี่ยม",
                "rain_24h": 5.8,
                "province": "สุโขทัย",
                "datetime": "2026-06-05 08:00"
            }
        },
        {
            "type": "Feature",
            "geometry": {
                "type": "Point",
                "coordinates": [
                    98.41401,
                    18.5526
                ]
            },
            "properties": {
                "station_name": "หน่วยจัดการต้นน้ำแม่อวม (หน่วยย่อย) ",
                "rain_24h": 5.8,
                "province": "เชียงใหม่",
                "datetime": "2026-06-05 08:00"
            }
        },
        {
            "type": "Feature",
            "geometry": {
                "type": "Point",
                "coordinates": [
                    99.86757,
                    19.01922
                ]
            },
            "properties": {
                "station_name": "อ่างเก็บน้ำห้วยนาปอย",
                "rain_24h": 5.8,
                "province": "พะเยา",
                "datetime": "2026-06-05 08:00"
            }
        },
        {
            "type": "Feature",
            "geometry": {
                "type": "Point",
                "coordinates": [
                    99.97737,
                    18.243488
                ]
            },
            "properties": {
                "station_name": "แม่ต้า",
                "rain_24h": 5.6,
                "province": "แพร่",
                "datetime": "2026-06-05 08:00"
            }
        },
        {
            "type": "Feature",
            "geometry": {
                "type": "Point",
                "coordinates": [
                    101.45632,
                    14.606866
                ]
            },
            "properties": {
                "station_name": "อบต.ขนงพระ",
                "rain_24h": 5.6,
                "province": "นครราชสีมา",
                "datetime": "2026-06-05 08:00"
            }
        },
        {
            "type": "Feature",
            "geometry": {
                "type": "Point",
                "coordinates": [
                    99.12433,
                    10.90971
                ]
            },
            "properties": {
                "station_name": "เขตรักษาพันธุ์สัตว์ป่า อุทยาน เสด็จในกรม กรมหลวงชุมพร ด้านทิศเหนือ (ตอนล่าง)",
                "rain_24h": 5.6,
                "province": "ชุมพร",
                "datetime": "2026-06-05 08:00"
            }
        },
        {
            "type": "Feature",
            "geometry": {
                "type": "Point",
                "coordinates": [
                    99.19108,
                    10.77972
                ]
            },
            "properties": {
                "station_name": "อบต.หงษ์เจริญ",
                "rain_24h": 5.6,
                "province": "ชุมพร",
                "datetime": "2026-06-05 08:00"
            }
        },
        {
            "type": "Feature",
            "geometry": {
                "type": "Point",
                "coordinates": [
                    103.61528,
                    14.467339
                ]
            },
            "properties": {
                "station_name": "วัดบ้านเขื่อนแก้ว",
                "rain_24h": 5.6,
                "province": "สุรินทร์",
                "datetime": "2026-06-05 08:00"
            }
        },
        {
            "type": "Feature",
            "geometry": {
                "type": "Point",
                "coordinates": [
                    98.85421,
                    9.252886
                ]
            },
            "properties": {
                "station_name": "บ้านคลองมุย หมู่ที่ 13",
                "rain_24h": 5.6,
                "province": "สุราษฎร์ธานี",
                "datetime": "2026-06-05 08:00"
            }
        },
        {
            "type": "Feature",
            "geometry": {
                "type": "Point",
                "coordinates": [
                    101.51718,
                    6.38793
                ]
            },
            "properties": {
                "station_name": "สวนสาธารณะ ทต.รือเสาะ",
                "rain_24h": 5.4,
                "province": "นราธิวาส",
                "datetime": "2026-06-05 08:00"
            }
        },
        {
            "type": "Feature",
            "geometry": {
                "type": "Point",
                "coordinates": [
                    100.37124,
                    19.36386
                ]
            },
            "properties": {
                "station_name": "หน่วยศึกษาการพัฒนาการอนุรักษ์ต้นน้ำน้ำเงิน",
                "rain_24h": 5.4,
                "province": "พะเยา",
                "datetime": "2026-06-05 08:00"
            }
        },
        {
            "type": "Feature",
            "geometry": {
                "type": "Point",
                "coordinates": [
                    100.40301,
                    18.516405
                ]
            },
            "properties": {
                "station_name": "หน่วยจัดการต้นน้ำแม่ถา",
                "rain_24h": 5.4,
                "province": "น่าน",
                "datetime": "2026-06-05 08:00"
            }
        },
        {
            "type": "Feature",
            "geometry": {
                "type": "Point",
                "coordinates": [
                    100.12784,
                    8.089498
                ]
            },
            "properties": {
                "station_name": "เชียรใหญ่",
                "rain_24h": 5.4,
                "province": "นครศรีธรรมราช",
                "datetime": "2026-06-05 08:00"
            }
        },
        {
            "type": "Feature",
            "geometry": {
                "type": "Point",
                "coordinates": [
                    101.78616,
                    15.240674
                ]
            },
            "properties": {
                "station_name": "คลองเชียงไกร บ้านดอน",
                "rain_24h": 5.4,
                "province": "นครราชสีมา",
                "datetime": "2026-06-05 08:00"
            }
        },
        {
            "type": "Feature",
            "geometry": {
                "type": "Point",
                "coordinates": [
                    99.04916,
                    19.895353
                ]
            },
            "properties": {
                "station_name": "หน่วยจัดการต้นน้ำแม่เผอะ (อ่างขาง)",
                "rain_24h": 5.4,
                "province": "เชียงใหม่",
                "datetime": "2026-06-05 08:00"
            }
        },
        {
            "type": "Feature",
            "geometry": {
                "type": "Point",
                "coordinates": [
                    100.11433,
                    18.433992
                ]
            },
            "properties": {
                "station_name": "ที่ทำการเขตรักษาพันธุ์สัตว์ป่าดอยหลวง",
                "rain_24h": 5.2,
                "province": "แพร่",
                "datetime": "2026-06-05 08:00"
            }
        },
        {
            "type": "Feature",
            "geometry": {
                "type": "Point",
                "coordinates": [
                    99.02647,
                    9.740884
                ]
            },
            "properties": {
                "station_name": "อบต.ทุ่งคาวัด",
                "rain_24h": 5.2,
                "province": "ชุมพร",
                "datetime": "2026-06-05 08:00"
            }
        },
        {
            "type": "Feature",
            "geometry": {
                "type": "Point",
                "coordinates": [
                    102.44953,
                    13.040285
                ]
            },
            "properties": {
                "station_name": "อบต.เทพนิมิต",
                "rain_24h": 5.2,
                "province": "จันทบุรี",
                "datetime": "2026-06-05 08:00"
            }
        },
        {
            "type": "Feature",
            "geometry": {
                "type": "Point",
                "coordinates": [
                    101.72454,
                    12.912333
                ]
            },
            "properties": {
                "station_name": "ที่ทำการอุทยานแห่งชาติเขาชะเมา-เขาวง",
                "rain_24h": 5.2,
                "province": "ระยอง",
                "datetime": "2026-06-05 08:00"
            }
        },
        {
            "type": "Feature",
            "geometry": {
                "type": "Point",
                "coordinates": [
                    102.22475,
                    16.66195
                ]
            },
            "properties": {
                "station_name": "สถานีวิจัยต้นน้ำชี",
                "rain_24h": 5.2,
                "province": "ขอนแก่น",
                "datetime": "2026-06-05 08:00"
            }
        },
        {
            "type": "Feature",
            "geometry": {
                "type": "Point",
                "coordinates": [
                    100.250435,
                    6.943634
                ]
            },
            "properties": {
                "station_name": "ที่ทำการเขตรักษาพันธุ์สัตว์ป่าโตนงาช้าง",
                "rain_24h": 5.2,
                "province": "สงขลา",
                "datetime": "2026-06-05 08:00"
            }
        },
        {
            "type": "Feature",
            "geometry": {
                "type": "Point",
                "coordinates": [
                    99.64955,
                    17.99031
                ]
            },
            "properties": {
                "station_name": "อ่างเก็บน้ำแม่ป้าก",
                "rain_24h": 5,
                "province": "แพร่",
                "datetime": "2026-06-05 08:00"
            }
        },
        {
            "type": "Feature",
            "geometry": {
                "type": "Point",
                "coordinates": [
                    98.770515,
                    16.852543
                ]
            },
            "properties": {
                "station_name": "หน่วยพิทักษ์อุทยานแห่งชาติที่ ตม.๓ (ปูแป้)",
                "rain_24h": 5,
                "province": "ตาก",
                "datetime": "2026-06-05 08:00"
            }
        },
        {
            "type": "Feature",
            "geometry": {
                "type": "Point",
                "coordinates": [
                    100.11475,
                    14.4705
                ]
            },
            "properties": {
                "station_name": "เมืองสุพรรณบุรี",
                "rain_24h": 5,
                "province": "สุพรรณบุรี",
                "datetime": "2026-06-05 08:00"
            }
        },
        {
            "type": "Feature",
            "geometry": {
                "type": "Point",
                "coordinates": [
                    100.17706,
                    18.26591
                ]
            },
            "properties": {
                "station_name": "หนองม่วงไข่",
                "rain_24h": 5,
                "province": "แพร่",
                "datetime": "2026-06-05 08:00"
            }
        },
        {
            "type": "Feature",
            "geometry": {
                "type": "Point",
                "coordinates": [
                    98.794044,
                    8.941169
                ]
            },
            "properties": {
                "station_name": "จุดชมวิวเขา ต. เต่า อุทยานแห่งชาติเขาสก",
                "rain_24h": 5,
                "province": "สุราษฎร์ธานี",
                "datetime": "2026-06-05 08:00"
            }
        },
        {
            "type": "Feature",
            "geometry": {
                "type": "Point",
                "coordinates": [
                    98.29878,
                    8.181336
                ]
            },
            "properties": {
                "station_name": "อบต.ไม้ขาว",
                "rain_24h": 5,
                "province": "ภูเก็ต",
                "datetime": "2026-06-05 08:00"
            }
        },
        {
            "type": "Feature",
            "geometry": {
                "type": "Point",
                "coordinates": [
                    100.18832,
                    7.080181
                ]
            },
            "properties": {
                "station_name": "อบต.เขาพระ",
                "rain_24h": 5,
                "province": "สงขลา",
                "datetime": "2026-06-05 08:00"
            }
        },
        {
            "type": "Feature",
            "geometry": {
                "type": "Point",
                "coordinates": [
                    98.1429,
                    18.2873
                ]
            },
            "properties": {
                "station_name": "หน่วยจัดการต้นน้ำยางอมพาย",
                "rain_24h": 5,
                "province": "แม่ฮ่องสอน",
                "datetime": "2026-06-05 08:00"
            }
        },
        {
            "type": "Feature",
            "geometry": {
                "type": "Point",
                "coordinates": [
                    102.88573,
                    14.138181
                ]
            },
            "properties": {
                "station_name": "หน่วยพิทักษ์อุทยานแห่งชาติที่ ตย.๑ (ทัพไทย)",
                "rain_24h": 4.8,
                "province": "สระแก้ว",
                "datetime": "2026-06-05 08:00"
            }
        },
        {
            "type": "Feature",
            "geometry": {
                "type": "Point",
                "coordinates": [
                    101.438835,
                    14.175014
                ]
            },
            "properties": {
                "station_name": "หน่วยจัดการต้นน้ำเนินหอม",
                "rain_24h": 4.8,
                "province": "ปราจีนบุรี",
                "datetime": "2026-06-05 08:00"
            }
        },
        {
            "type": "Feature",
            "geometry": {
                "type": "Point",
                "coordinates": [
                    101.08574,
                    19.59513
                ]
            },
            "properties": {
                "station_name": "อบต.ห้วยโก๋น",
                "rain_24h": 4.8,
                "province": "น่าน",
                "datetime": "2026-06-05 08:00"
            }
        },
        {
            "type": "Feature",
            "geometry": {
                "type": "Point",
                "coordinates": [
                    101.02094,
                    15.77805
                ]
            },
            "properties": {
                "station_name": "อบต.บึงสามพัน",
                "rain_24h": 4.8,
                "province": "เพชรบูรณ์",
                "datetime": "2026-06-05 08:00"
            }
        },
        {
            "type": "Feature",
            "geometry": {
                "type": "Point",
                "coordinates": [
                    100.09376,
                    17.96242
                ]
            },
            "properties": {
                "station_name": "อ่างเก็บน้ำแม่จั๊วะ",
                "rain_24h": 4.8,
                "province": "แพร่",
                "datetime": "2026-06-05 08:00"
            }
        },
        {
            "type": "Feature",
            "geometry": {
                "type": "Point",
                "coordinates": [
                    99.863594,
                    8.858059
                ]
            },
            "properties": {
                "station_name": "อบต.เทพราช",
                "rain_24h": 4.8,
                "province": "นครศรีธรรมราช",
                "datetime": "2026-06-05 08:00"
            }
        },
        {
            "type": "Feature",
            "geometry": {
                "type": "Point",
                "coordinates": [
                    98.41244,
                    18.96275
                ]
            },
            "properties": {
                "station_name": "ชุมชนแม่แดด",
                "rain_24h": 4.8,
                "province": "เชียงใหม่",
                "datetime": "2026-06-05 08:00"
            }
        },
        {
            "type": "Feature",
            "geometry": {
                "type": "Point",
                "coordinates": [
                    100.87122,
                    14.327309
                ]
            },
            "properties": {
                "station_name": "ท้ายปตร.พระศรีศิลป์",
                "rain_24h": 4.8,
                "province": "สระบุรี",
                "datetime": "2026-06-05 08:00"
            }
        },
        {
            "type": "Feature",
            "geometry": {
                "type": "Point",
                "coordinates": [
                    103.59715,
                    16.923677
                ]
            },
            "properties": {
                "station_name": "โรงเรียนบ้านคำพิมูล",
                "rain_24h": 4.8,
                "province": "กาฬสินธุ์",
                "datetime": "2026-06-05 08:00"
            }
        },
        {
            "type": "Feature",
            "geometry": {
                "type": "Point",
                "coordinates": [
                    103.935524,
                    15.316619
                ]
            },
            "properties": {
                "station_name": "อบต.ธาตุ",
                "rain_24h": 4.8,
                "province": "สุรินทร์",
                "datetime": "2026-06-05 08:00"
            }
        },
        {
            "type": "Feature",
            "geometry": {
                "type": "Point",
                "coordinates": [
                    98.77956,
                    17.636518
                ]
            },
            "properties": {
                "station_name": "น้ำก้อ",
                "rain_24h": 4.8,
                "province": "ลำพูน",
                "datetime": "2026-06-05 08:00"
            }
        },
        {
            "type": "Feature",
            "geometry": {
                "type": "Point",
                "coordinates": [
                    100.10913,
                    15.3277
                ]
            },
            "properties": {
                "station_name": "ปตร.มโนรมย์",
                "rain_24h": 4.8,
                "province": "ชัยนาท",
                "datetime": "2026-06-05 08:00"
            }
        },
        {
            "type": "Feature",
            "geometry": {
                "type": "Point",
                "coordinates": [
                    100.33195,
                    16.43317
                ]
            },
            "properties": {
                "station_name": "บ่อบำบัด ทม.พิจิตร",
                "rain_24h": 4.8,
                "province": "พิจิตร",
                "datetime": "2026-06-05 08:00"
            }
        },
        {
            "type": "Feature",
            "geometry": {
                "type": "Point",
                "coordinates": [
                    99.60874,
                    8.935932
                ]
            },
            "properties": {
                "station_name": "สะพานข้ามคลองหวาด",
                "rain_24h": 4.8,
                "province": "สุราษฎร์ธานี",
                "datetime": "2026-06-05 08:00"
            }
        },
        {
            "type": "Feature",
            "geometry": {
                "type": "Point",
                "coordinates": [
                    98.99642,
                    16.28706
                ]
            },
            "properties": {
                "station_name": "หน่วยจัดการต้นน้ำแม่กลองน้อย-แม่กลองใหญ่",
                "rain_24h": 4.8,
                "province": "ตาก",
                "datetime": "2026-06-05 08:00"
            }
        },
        {
            "type": "Feature",
            "geometry": {
                "type": "Point",
                "coordinates": [
                    98.57711,
                    19.230501
                ]
            },
            "properties": {
                "station_name": "หน่วยจัดการต้นน้ำขุนแม่ยะ",
                "rain_24h": 4.8,
                "province": "แม่ฮ่องสอน",
                "datetime": "2026-06-05 08:00"
            }
        },
        {
            "type": "Feature",
            "geometry": {
                "type": "Point",
                "coordinates": [
                    100.916916,
                    13.185876
                ]
            },
            "properties": {
                "station_name": "สถานีวิจัยประมงศรีราชา",
                "rain_24h": 4.6,
                "province": "ชลบุรี",
                "datetime": "2026-06-05 08:00"
            }
        },
        {
            "type": "Feature",
            "geometry": {
                "type": "Point",
                "coordinates": [
                    98.64234,
                    14.744055
                ]
            },
            "properties": {
                "station_name": "ทต.ท่าขนุน",
                "rain_24h": 4.6,
                "province": "กาญจนบุรี",
                "datetime": "2026-06-05 08:00"
            }
        },
        {
            "type": "Feature",
            "geometry": {
                "type": "Point",
                "coordinates": [
                    104.276,
                    14.5013
                ]
            },
            "properties": {
                "station_name": "สถานีควบคุมไฟป่าห้วยศาลา",
                "rain_24h": 4.6,
                "province": "ศรีสะเกษ",
                "datetime": "2026-06-05 08:00"
            }
        },
        {
            "type": "Feature",
            "geometry": {
                "type": "Point",
                "coordinates": [
                    99.08182,
                    18.88353
                ]
            },
            "properties": {
                "station_name": "ฝ่ายส่งน้ำและบำรุงรักษาที่ 2",
                "rain_24h": 4.6,
                "province": "เชียงใหม่",
                "datetime": "2026-06-05 08:00"
            }
        },
        {
            "type": "Feature",
            "geometry": {
                "type": "Point",
                "coordinates": [
                    99.43958,
                    18.571398
                ]
            },
            "properties": {
                "station_name": "หน่วยจัดการต้นน้ำแม่นึง",
                "rain_24h": 4.6,
                "province": "ลำปาง",
                "datetime": "2026-06-05 08:00"
            }
        },
        {
            "type": "Feature",
            "geometry": {
                "type": "Point",
                "coordinates": [
                    101.07372,
                    15.98164
                ]
            },
            "properties": {
                "station_name": "อบต.หนองไผ่",
                "rain_24h": 4.6,
                "province": "เพชรบูรณ์",
                "datetime": "2026-06-05 08:00"
            }
        },
        {
            "type": "Feature",
            "geometry": {
                "type": "Point",
                "coordinates": [
                    98.511765,
                    18.8701
                ]
            },
            "properties": {
                "station_name": "หน่วยจัดการต้นน้ำบ่อแก้ว",
                "rain_24h": 4.6,
                "province": "เชียงใหม่",
                "datetime": "2026-06-05 08:00"
            }
        },
        {
            "type": "Feature",
            "geometry": {
                "type": "Point",
                "coordinates": [
                    99.13784,
                    10.100547
                ]
            },
            "properties": {
                "station_name": "ทต.ปากตะโก",
                "rain_24h": 4.6,
                "province": "ชุมพร",
                "datetime": "2026-06-05 08:00"
            }
        },
        {
            "type": "Feature",
            "geometry": {
                "type": "Point",
                "coordinates": [
                    101.49456,
                    6.843022
                ]
            },
            "properties": {
                "station_name": "โครงการฟาร์มตัวอย่างฯ บ้านป่าตาเขียว",
                "rain_24h": 4.6,
                "province": "ปัตตานี",
                "datetime": "2026-06-05 08:00"
            }
        },
        {
            "type": "Feature",
            "geometry": {
                "type": "Point",
                "coordinates": [
                    99.18048,
                    19.238968
                ]
            },
            "properties": {
                "station_name": "สะพานน้ำแม่งัด",
                "rain_24h": 4.6,
                "province": "เชียงใหม่",
                "datetime": "2026-06-05 08:00"
            }
        },
        {
            "type": "Feature",
            "geometry": {
                "type": "Point",
                "coordinates": [
                    99.5863,
                    13.00169
                ]
            },
            "properties": {
                "station_name": "วัดคะเมยกาญจนผลาราม",
                "rain_24h": 4.6,
                "province": "เพชรบุรี",
                "datetime": "2026-06-05 08:00"
            }
        },
        {
            "type": "Feature",
            "geometry": {
                "type": "Point",
                "coordinates": [
                    99.79404,
                    12.81345
                ]
            },
            "properties": {
                "station_name": "ท่ายาง",
                "rain_24h": 4.4,
                "province": "เพชรบุรี",
                "datetime": "2026-06-05 08:00"
            }
        },
        {
            "type": "Feature",
            "geometry": {
                "type": "Point",
                "coordinates": [
                    102.37859,
                    16.355623
                ]
            },
            "properties": {
                "station_name": "ทต.บ้านเต่า",
                "rain_24h": 4.4,
                "province": "ชัยภูมิ",
                "datetime": "2026-06-05 08:00"
            }
        },
        {
            "type": "Feature",
            "geometry": {
                "type": "Point",
                "coordinates": [
                    101.393555,
                    14.286235
                ]
            },
            "properties": {
                "station_name": "หน่วยพิทักษ์อุทยานแห่งชาติที่ ขญ.20 (น้ำตกเหวนรก)",
                "rain_24h": 4.4,
                "province": "นครนายก",
                "datetime": "2026-06-05 08:00"
            }
        },
        {
            "type": "Feature",
            "geometry": {
                "type": "Point",
                "coordinates": [
                    105.278755,
                    15.901687
                ]
            },
            "properties": {
                "station_name": "อบต.นาตาล",
                "rain_24h": 4.4,
                "province": "อุบลราชธานี",
                "datetime": "2026-06-05 08:00"
            }
        },
        {
            "type": "Feature",
            "geometry": {
                "type": "Point",
                "coordinates": [
                    103.97923,
                    17.322742
                ]
            },
            "properties": {
                "station_name": "ลำน้ำอูน",
                "rain_24h": 4.4,
                "province": "สกลนคร",
                "datetime": "2026-06-05 08:00"
            }
        },
        {
            "type": "Feature",
            "geometry": {
                "type": "Point",
                "coordinates": [
                    99.229454,
                    18.30243
                ]
            },
            "properties": {
                "station_name": "หน่วยพิทักษ์ป่าหัวทุ่ง",
                "rain_24h": 4.4,
                "province": "ลำปาง",
                "datetime": "2026-06-05 08:00"
            }
        },
        {
            "type": "Feature",
            "geometry": {
                "type": "Point",
                "coordinates": [
                    102.59129,
                    17.019966
                ]
            },
            "properties": {
                "station_name": "อบต.ปางกู่",
                "rain_24h": 4.4,
                "province": "หนองบัวลำภู",
                "datetime": "2026-06-05 08:00"
            }
        },
        {
            "type": "Feature",
            "geometry": {
                "type": "Point",
                "coordinates": [
                    100.41388,
                    17.182213
                ]
            },
            "properties": {
                "station_name": "เขื่อนแควน้อยบำรุงแดน",
                "rain_24h": 4.4,
                "province": "พิษณุโลก",
                "datetime": "2026-06-05 08:00"
            }
        },
        {
            "type": "Feature",
            "geometry": {
                "type": "Point",
                "coordinates": [
                    101.66167,
                    13.038759
                ]
            },
            "properties": {
                "station_name": "โรงเรียนบ้านสีระมัน",
                "rain_24h": 4.4,
                "province": "ระยอง",
                "datetime": "2026-06-05 08:00"
            }
        },
        {
            "type": "Feature",
            "geometry": {
                "type": "Point",
                "coordinates": [
                    99.7065,
                    12.09903
                ]
            },
            "properties": {
                "station_name": "วัดยางชุม",
                "rain_24h": 4.4,
                "province": "ประจวบคีรีขันธ์",
                "datetime": "2026-06-05 08:00"
            }
        },
        {
            "type": "Feature",
            "geometry": {
                "type": "Point",
                "coordinates": [
                    100.047485,
                    7.817578
                ]
            },
            "properties": {
                "station_name": "สะพานบ้านแหลมโตนด",
                "rain_24h": 4.4,
                "province": "พัทลุง",
                "datetime": "2026-06-05 08:00"
            }
        },
        {
            "type": "Feature",
            "geometry": {
                "type": "Point",
                "coordinates": [
                    100.275826,
                    14.925898
                ]
            },
            "properties": {
                "station_name": "เหนือปตร.บางระจัน",
                "rain_24h": 4.2,
                "province": "สิงห์บุรี",
                "datetime": "2026-06-05 08:00"
            }
        },
        {
            "type": "Feature",
            "geometry": {
                "type": "Point",
                "coordinates": [
                    103.6104,
                    15.113833
                ]
            },
            "properties": {
                "station_name": "อบต.จอมพระ",
                "rain_24h": 4.2,
                "province": "สุรินทร์",
                "datetime": "2026-06-05 08:00"
            }
        },
        {
            "type": "Feature",
            "geometry": {
                "type": "Point",
                "coordinates": [
                    100.424805,
                    6.638333
                ]
            },
            "properties": {
                "station_name": "ทม.สะเดา",
                "rain_24h": 4.2,
                "province": "สงขลา",
                "datetime": "2026-06-05 08:00"
            }
        },
        {
            "type": "Feature",
            "geometry": {
                "type": "Point",
                "coordinates": [
                    99.58299,
                    17.00853
                ]
            },
            "properties": {
                "station_name": "ทต.ลานหอย",
                "rain_24h": 4.2,
                "province": "สุโขทัย",
                "datetime": "2026-06-05 08:00"
            }
        },
        {
            "type": "Feature",
            "geometry": {
                "type": "Point",
                "coordinates": [
                    98.832344,
                    18.794664
                ]
            },
            "properties": {
                "station_name": "หน่วยจัดการต้นน้ำแม่นาไทร",
                "rain_24h": 4.2,
                "province": "เชียงใหม่",
                "datetime": "2026-06-05 08:00"
            }
        },
        {
            "type": "Feature",
            "geometry": {
                "type": "Point",
                "coordinates": [
                    104.9482,
                    15.011474
                ]
            },
            "properties": {
                "station_name": "ทต.นาส่วง",
                "rain_24h": 4.2,
                "province": "อุบลราชธานี",
                "datetime": "2026-06-05 08:00"
            }
        },
        {
            "type": "Feature",
            "geometry": {
                "type": "Point",
                "coordinates": [
                    99.540665,
                    8.388203
                ]
            },
            "properties": {
                "station_name": "ทต.จันดี",
                "rain_24h": 4.2,
                "province": "นครศรีธรรมราช",
                "datetime": "2026-06-05 08:00"
            }
        },
        {
            "type": "Feature",
            "geometry": {
                "type": "Point",
                "coordinates": [
                    99.82247,
                    18.385023
                ]
            },
            "properties": {
                "station_name": "หน่วยจัดการต้นน้ำแม่จาง",
                "rain_24h": 4.2,
                "province": "ลำปาง",
                "datetime": "2026-06-05 08:00"
            }
        },
        {
            "type": "Feature",
            "geometry": {
                "type": "Point",
                "coordinates": [
                    99.13964,
                    16.87779
                ]
            },
            "properties": {
                "station_name": "อบจ.ตาก",
                "rain_24h": 4.2,
                "province": "ตาก",
                "datetime": "2026-06-05 08:00"
            }
        },
        {
            "type": "Feature",
            "geometry": {
                "type": "Point",
                "coordinates": [
                    99.07797,
                    17.26053
                ]
            },
            "properties": {
                "station_name": "สามเงา",
                "rain_24h": 4.2,
                "province": "ตาก",
                "datetime": "2026-06-05 08:00"
            }
        },
        {
            "type": "Feature",
            "geometry": {
                "type": "Point",
                "coordinates": [
                    103.00368,
                    17.210789
                ]
            },
            "properties": {
                "station_name": "เขตห้ามล่าสัตว์ป่าหนองหานกุมภวาปี",
                "rain_24h": 4.2,
                "province": "อุดรธานี",
                "datetime": "2026-06-05 08:00"
            }
        },
        {
            "type": "Feature",
            "geometry": {
                "type": "Point",
                "coordinates": [
                    102.43689,
                    13.98661
                ]
            },
            "properties": {
                "station_name": "วัดบ้านห้วยชัน",
                "rain_24h": 4,
                "province": "สระแก้ว",
                "datetime": "2026-06-05 08:00"
            }
        },
        {
            "type": "Feature",
            "geometry": {
                "type": "Point",
                "coordinates": [
                    98.2624,
                    17.5003
                ]
            },
            "properties": {
                "station_name": "สถานบริการสาธารณสุขชุมชนบ้านทีโบ๊ะคี",
                "rain_24h": 4,
                "province": "ตาก",
                "datetime": "2026-06-05 08:00"
            }
        },
        {
            "type": "Feature",
            "geometry": {
                "type": "Point",
                "coordinates": [
                    98.21707,
                    18.61153
                ]
            },
            "properties": {
                "station_name": "หน่วยจัดการต้นน้ำแม่ศึก",
                "rain_24h": 4,
                "province": "เชียงใหม่",
                "datetime": "2026-06-05 08:00"
            }
        },
        {
            "type": "Feature",
            "geometry": {
                "type": "Point",
                "coordinates": [
                    99.16121,
                    20.015724
                ]
            },
            "properties": {
                "station_name": "หน่วยจัดการต้นน้ำดอยผาหลวง",
                "rain_24h": 4,
                "province": "เชียงใหม่",
                "datetime": "2026-06-05 08:00"
            }
        },
        {
            "type": "Feature",
            "geometry": {
                "type": "Point",
                "coordinates": [
                    99.78328,
                    8.433801
                ]
            },
            "properties": {
                "station_name": "สะพานคลองปง (คีรีวง)",
                "rain_24h": 4,
                "province": "นครศรีธรรมราช",
                "datetime": "2026-06-05 08:00"
            }
        },
        {
            "type": "Feature",
            "geometry": {
                "type": "Point",
                "coordinates": [
                    98.5574,
                    17.22546
                ]
            },
            "properties": {
                "station_name": "โครงการอนุรักษ์สภาพป่าแม่ตื่น ฯ (บ้านห้วยน้ำเย็น)",
                "rain_24h": 4,
                "province": "ตาก",
                "datetime": "2026-06-05 08:00"
            }
        },
        {
            "type": "Feature",
            "geometry": {
                "type": "Point",
                "coordinates": [
                    101.68403,
                    14.415678
                ]
            },
            "properties": {
                "station_name": "อบต.วังหมี",
                "rain_24h": 4,
                "province": "นครราชสีมา",
                "datetime": "2026-06-05 08:00"
            }
        },
        {
            "type": "Feature",
            "geometry": {
                "type": "Point",
                "coordinates": [
                    104.66871,
                    16.496685
                ]
            },
            "properties": {
                "station_name": "รร. คำอาฮวนศรีสุราษฎร์วิทยา",
                "rain_24h": 4,
                "province": "มุกดาหาร",
                "datetime": "2026-06-05 08:00"
            }
        },
        {
            "type": "Feature",
            "geometry": {
                "type": "Point",
                "coordinates": [
                    100.42194,
                    18.774237
                ]
            },
            "properties": {
                "station_name": "หน่วยศึกษาการพัฒนาการอนุรักษ์ต้นน้ำบ้านหลวง",
                "rain_24h": 4,
                "province": "น่าน",
                "datetime": "2026-06-05 08:00"
            }
        },
        {
            "type": "Feature",
            "geometry": {
                "type": "Point",
                "coordinates": [
                    100.58906,
                    6.600056
                ]
            },
            "properties": {
                "station_name": "ที่ทำการอุทยานแห่งชาติเขาน้ำค้าง",
                "rain_24h": 4,
                "province": "สงขลา",
                "datetime": "2026-06-05 08:00"
            }
        },
        {
            "type": "Feature",
            "geometry": {
                "type": "Point",
                "coordinates": [
                    101.5921,
                    13.669273
                ]
            },
            "properties": {
                "station_name": "อบต.ท่ากระดาน",
                "rain_24h": 4,
                "province": "ฉะเชิงเทรา",
                "datetime": "2026-06-05 08:00"
            }
        },
        {
            "type": "Feature",
            "geometry": {
                "type": "Point",
                "coordinates": [
                    99.99223,
                    17.3551
                ]
            },
            "properties": {
                "station_name": "ทต.ศรีนคร",
                "rain_24h": 4,
                "province": "สุโขทัย",
                "datetime": "2026-06-05 08:00"
            }
        },
        {
            "type": "Feature",
            "geometry": {
                "type": "Point",
                "coordinates": [
                    99.78259,
                    8.432911
                ]
            },
            "properties": {
                "station_name": "สะพานบ้านคีรีวง คลองท่าดี",
                "rain_24h": 3.8,
                "province": "นครศรีธรรมราช",
                "datetime": "2026-06-05 08:00"
            }
        },
        {
            "type": "Feature",
            "geometry": {
                "type": "Point",
                "coordinates": [
                    99.70778,
                    8.232547
                ]
            },
            "properties": {
                "station_name": "ฝายคลองท่าเลา",
                "rain_24h": 3.8,
                "province": "นครศรีธรรมราช",
                "datetime": "2026-06-05 08:00"
            }
        },
        {
            "type": "Feature",
            "geometry": {
                "type": "Point",
                "coordinates": [
                    100.43124,
                    19.337248
                ]
            },
            "properties": {
                "station_name": "สะพานน้ำแม่คะ ",
                "rain_24h": 3.8,
                "province": "พะเยา",
                "datetime": "2026-06-05 08:00"
            }
        },
        {
            "type": "Feature",
            "geometry": {
                "type": "Point",
                "coordinates": [
                    97.88761,
                    17.695904
                ]
            },
            "properties": {
                "station_name": "โรงพยาบาลส่งเสริมสุขภาพตำบล บ้านแม่เหว่ย",
                "rain_24h": 3.8,
                "province": "ตาก",
                "datetime": "2026-06-05 08:00"
            }
        },
        {
            "type": "Feature",
            "geometry": {
                "type": "Point",
                "coordinates": [
                    100.48696,
                    19.470303
                ]
            },
            "properties": {
                "station_name": "หน่วยจัดการต้นน้ำดอยผาหม่น",
                "rain_24h": 3.8,
                "province": "พะเยา",
                "datetime": "2026-06-05 08:00"
            }
        },
        {
            "type": "Feature",
            "geometry": {
                "type": "Point",
                "coordinates": [
                    99.08133,
                    14.21606
                ]
            },
            "properties": {
                "station_name": "อบต.ท่าเสา",
                "rain_24h": 3.8,
                "province": "กาญจนบุรี",
                "datetime": "2026-06-05 08:00"
            }
        },
        {
            "type": "Feature",
            "geometry": {
                "type": "Point",
                "coordinates": [
                    100.861244,
                    14.865248
                ]
            },
            "properties": {
                "station_name": "อ่างเก็บน้ำห้วยส้ม",
                "rain_24h": 3.8,
                "province": "ลพบุรี",
                "datetime": "2026-06-05 08:00"
            }
        },
        {
            "type": "Feature",
            "geometry": {
                "type": "Point",
                "coordinates": [
                    99.91412,
                    19.15985
                ]
            },
            "properties": {
                "station_name": "ท้ายกว๊านพะเยา",
                "rain_24h": 3.8,
                "province": "พะเยา",
                "datetime": "2026-06-05 08:00"
            }
        },
        {
            "type": "Feature",
            "geometry": {
                "type": "Point",
                "coordinates": [
                    100.7066,
                    16.5617
                ]
            },
            "properties": {
                "station_name": "หน่วยพิทักษ์ฯ สล. 6 (บ้านมุง)",
                "rain_24h": 3.8,
                "province": "พิษณุโลก",
                "datetime": "2026-06-05 08:00"
            }
        },
        {
            "type": "Feature",
            "geometry": {
                "type": "Point",
                "coordinates": [
                    101.183914,
                    19.236826
                ]
            },
            "properties": {
                "station_name": "หน่วยจัดการต้นน้ำขุนว้า",
                "rain_24h": 3.8,
                "province": "น่าน",
                "datetime": "2026-06-05 08:00"
            }
        },
        {
            "type": "Feature",
            "geometry": {
                "type": "Point",
                "coordinates": [
                    104.159225,
                    16.683044
                ]
            },
            "properties": {
                "station_name": "ที่พักสงฆ์ถ้ำบังบด",
                "rain_24h": 3.8,
                "province": "กาฬสินธุ์",
                "datetime": "2026-06-05 08:00"
            }
        },
        {
            "type": "Feature",
            "geometry": {
                "type": "Point",
                "coordinates": [
                    100.45184,
                    14.79091
                ]
            },
            "properties": {
                "station_name": "พรหมบุรี",
                "rain_24h": 3.8,
                "province": "สิงห์บุรี",
                "datetime": "2026-06-05 08:00"
            }
        },
        {
            "type": "Feature",
            "geometry": {
                "type": "Point",
                "coordinates": [
                    102.093994,
                    13.907658
                ]
            },
            "properties": {
                "station_name": "อบต.ท่าแยก",
                "rain_24h": 3.8,
                "province": "สระแก้ว",
                "datetime": "2026-06-05 08:00"
            }
        },
        {
            "type": "Feature",
            "geometry": {
                "type": "Point",
                "coordinates": [
                    103.992195,
                    16.871351
                ]
            },
            "properties": {
                "station_name": "โรงเรียนบ้านหลุบเลา",
                "rain_24h": 3.8,
                "province": "สกลนคร",
                "datetime": "2026-06-05 08:00"
            }
        },
        {
            "type": "Feature",
            "geometry": {
                "type": "Point",
                "coordinates": [
                    101.13795,
                    14.070034
                ]
            },
            "properties": {
                "station_name": "อบต.ศรีจุฬา",
                "rain_24h": 3.8,
                "province": "นครนายก",
                "datetime": "2026-06-05 08:00"
            }
        },
        {
            "type": "Feature",
            "geometry": {
                "type": "Point",
                "coordinates": [
                    103.542305,
                    15.292845
                ]
            },
            "properties": {
                "station_name": "ท้ายฝายยางบ้านตะลุง",
                "rain_24h": 3.8,
                "province": "สุรินทร์",
                "datetime": "2026-06-05 08:00"
            }
        },
        {
            "type": "Feature",
            "geometry": {
                "type": "Point",
                "coordinates": [
                    103.15741,
                    15.180775
                ]
            },
            "properties": {
                "station_name": "อบต.โนนขวาง",
                "rain_24h": 3.6,
                "province": "บุรีรัมย์",
                "datetime": "2026-06-05 08:00"
            }
        },
        {
            "type": "Feature",
            "geometry": {
                "type": "Point",
                "coordinates": [
                    100.26721,
                    18.16721
                ]
            },
            "properties": {
                "station_name": "อ่างเก็บน้ำน้ำปึง",
                "rain_24h": 3.6,
                "province": "แพร่",
                "datetime": "2026-06-05 08:00"
            }
        },
        {
            "type": "Feature",
            "geometry": {
                "type": "Point",
                "coordinates": [
                    99.49628,
                    13.94239
                ]
            },
            "properties": {
                "station_name": "อบต.เกาะสำโรง",
                "rain_24h": 3.6,
                "province": "กาญจนบุรี",
                "datetime": "2026-06-05 08:00"
            }
        },
        {
            "type": "Feature",
            "geometry": {
                "type": "Point",
                "coordinates": [
                    101.15404,
                    13.164525
                ]
            },
            "properties": {
                "station_name": "หน่วยพิทักษ์ป่ามาบลำบิด",
                "rain_24h": 3.6,
                "province": "ชลบุรี",
                "datetime": "2026-06-05 08:00"
            }
        },
        {
            "type": "Feature",
            "geometry": {
                "type": "Point",
                "coordinates": [
                    99.18275,
                    18.169743
                ]
            },
            "properties": {
                "station_name": "หน่วยจัดการต้นน้ำแม่เลียง ",
                "rain_24h": 3.6,
                "province": "ลำปาง",
                "datetime": "2026-06-05 08:00"
            }
        },
        {
            "type": "Feature",
            "geometry": {
                "type": "Point",
                "coordinates": [
                    99.896286,
                    7.954537
                ]
            },
            "properties": {
                "station_name": "สะพานข้ามคลองวังเคียน",
                "rain_24h": 3.6,
                "province": "นครศรีธรรมราช",
                "datetime": "2026-06-05 08:00"
            }
        },
        {
            "type": "Feature",
            "geometry": {
                "type": "Point",
                "coordinates": [
                    104.36085,
                    17.081057
                ]
            },
            "properties": {
                "station_name": "ปตร. บ้านหนองบึง-เหนือน้ำ",
                "rain_24h": 3.6,
                "province": "สกลนคร",
                "datetime": "2026-06-05 08:00"
            }
        },
        {
            "type": "Feature",
            "geometry": {
                "type": "Point",
                "coordinates": [
                    101.75532,
                    14.067594
                ]
            },
            "properties": {
                "station_name": "สะพานเจริญราษฎร์รังสรรค์",
                "rain_24h": 3.6,
                "province": "ปราจีนบุรี",
                "datetime": "2026-06-05 08:00"
            }
        },
        {
            "type": "Feature",
            "geometry": {
                "type": "Point",
                "coordinates": [
                    105.50172,
                    15.560492
                ]
            },
            "properties": {
                "station_name": "อบต.นาโพธิ์กลาง",
                "rain_24h": 3.6,
                "province": "อุบลราชธานี",
                "datetime": "2026-06-05 08:00"
            }
        },
        {
            "type": "Feature",
            "geometry": {
                "type": "Point",
                "coordinates": [
                    100.75421,
                    14.19111
                ]
            },
            "properties": {
                "station_name": "รร.วัดอู่ข้าว",
                "rain_24h": 3.6,
                "province": "ปทุมธานี",
                "datetime": "2026-06-05 08:00"
            }
        },
        {
            "type": "Feature",
            "geometry": {
                "type": "Point",
                "coordinates": [
                    98.77066,
                    10.306402
                ]
            },
            "properties": {
                "station_name": "อบต.บางใหญ่",
                "rain_24h": 3.6,
                "province": "ระนอง",
                "datetime": "2026-06-05 08:00"
            }
        },
        {
            "type": "Feature",
            "geometry": {
                "type": "Point",
                "coordinates": [
                    100.94317,
                    19.01162
                ]
            },
            "properties": {
                "station_name": "อ่างเก็บน้ำห้วยมัด",
                "rain_24h": 3.6,
                "province": "น่าน",
                "datetime": "2026-06-05 08:00"
            }
        },
        {
            "type": "Feature",
            "geometry": {
                "type": "Point",
                "coordinates": [
                    99.0265,
                    17.30193
                ]
            },
            "properties": {
                "station_name": "อ่างเก็บน้ำห้วยคลองไม้แดง",
                "rain_24h": 3.4,
                "province": "ตาก",
                "datetime": "2026-06-05 08:00"
            }
        },
        {
            "type": "Feature",
            "geometry": {
                "type": "Point",
                "coordinates": [
                    104.360695,
                    17.080162
                ]
            },
            "properties": {
                "station_name": "ปตร. บ้านหนองบึง-ท้ายน้ำ",
                "rain_24h": 3.4,
                "province": "สกลนคร",
                "datetime": "2026-06-05 08:00"
            }
        },
        {
            "type": "Feature",
            "geometry": {
                "type": "Point",
                "coordinates": [
                    103.02153,
                    17.076904
                ]
            },
            "properties": {
                "station_name": "อบต.กุมภวาปี",
                "rain_24h": 3.4,
                "province": "อุดรธานี",
                "datetime": "2026-06-05 08:00"
            }
        },
        {
            "type": "Feature",
            "geometry": {
                "type": "Point",
                "coordinates": [
                    98.94447,
                    19.12207
                ]
            },
            "properties": {
                "station_name": "แม่แตง",
                "rain_24h": 3.4,
                "province": "เชียงใหม่",
                "datetime": "2026-06-05 08:00"
            }
        },
        {
            "type": "Feature",
            "geometry": {
                "type": "Point",
                "coordinates": [
                    99.58207,
                    18.71225
                ]
            },
            "properties": {
                "station_name": "อบต.แจ้ห่ม",
                "rain_24h": 3.4,
                "province": "ลำปาง",
                "datetime": "2026-06-05 08:00"
            }
        },
        {
            "type": "Feature",
            "geometry": {
                "type": "Point",
                "coordinates": [
                    100.0588,
                    18.0208
                ]
            },
            "properties": {
                "station_name": "เด่นชัย",
                "rain_24h": 3.4,
                "province": "แพร่",
                "datetime": "2026-06-05 08:00"
            }
        },
        {
            "type": "Feature",
            "geometry": {
                "type": "Point",
                "coordinates": [
                    98.89485,
                    16.783789
                ]
            },
            "properties": {
                "station_name": "พิพิธภัณฑ์ธรรมชาติบ้านห้วยปลาหลด",
                "rain_24h": 3.4,
                "province": "ตาก",
                "datetime": "2026-06-05 08:00"
            }
        },
        {
            "type": "Feature",
            "geometry": {
                "type": "Point",
                "coordinates": [
                    101.65372,
                    16.15583
                ]
            },
            "properties": {
                "station_name": "สะพานน้ำชี",
                "rain_24h": 3.4,
                "province": "ชัยภูมิ",
                "datetime": "2026-06-05 08:00"
            }
        },
        {
            "type": "Feature",
            "geometry": {
                "type": "Point",
                "coordinates": [
                    100.0304,
                    8.438141
                ]
            },
            "properties": {
                "station_name": "สะพานนางพระยา-บางหลวง ชุมชนปากนคร",
                "rain_24h": 3.4,
                "province": "นครศรีธรรมราช",
                "datetime": "2026-06-05 08:00"
            }
        },
        {
            "type": "Feature",
            "geometry": {
                "type": "Point",
                "coordinates": [
                    99.41834,
                    17.773138
                ]
            },
            "properties": {
                "station_name": "อ่างเก็บน้ำห้วยแม่ปะยาง",
                "rain_24h": 3.4,
                "province": "แพร่",
                "datetime": "2026-06-05 08:00"
            }
        },
        {
            "type": "Feature",
            "geometry": {
                "type": "Point",
                "coordinates": [
                    99.04359,
                    10.203316
                ]
            },
            "properties": {
                "station_name": "สวี 2",
                "rain_24h": 3.4,
                "province": "ชุมพร",
                "datetime": "2026-06-05 08:00"
            }
        },
        {
            "type": "Feature",
            "geometry": {
                "type": "Point",
                "coordinates": [
                    102.95148,
                    14.559949
                ]
            },
            "properties": {
                "station_name": "อ่างเก็บน้ำคูขาด",
                "rain_24h": 3.4,
                "province": "บุรีรัมย์",
                "datetime": "2026-06-05 08:00"
            }
        },
        {
            "type": "Feature",
            "geometry": {
                "type": "Point",
                "coordinates": [
                    103.45415,
                    17.187218
                ]
            },
            "properties": {
                "station_name": "โครงการพัฒนาพื้นที่ภูผาหัก",
                "rain_24h": 3.4,
                "province": "อุดรธานี",
                "datetime": "2026-06-05 08:00"
            }
        },
        {
            "type": "Feature",
            "geometry": {
                "type": "Point",
                "coordinates": [
                    101.29398,
                    15.181677
                ]
            },
            "properties": {
                "station_name": "เขตห้ามล่าสัตว์ป่าเขาสมโภชน์",
                "rain_24h": 3.4,
                "province": "ลพบุรี",
                "datetime": "2026-06-05 08:00"
            }
        },
        {
            "type": "Feature",
            "geometry": {
                "type": "Point",
                "coordinates": [
                    98.946594,
                    10.745878
                ]
            },
            "properties": {
                "station_name": "หน่วยพิทักษ์ป่าหินเรือ",
                "rain_24h": 3.4,
                "province": "ชุมพร",
                "datetime": "2026-06-05 08:00"
            }
        },
        {
            "type": "Feature",
            "geometry": {
                "type": "Point",
                "coordinates": [
                    103.078186,
                    15.891125
                ]
            },
            "properties": {
                "station_name": "อบต.โนนแดง",
                "rain_24h": 3.2,
                "province": "มหาสารคาม",
                "datetime": "2026-06-05 08:00"
            }
        },
        {
            "type": "Feature",
            "geometry": {
                "type": "Point",
                "coordinates": [
                    101.172,
                    6.835993
                ]
            },
            "properties": {
                "station_name": "ปตร.ตุยง",
                "rain_24h": 3.2,
                "province": "ปัตตานี",
                "datetime": "2026-06-05 08:00"
            }
        },
        {
            "type": "Feature",
            "geometry": {
                "type": "Point",
                "coordinates": [
                    99.14546,
                    19.74219
                ]
            },
            "properties": {
                "station_name": "ทต.ไชยปราการ",
                "rain_24h": 3.2,
                "province": "เชียงใหม่",
                "datetime": "2026-06-05 08:00"
            }
        },
        {
            "type": "Feature",
            "geometry": {
                "type": "Point",
                "coordinates": [
                    101.14307,
                    13.974951
                ]
            },
            "properties": {
                "station_name": "สะพานโยธกา",
                "rain_24h": 3.2,
                "province": "ปราจีนบุรี",
                "datetime": "2026-06-05 08:00"
            }
        },
        {
            "type": "Feature",
            "geometry": {
                "type": "Point",
                "coordinates": [
                    100.18758,
                    19.68822
                ]
            },
            "properties": {
                "station_name": "เทิง",
                "rain_24h": 3.2,
                "province": "เชียงราย",
                "datetime": "2026-06-05 08:00"
            }
        },
        {
            "type": "Feature",
            "geometry": {
                "type": "Point",
                "coordinates": [
                    100.26553,
                    19.14992
                ]
            },
            "properties": {
                "station_name": "ทต.ปง",
                "rain_24h": 3.2,
                "province": "พะเยา",
                "datetime": "2026-06-05 08:00"
            }
        },
        {
            "type": "Feature",
            "geometry": {
                "type": "Point",
                "coordinates": [
                    99.70658,
                    7.8944
                ]
            },
            "properties": {
                "station_name": "หน่วยพิทักษ์อุทยานแห่งชาติที่ ขป. ๕ (บ้านในเตา)",
                "rain_24h": 3.2,
                "province": "ตรัง",
                "datetime": "2026-06-05 08:00"
            }
        },
        {
            "type": "Feature",
            "geometry": {
                "type": "Point",
                "coordinates": [
                    99.71997,
                    8.218223
                ]
            },
            "properties": {
                "station_name": "ฝายคลองท่าโลน",
                "rain_24h": 3.2,
                "province": "นครศรีธรรมราช",
                "datetime": "2026-06-05 08:00"
            }
        },
        {
            "type": "Feature",
            "geometry": {
                "type": "Point",
                "coordinates": [
                    99.28464,
                    13.823291
                ]
            },
            "properties": {
                "station_name": "รร.บ้านไทรทอง",
                "rain_24h": 3.2,
                "province": "กาญจนบุรี",
                "datetime": "2026-06-05 08:00"
            }
        },
        {
            "type": "Feature",
            "geometry": {
                "type": "Point",
                "coordinates": [
                    104.3636,
                    17.057106
                ]
            },
            "properties": {
                "station_name": "สะพานน้ำก่ำ บ้านหนองแคน",
                "rain_24h": 3.2,
                "province": "นครพนม",
                "datetime": "2026-06-05 08:00"
            }
        },
        {
            "type": "Feature",
            "geometry": {
                "type": "Point",
                "coordinates": [
                    100.887474,
                    17.496294
                ]
            },
            "properties": {
                "station_name": "อบต.เหล่ากอหก",
                "rain_24h": 3.2,
                "province": "เลย",
                "datetime": "2026-06-05 08:00"
            }
        },
        {
            "type": "Feature",
            "geometry": {
                "type": "Point",
                "coordinates": [
                    99.09844,
                    10.231239
                ]
            },
            "properties": {
                "station_name": "สวี 1",
                "rain_24h": 3.2,
                "province": "ชุมพร",
                "datetime": "2026-06-05 08:00"
            }
        },
        {
            "type": "Feature",
            "geometry": {
                "type": "Point",
                "coordinates": [
                    99.93332,
                    7.876858
                ]
            },
            "properties": {
                "station_name": "สะพานข้ามคลองห้วยกรวด",
                "rain_24h": 3.2,
                "province": "นครศรีธรรมราช",
                "datetime": "2026-06-05 08:00"
            }
        },
        {
            "type": "Feature",
            "geometry": {
                "type": "Point",
                "coordinates": [
                    101.18084,
                    6.170353
                ]
            },
            "properties": {
                "station_name": "สถานีพัฒนาที่ดินยะลา",
                "rain_24h": 3,
                "province": "ยะลา",
                "datetime": "2026-06-05 08:00"
            }
        },
        {
            "type": "Feature",
            "geometry": {
                "type": "Point",
                "coordinates": [
                    98.306725,
                    19.073175
                ]
            },
            "properties": {
                "station_name": "ห้วยแม่แจ่ม",
                "rain_24h": 3,
                "province": "เชียงใหม่",
                "datetime": "2026-06-05 08:00"
            }
        },
        {
            "type": "Feature",
            "geometry": {
                "type": "Point",
                "coordinates": [
                    100.41453,
                    15.181774
                ]
            },
            "properties": {
                "station_name": "เขาวง",
                "rain_24h": 3,
                "province": "นครสวรรค์",
                "datetime": "2026-06-05 08:00"
            }
        },
        {
            "type": "Feature",
            "geometry": {
                "type": "Point",
                "coordinates": [
                    102.237885,
                    14.967956
                ]
            },
            "properties": {
                "station_name": "เฉลิมพระเกียรติ",
                "rain_24h": 3,
                "province": "นครราชสีมา",
                "datetime": "2026-06-05 08:00"
            }
        },
        {
            "type": "Feature",
            "geometry": {
                "type": "Point",
                "coordinates": [
                    101.265236,
                    14.549644
                ]
            },
            "properties": {
                "station_name": "หน่วยพิทักษ์อุทยานแห่งชาติที่ ขญ.๑๗ (กลางดง)",
                "rain_24h": 3,
                "province": "นครราชสีมา",
                "datetime": "2026-06-05 08:00"
            }
        },
        {
            "type": "Feature",
            "geometry": {
                "type": "Point",
                "coordinates": [
                    99.22055,
                    19.686718
                ]
            },
            "properties": {
                "station_name": "หน่วยจัดการต้นน้ำแม่ทะลบหลวง",
                "rain_24h": 3,
                "province": "เชียงใหม่",
                "datetime": "2026-06-05 08:00"
            }
        },
        {
            "type": "Feature",
            "geometry": {
                "type": "Point",
                "coordinates": [
                    100.17051,
                    19.01259
                ]
            },
            "properties": {
                "station_name": "หน่วยศึกษาการพัฒนาการอนุรักษ์ต้นนํ้าแม่จั๊วะ",
                "rain_24h": 3,
                "province": "พะเยา",
                "datetime": "2026-06-05 08:00"
            }
        },
        {
            "type": "Feature",
            "geometry": {
                "type": "Point",
                "coordinates": [
                    101.072,
                    19.1848
                ]
            },
            "properties": {
                "station_name": "หน่วยจัดการต้นน้ำน้ำขว้าง",
                "rain_24h": 3,
                "province": "น่าน",
                "datetime": "2026-06-05 08:00"
            }
        },
        {
            "type": "Feature",
            "geometry": {
                "type": "Point",
                "coordinates": [
                    99.622,
                    19.3907
                ]
            },
            "properties": {
                "station_name": "หน่วยจัดการต้นน้ำแม่ห้อม",
                "rain_24h": 3,
                "province": "เชียงราย",
                "datetime": "2026-06-05 08:00"
            }
        },
        {
            "type": "Feature",
            "geometry": {
                "type": "Point",
                "coordinates": [
                    100.07919,
                    19.957552
                ]
            },
            "properties": {
                "station_name": "วนอุทยานน้ำตกห้วยแม่สัก",
                "rain_24h": 3,
                "province": "เชียงราย",
                "datetime": "2026-06-05 08:00"
            }
        },
        {
            "type": "Feature",
            "geometry": {
                "type": "Point",
                "coordinates": [
                    99.68352,
                    19.74717
                ]
            },
            "properties": {
                "station_name": "ทต.ดงมะดะ",
                "rain_24h": 3,
                "province": "เชียงราย",
                "datetime": "2026-06-05 08:00"
            }
        },
        {
            "type": "Feature",
            "geometry": {
                "type": "Point",
                "coordinates": [
                    102.40288,
                    14.947535
                ]
            },
            "properties": {
                "station_name": "อบต.ศรีละกอ",
                "rain_24h": 3,
                "province": "นครราชสีมา",
                "datetime": "2026-06-05 08:00"
            }
        },
        {
            "type": "Feature",
            "geometry": {
                "type": "Point",
                "coordinates": [
                    99.70319,
                    18.031466
                ]
            },
            "properties": {
                "station_name": "หน่วยพิทักษ์อุทยานแห่งชาติ ที่ วศ.๑ (แม่แขม)",
                "rain_24h": 3,
                "province": "แพร่",
                "datetime": "2026-06-05 08:00"
            }
        },
        {
            "type": "Feature",
            "geometry": {
                "type": "Point",
                "coordinates": [
                    102.18003,
                    13.500649
                ]
            },
            "properties": {
                "station_name": "ทม.วังน้ำเย็น",
                "rain_24h": 3,
                "province": "สระแก้ว",
                "datetime": "2026-06-05 08:00"
            }
        },
        {
            "type": "Feature",
            "geometry": {
                "type": "Point",
                "coordinates": [
                    101.86641,
                    15.254262
                ]
            },
            "properties": {
                "station_name": "อบต.หนองบัวละคร",
                "rain_24h": 3,
                "province": "นครราชสีมา",
                "datetime": "2026-06-05 08:00"
            }
        },
        {
            "type": "Feature",
            "geometry": {
                "type": "Point",
                "coordinates": [
                    98.495445,
                    18.786606
                ]
            },
            "properties": {
                "station_name": "หน่วยจัดการต้นน้ำแม่สะงะ",
                "rain_24h": 2.8,
                "province": "เชียงใหม่",
                "datetime": "2026-06-05 08:00"
            }
        },
        {
            "type": "Feature",
            "geometry": {
                "type": "Point",
                "coordinates": [
                    100.571526,
                    6.988308
                ]
            },
            "properties": {
                "station_name": "อบต.พิจิตร",
                "rain_24h": 2.8,
                "province": "สงขลา",
                "datetime": "2026-06-05 08:00"
            }
        },
        {
            "type": "Feature",
            "geometry": {
                "type": "Point",
                "coordinates": [
                    101.51891,
                    14.070925
                ]
            },
            "properties": {
                "station_name": "ประจันตคาม (KGT7A)",
                "rain_24h": 2.8,
                "province": "ปราจีนบุรี",
                "datetime": "2026-06-05 08:00"
            }
        },
        {
            "type": "Feature",
            "geometry": {
                "type": "Point",
                "coordinates": [
                    100.38039,
                    17.798231
                ]
            },
            "properties": {
                "station_name": "หน่วยจัดการต้นน้ำและพัฒนาชุมชนในพื้นที่ป่าอนุรักษ์เขื่อนสิริกิติ์",
                "rain_24h": 2.8,
                "province": "อุตรดิตถ์",
                "datetime": "2026-06-05 08:00"
            }
        },
        {
            "type": "Feature",
            "geometry": {
                "type": "Point",
                "coordinates": [
                    99.51786,
                    18.997137
                ]
            },
            "properties": {
                "station_name": "หน่วยจัดการต้นน้ำขุนสอย",
                "rain_24h": 2.8,
                "province": "ลำปาง",
                "datetime": "2026-06-05 08:00"
            }
        },
        {
            "type": "Feature",
            "geometry": {
                "type": "Point",
                "coordinates": [
                    98.50224,
                    17.564354
                ]
            },
            "properties": {
                "station_name": "หน่วยจัดการต้นน้ำแม่ตื่น",
                "rain_24h": 2.8,
                "province": "เชียงใหม่",
                "datetime": "2026-06-05 08:00"
            }
        },
        {
            "type": "Feature",
            "geometry": {
                "type": "Point",
                "coordinates": [
                    101.082,
                    13.2743
                ]
            },
            "properties": {
                "station_name": "หน่วยพิทักษ์ป่าอ่างช้างน้ำ",
                "rain_24h": 2.8,
                "province": "ชลบุรี",
                "datetime": "2026-06-05 08:00"
            }
        },
        {
            "type": "Feature",
            "geometry": {
                "type": "Point",
                "coordinates": [
                    100.9964,
                    19.1356
                ]
            },
            "properties": {
                "station_name": "รร.บ้านปางยาง",
                "rain_24h": 2.8,
                "province": "น่าน",
                "datetime": "2026-06-05 08:00"
            }
        },
        {
            "type": "Feature",
            "geometry": {
                "type": "Point",
                "coordinates": [
                    97.8988,
                    18.901009
                ]
            },
            "properties": {
                "station_name": "ที่ทำการเขตรักษาพันธุ์สัตว์ป่าดอยเวียงหล้า",
                "rain_24h": 2.8,
                "province": "แม่ฮ่องสอน",
                "datetime": "2026-06-05 08:00"
            }
        },
        {
            "type": "Feature",
            "geometry": {
                "type": "Point",
                "coordinates": [
                    101.10231,
                    19.061718
                ]
            },
            "properties": {
                "station_name": "หน่วยจัดการต้นน้ำน้ำหมาวหมอก",
                "rain_24h": 2.8,
                "province": "น่าน",
                "datetime": "2026-06-05 08:00"
            }
        },
        {
            "type": "Feature",
            "geometry": {
                "type": "Point",
                "coordinates": [
                    99.80874,
                    7.854678
                ]
            },
            "properties": {
                "station_name": "หน่วยพิทักษ์อุทยานแห่งชาติที ขป.๘ (น้ำตกหนานปลิว)",
                "rain_24h": 2.8,
                "province": "พัทลุง",
                "datetime": "2026-06-05 08:00"
            }
        },
        {
            "type": "Feature",
            "geometry": {
                "type": "Point",
                "coordinates": [
                    99.33681,
                    11.24847
                ]
            },
            "properties": {
                "station_name": "น้ำตกไทรคู่",
                "rain_24h": 2.8,
                "province": "ประจวบคีรีขันธ์",
                "datetime": "2026-06-05 08:00"
            }
        },
        {
            "type": "Feature",
            "geometry": {
                "type": "Point",
                "coordinates": [
                    100.326294,
                    19.228998
                ]
            },
            "properties": {
                "station_name": "สะพานน้ำเงิน",
                "rain_24h": 2.6,
                "province": "พะเยา",
                "datetime": "2026-06-05 08:00"
            }
        },
        {
            "type": "Feature",
            "geometry": {
                "type": "Point",
                "coordinates": [
                    99.703316,
                    8.21201
                ]
            },
            "properties": {
                "station_name": "บ้านประดู่",
                "rain_24h": 2.6,
                "province": "นครศรีธรรมราช",
                "datetime": "2026-06-05 08:00"
            }
        },
        {
            "type": "Feature",
            "geometry": {
                "type": "Point",
                "coordinates": [
                    101.45538,
                    17.082167
                ]
            },
            "properties": {
                "station_name": "ศูนย์ศึกษาการพัฒนาการอนุรักษ์ต้นน้ำลุ่มน้ำป่าสัก",
                "rain_24h": 2.6,
                "province": "เพชรบูรณ์",
                "datetime": "2026-06-05 08:00"
            }
        },
        {
            "type": "Feature",
            "geometry": {
                "type": "Point",
                "coordinates": [
                    99.01955,
                    18.58646
                ]
            },
            "properties": {
                "station_name": "สวนสาธารณะกู่ช้าง ทต.ลำพูน",
                "rain_24h": 2.6,
                "province": "ลำพูน",
                "datetime": "2026-06-05 08:00"
            }
        },
        {
            "type": "Feature",
            "geometry": {
                "type": "Point",
                "coordinates": [
                    100.12744,
                    14.15657
                ]
            },
            "properties": {
                "station_name": "วัดท่าเจดีย์ (TTC06)",
                "rain_24h": 2.6,
                "province": "สุพรรณบุรี",
                "datetime": "2026-06-05 08:00"
            }
        },
        {
            "type": "Feature",
            "geometry": {
                "type": "Point",
                "coordinates": [
                    101.66225,
                    15.050531
                ]
            },
            "properties": {
                "station_name": "อบต.วังโรงใหญ่",
                "rain_24h": 2.6,
                "province": "นครราชสีมา",
                "datetime": "2026-06-05 08:00"
            }
        },
        {
            "type": "Feature",
            "geometry": {
                "type": "Point",
                "coordinates": [
                    100.4088,
                    19.0905
                ]
            },
            "properties": {
                "station_name": "หน่วยศึกษาการพัฒนาการอนุรักษ์ต้นน้ำดอยผาจิ",
                "rain_24h": 2.6,
                "province": "พะเยา",
                "datetime": "2026-06-05 08:00"
            }
        },
        {
            "type": "Feature",
            "geometry": {
                "type": "Point",
                "coordinates": [
                    99.07568,
                    10.112872
                ]
            },
            "properties": {
                "station_name": "สะพานหนองจิก-วังปลา",
                "rain_24h": 2.6,
                "province": "ชุมพร",
                "datetime": "2026-06-05 08:00"
            }
        },
        {
            "type": "Feature",
            "geometry": {
                "type": "Point",
                "coordinates": [
                    101.811005,
                    6.224225
                ]
            },
            "properties": {
                "station_name": "สำนักงานเกษตรอำเภอเจาะไอร้อง",
                "rain_24h": 2.6,
                "province": "นราธิวาส",
                "datetime": "2026-06-05 08:00"
            }
        },
        {
            "type": "Feature",
            "geometry": {
                "type": "Point",
                "coordinates": [
                    99.80269,
                    16.83377
                ]
            },
            "properties": {
                "station_name": "ทต.บ้านโตนด",
                "rain_24h": 2.6,
                "province": "สุโขทัย",
                "datetime": "2026-06-05 08:00"
            }
        },
        {
            "type": "Feature",
            "geometry": {
                "type": "Point",
                "coordinates": [
                    104.17359,
                    16.99655
                ]
            },
            "properties": {
                "station_name": "ลำน้ำพุง",
                "rain_24h": 2.6,
                "province": "สกลนคร",
                "datetime": "2026-06-05 08:00"
            }
        },
        {
            "type": "Feature",
            "geometry": {
                "type": "Point",
                "coordinates": [
                    103.46714,
                    16.411028
                ]
            },
            "properties": {
                "station_name": "ยางตลาด",
                "rain_24h": 2.6,
                "province": "กาฬสินธุ์",
                "datetime": "2026-06-05 08:00"
            }
        },
        {
            "type": "Feature",
            "geometry": {
                "type": "Point",
                "coordinates": [
                    99.65159,
                    18.27293
                ]
            },
            "properties": {
                "station_name": "ทต.แม่เมาะ",
                "rain_24h": 2.6,
                "province": "ลำปาง",
                "datetime": "2026-06-05 08:00"
            }
        },
        {
            "type": "Feature",
            "geometry": {
                "type": "Point",
                "coordinates": [
                    102.947624,
                    16.369078
                ]
            },
            "properties": {
                "station_name": "เหนือฝายมหาสารคาม",
                "rain_24h": 2.6,
                "province": "มหาสารคาม",
                "datetime": "2026-06-05 08:00"
            }
        },
        {
            "type": "Feature",
            "geometry": {
                "type": "Point",
                "coordinates": [
                    100.76151,
                    18.54992
                ]
            },
            "properties": {
                "station_name": "เวียงสา",
                "rain_24h": 2.6,
                "province": "น่าน",
                "datetime": "2026-06-05 08:00"
            }
        },
        {
            "type": "Feature",
            "geometry": {
                "type": "Point",
                "coordinates": [
                    99.85966,
                    20.15754
                ]
            },
            "properties": {
                "station_name": "แม่จัน",
                "rain_24h": 2.4,
                "province": "เชียงราย",
                "datetime": "2026-06-05 08:00"
            }
        },
        {
            "type": "Feature",
            "geometry": {
                "type": "Point",
                "coordinates": [
                    101.09709,
                    16.11497
                ]
            },
            "properties": {
                "station_name": "หนองไผ่",
                "rain_24h": 2.4,
                "province": "เพชรบูรณ์",
                "datetime": "2026-06-05 08:00"
            }
        },
        {
            "type": "Feature",
            "geometry": {
                "type": "Point",
                "coordinates": [
                    100.172676,
                    15.161408
                ]
            },
            "properties": {
                "station_name": "ท้ายปตร.มหาราช",
                "rain_24h": 2.4,
                "province": "ชัยนาท",
                "datetime": "2026-06-05 08:00"
            }
        },
        {
            "type": "Feature",
            "geometry": {
                "type": "Point",
                "coordinates": [
                    99.71075,
                    11.935991
                ]
            },
            "properties": {
                "station_name": "วัดนิคมประชาสรรค์ (วัดวังไทรดิ่ง)",
                "rain_24h": 2.4,
                "province": "ประจวบคีรีขันธ์",
                "datetime": "2026-06-05 08:00"
            }
        },
        {
            "type": "Feature",
            "geometry": {
                "type": "Point",
                "coordinates": [
                    100.122246,
                    14.532452
                ]
            },
            "properties": {
                "station_name": "เหนือปตร.โพธิ์พระยา",
                "rain_24h": 2.4,
                "province": "สุพรรณบุรี",
                "datetime": "2026-06-05 08:00"
            }
        },
        {
            "type": "Feature",
            "geometry": {
                "type": "Point",
                "coordinates": [
                    100.12244,
                    14.53185
                ]
            },
            "properties": {
                "station_name": "ท้ายปตร.โพธิ์พระยา",
                "rain_24h": 2.4,
                "province": "สุพรรณบุรี",
                "datetime": "2026-06-05 08:00"
            }
        },
        {
            "type": "Feature",
            "geometry": {
                "type": "Point",
                "coordinates": [
                    100.77499,
                    13.9416
                ]
            },
            "properties": {
                "station_name": "คลองหกวา ลำลูกกา คลอง8",
                "rain_24h": 2.4,
                "province": "ปทุมธานี",
                "datetime": "2026-06-05 08:00"
            }
        },
        {
            "type": "Feature",
            "geometry": {
                "type": "Point",
                "coordinates": [
                    101.70681,
                    6.40342
                ]
            },
            "properties": {
                "station_name": "ที่ว่าการอำเภอยี่งอ",
                "rain_24h": 2.4,
                "province": "นราธิวาส",
                "datetime": "2026-06-05 08:00"
            }
        },
        {
            "type": "Feature",
            "geometry": {
                "type": "Point",
                "coordinates": [
                    100.74266,
                    18.571873
                ]
            },
            "properties": {
                "station_name": "แม่น้ำสา",
                "rain_24h": 2.4,
                "province": "น่าน",
                "datetime": "2026-06-05 08:00"
            }
        },
        {
            "type": "Feature",
            "geometry": {
                "type": "Point",
                "coordinates": [
                    102.89059,
                    14.936894
                ]
            },
            "properties": {
                "station_name": "ชุมชนโกรกประดู่",
                "rain_24h": 2.4,
                "province": "บุรีรัมย์",
                "datetime": "2026-06-05 08:00"
            }
        },
        {
            "type": "Feature",
            "geometry": {
                "type": "Point",
                "coordinates": [
                    101.283,
                    16.40925
                ]
            },
            "properties": {
                "station_name": "หน่วยจัดการต้นน้ำห้วยอีมาย",
                "rain_24h": 2.4,
                "province": "เพชรบูรณ์",
                "datetime": "2026-06-05 08:00"
            }
        },
        {
            "type": "Feature",
            "geometry": {
                "type": "Point",
                "coordinates": [
                    99.911316,
                    8.786868
                ]
            },
            "properties": {
                "station_name": "ท่าศาลา",
                "rain_24h": 2.4,
                "province": "นครศรีธรรมราช",
                "datetime": "2026-06-05 08:00"
            }
        },
        {
            "type": "Feature",
            "geometry": {
                "type": "Point",
                "coordinates": [
                    103.962074,
                    14.431366
                ]
            },
            "properties": {
                "station_name": "รพ.สต.จรัส",
                "rain_24h": 2.4,
                "province": "สุรินทร์",
                "datetime": "2026-06-05 08:00"
            }
        },
        {
            "type": "Feature",
            "geometry": {
                "type": "Point",
                "coordinates": [
                    101.14574,
                    13.87032
                ]
            },
            "properties": {
                "station_name": "บางน้ำเปรี้ยว",
                "rain_24h": 2.4,
                "province": "ฉะเชิงเทรา",
                "datetime": "2026-06-05 08:00"
            }
        },
        {
            "type": "Feature",
            "geometry": {
                "type": "Point",
                "coordinates": [
                    100.66681,
                    16.85502
                ]
            },
            "properties": {
                "station_name": "แม่น้ำเข็ก (ว้งทอง)",
                "rain_24h": 2.4,
                "province": "พิษณุโลก",
                "datetime": "2026-06-05 08:00"
            }
        },
        {
            "type": "Feature",
            "geometry": {
                "type": "Point",
                "coordinates": [
                    100.93699,
                    18.87318
                ]
            },
            "properties": {
                "station_name": "อ่างเก็บน้ำห้วยก๊อต",
                "rain_24h": 2.4,
                "province": "น่าน",
                "datetime": "2026-06-05 08:00"
            }
        },
        {
            "type": "Feature",
            "geometry": {
                "type": "Point",
                "coordinates": [
                    100.08282,
                    17.29433
                ]
            },
            "properties": {
                "station_name": "พิชัย",
                "rain_24h": 2.4,
                "province": "อุตรดิตถ์",
                "datetime": "2026-06-05 08:00"
            }
        },
        {
            "type": "Feature",
            "geometry": {
                "type": "Point",
                "coordinates": [
                    101.176605,
                    5.998522
                ]
            },
            "properties": {
                "station_name": "ทะเลหมอก อัยเยอร์เวง",
                "rain_24h": 2.4,
                "province": "ยะลา",
                "datetime": "2026-06-05 08:00"
            }
        },
        {
            "type": "Feature",
            "geometry": {
                "type": "Point",
                "coordinates": [
                    101.27308,
                    6.737101
                ]
            },
            "properties": {
                "station_name": "คลองสุหงาบารู หมู่ที่ 4",
                "rain_24h": 2.4,
                "province": "ปัตตานี",
                "datetime": "2026-06-05 08:00"
            }
        },
        {
            "type": "Feature",
            "geometry": {
                "type": "Point",
                "coordinates": [
                    100.41493,
                    14.750298
                ]
            },
            "properties": {
                "station_name": "ท้ายปตร.ยางมณี",
                "rain_24h": 2.4,
                "province": "สิงห์บุรี",
                "datetime": "2026-06-05 08:00"
            }
        },
        {
            "type": "Feature",
            "geometry": {
                "type": "Point",
                "coordinates": [
                    99.89004,
                    19.86749
                ]
            },
            "properties": {
                "station_name": "ทต.สิริเวียงชัย",
                "rain_24h": 2.4,
                "province": "เชียงราย",
                "datetime": "2026-06-05 08:00"
            }
        },
        {
            "type": "Feature",
            "geometry": {
                "type": "Point",
                "coordinates": [
                    101.883095,
                    13.417764
                ]
            },
            "properties": {
                "station_name": "หน่วยจัดการต้นน้ำภูไท",
                "rain_24h": 2.2,
                "province": "ฉะเชิงเทรา",
                "datetime": "2026-06-05 08:00"
            }
        },
        {
            "type": "Feature",
            "geometry": {
                "type": "Point",
                "coordinates": [
                    99.87471,
                    19.00824
                ]
            },
            "properties": {
                "station_name": "อ่างเก็บน้ำห้วยตุบขอบ",
                "rain_24h": 2.2,
                "province": "พะเยา",
                "datetime": "2026-06-05 08:00"
            }
        },
        {
            "type": "Feature",
            "geometry": {
                "type": "Point",
                "coordinates": [
                    101.04207,
                    13.240825
                ]
            },
            "properties": {
                "station_name": "ที่ทำการเขตรักษาพันธุ์สัตว์ป่าเขาเขียว-เขาชมภู่",
                "rain_24h": 2.2,
                "province": "ชลบุรี",
                "datetime": "2026-06-05 08:00"
            }
        },
        {
            "type": "Feature",
            "geometry": {
                "type": "Point",
                "coordinates": [
                    99.8673,
                    12.07006
                ]
            },
            "properties": {
                "station_name": "ทต.กุยบุรี",
                "rain_24h": 2.2,
                "province": "ประจวบคีรีขันธ์",
                "datetime": "2026-06-05 08:00"
            }
        },
        {
            "type": "Feature",
            "geometry": {
                "type": "Point",
                "coordinates": [
                    99.21112,
                    8.986899
                ]
            },
            "properties": {
                "station_name": "พุนพิน 3",
                "rain_24h": 2.2,
                "province": "สุราษฎร์ธานี",
                "datetime": "2026-06-05 08:00"
            }
        },
        {
            "type": "Feature",
            "geometry": {
                "type": "Point",
                "coordinates": [
                    99.80188,
                    7.056397
                ]
            },
            "properties": {
                "station_name": "อบต.ป่าแก่บ่อหิน",
                "rain_24h": 2.2,
                "province": "สตูล",
                "datetime": "2026-06-05 08:00"
            }
        },
        {
            "type": "Feature",
            "geometry": {
                "type": "Point",
                "coordinates": [
                    103.77956,
                    16.824038
                ]
            },
            "properties": {
                "station_name": "หน่วยจัดการต้นน้ำลำชี",
                "rain_24h": 2.2,
                "province": "กาฬสินธุ์",
                "datetime": "2026-06-05 08:00"
            }
        },
        {
            "type": "Feature",
            "geometry": {
                "type": "Point",
                "coordinates": [
                    99.469,
                    17.8206
                ]
            },
            "properties": {
                "station_name": "อ่างเก็บน้ำแม่กะต๋อม",
                "rain_24h": 2.2,
                "province": "แพร่",
                "datetime": "2026-06-05 08:00"
            }
        },
        {
            "type": "Feature",
            "geometry": {
                "type": "Point",
                "coordinates": [
                    101.382805,
                    17.305536
                ]
            },
            "properties": {
                "station_name": "หน่วยจัดการต้นน้ำห้วยหินสอ",
                "rain_24h": 2.2,
                "province": "เลย",
                "datetime": "2026-06-05 08:00"
            }
        },
        {
            "type": "Feature",
            "geometry": {
                "type": "Point",
                "coordinates": [
                    100.17328,
                    15.15893
                ]
            },
            "properties": {
                "station_name": "เหนือปตร.มหาราช",
                "rain_24h": 2.2,
                "province": "ชัยนาท",
                "datetime": "2026-06-05 08:00"
            }
        },
        {
            "type": "Feature",
            "geometry": {
                "type": "Point",
                "coordinates": [
                    101.07765,
                    19.203993
                ]
            },
            "properties": {
                "station_name": "อุทยานแห่งชาติดอยภูคา",
                "rain_24h": 2.2,
                "province": "น่าน",
                "datetime": "2026-06-05 08:00"
            }
        },
        {
            "type": "Feature",
            "geometry": {
                "type": "Point",
                "coordinates": [
                    101.010826,
                    18.643177
                ]
            },
            "properties": {
                "station_name": "สะพานน้ำว้า บ้านน้ำว้า",
                "rain_24h": 2.2,
                "province": "น่าน",
                "datetime": "2026-06-05 08:00"
            }
        },
        {
            "type": "Feature",
            "geometry": {
                "type": "Point",
                "coordinates": [
                    101.09028,
                    14.364806
                ]
            },
            "properties": {
                "station_name": "สะพานวังแก่ง",
                "rain_24h": 2.2,
                "province": "นครนายก",
                "datetime": "2026-06-05 08:00"
            }
        },
        {
            "type": "Feature",
            "geometry": {
                "type": "Point",
                "coordinates": [
                    100.3548,
                    18.2346
                ]
            },
            "properties": {
                "station_name": "สถานีวิจัยต้นน้ำยม",
                "rain_24h": 2.2,
                "province": "แพร่",
                "datetime": "2026-06-05 08:00"
            }
        },
        {
            "type": "Feature",
            "geometry": {
                "type": "Point",
                "coordinates": [
                    100.26423,
                    19.019
                ]
            },
            "properties": {
                "station_name": "สะพานน้ำแม่จั๊ว",
                "rain_24h": 2,
                "province": "พะเยา",
                "datetime": "2026-06-05 08:00"
            }
        },
        {
            "type": "Feature",
            "geometry": {
                "type": "Point",
                "coordinates": [
                    99.06444,
                    9.953369
                ]
            },
            "properties": {
                "station_name": "หลังสวน",
                "rain_24h": 2,
                "province": "ชุมพร",
                "datetime": "2026-06-05 08:00"
            }
        },
        {
            "type": "Feature",
            "geometry": {
                "type": "Point",
                "coordinates": [
                    102.00949,
                    15.681568
                ]
            },
            "properties": {
                "station_name": "เมืองชัยภูมิ",
                "rain_24h": 2,
                "province": "ชัยภูมิ",
                "datetime": "2026-06-05 08:00"
            }
        },
        {
            "type": "Feature",
            "geometry": {
                "type": "Point",
                "coordinates": [
                    99.59756,
                    11.52201
                ]
            },
            "properties": {
                "station_name": "อบต.เขาล้าน",
                "rain_24h": 2,
                "province": "ประจวบคีรีขันธ์",
                "datetime": "2026-06-05 08:00"
            }
        },
        {
            "type": "Feature",
            "geometry": {
                "type": "Point",
                "coordinates": [
                    98.46656,
                    18.36419
                ]
            },
            "properties": {
                "station_name": "หน่วยจัดการต้นน้ำสวนป่าสิริกิติ์",
                "rain_24h": 2,
                "province": "เชียงใหม่",
                "datetime": "2026-06-05 08:00"
            }
        },
        {
            "type": "Feature",
            "geometry": {
                "type": "Point",
                "coordinates": [
                    100.00566,
                    17.074213
                ]
            },
            "properties": {
                "station_name": "สะพานข้ามแม่น้ำยมสายเก่า-ตำบลไกรใน",
                "rain_24h": 2,
                "province": "สุโขทัย",
                "datetime": "2026-06-05 08:00"
            }
        },
        {
            "type": "Feature",
            "geometry": {
                "type": "Point",
                "coordinates": [
                    100.23048,
                    13.58598
                ]
            },
            "properties": {
                "station_name": "เมืองสมุทรสาคร",
                "rain_24h": 2,
                "province": "สมุทรสาคร",
                "datetime": "2026-06-05 08:00"
            }
        },
        {
            "type": "Feature",
            "geometry": {
                "type": "Point",
                "coordinates": [
                    100.60633,
                    14.794424
                ]
            },
            "properties": {
                "station_name": "สะพานน้ำลพบุรี บ้านโพธิ์เก้าต้น",
                "rain_24h": 2,
                "province": "ลพบุรี",
                "datetime": "2026-06-05 08:00"
            }
        },
        {
            "type": "Feature",
            "geometry": {
                "type": "Point",
                "coordinates": [
                    99.85578,
                    17.341522
                ]
            },
            "properties": {
                "station_name": "สะพานคลองแม่น้ำเก่า",
                "rain_24h": 2,
                "province": "สุโขทัย",
                "datetime": "2026-06-05 08:00"
            }
        },
        {
            "type": "Feature",
            "geometry": {
                "type": "Point",
                "coordinates": [
                    99.653366,
                    13.242051
                ]
            },
            "properties": {
                "station_name": "วัดวังปลาช่อน",
                "rain_24h": 2,
                "province": "ราชบุรี",
                "datetime": "2026-06-05 08:00"
            }
        },
        {
            "type": "Feature",
            "geometry": {
                "type": "Point",
                "coordinates": [
                    100.89203,
                    14.077769
                ]
            },
            "properties": {
                "station_name": "เหนือปตร.พระธรรมราชา",
                "rain_24h": 2,
                "province": "ปทุมธานี",
                "datetime": "2026-06-05 08:00"
            }
        },
        {
            "type": "Feature",
            "geometry": {
                "type": "Point",
                "coordinates": [
                    100.89391,
                    14.076376
                ]
            },
            "properties": {
                "station_name": "ท้ายปตร.พระธรรมราชา",
                "rain_24h": 2,
                "province": "ปทุมธานี",
                "datetime": "2026-06-05 08:00"
            }
        },
        {
            "type": "Feature",
            "geometry": {
                "type": "Point",
                "coordinates": [
                    99.02184,
                    17.32797
                ]
            },
            "properties": {
                "station_name": "อ่างเก็บน้ำสองแควใต้",
                "rain_24h": 2,
                "province": "ตาก",
                "datetime": "2026-06-05 08:00"
            }
        },
        {
            "type": "Feature",
            "geometry": {
                "type": "Point",
                "coordinates": [
                    100.706436,
                    19.356726
                ]
            },
            "properties": {
                "station_name": "สะพานน้ำยาว บ้านสองแคว",
                "rain_24h": 2,
                "province": "น่าน",
                "datetime": "2026-06-05 08:00"
            }
        },
        {
            "type": "Feature",
            "geometry": {
                "type": "Point",
                "coordinates": [
                    99.51935,
                    15.08265
                ]
            },
            "properties": {
                "station_name": "ศูนย์อปพร. อบต.บ้านไร่",
                "rain_24h": 2,
                "province": "อุทัยธานี",
                "datetime": "2026-06-05 08:00"
            }
        },
        {
            "type": "Feature",
            "geometry": {
                "type": "Point",
                "coordinates": [
                    99.16833,
                    9.398653
                ]
            },
            "properties": {
                "station_name": "สะพานข้ามคลองไชยา",
                "rain_24h": 1.8,
                "province": "สุราษฎร์ธานี",
                "datetime": "2026-06-05 08:00"
            }
        },
        {
            "type": "Feature",
            "geometry": {
                "type": "Point",
                "coordinates": [
                    101.07645,
                    14.60885
                ]
            },
            "properties": {
                "station_name": "ทม.ทับกวาง",
                "rain_24h": 1.8,
                "province": "สระบุรี",
                "datetime": "2026-06-05 08:00"
            }
        },
        {
            "type": "Feature",
            "geometry": {
                "type": "Point",
                "coordinates": [
                    99.45685,
                    18.05428
                ]
            },
            "properties": {
                "station_name": "อ่างเก็บน้ำแม่กอง",
                "rain_24h": 1.8,
                "province": "ลำปาง",
                "datetime": "2026-06-05 08:00"
            }
        },
        {
            "type": "Feature",
            "geometry": {
                "type": "Point",
                "coordinates": [
                    100.592,
                    18.8532
                ]
            },
            "properties": {
                "station_name": "หน่วยจัดการต้นน้ำสะเนียน-ไสล",
                "rain_24h": 1.8,
                "province": "น่าน",
                "datetime": "2026-06-05 08:00"
            }
        },
        {
            "type": "Feature",
            "geometry": {
                "type": "Point",
                "coordinates": [
                    100.84587,
                    17.10701
                ]
            },
            "properties": {
                "station_name": "นครไทย",
                "rain_24h": 1.8,
                "province": "พิษณุโลก",
                "datetime": "2026-06-05 08:00"
            }
        },
        {
            "type": "Feature",
            "geometry": {
                "type": "Point",
                "coordinates": [
                    99.43257,
                    16.6282
                ]
            },
            "properties": {
                "station_name": "สะพานลานดอกไม้",
                "rain_24h": 1.8,
                "province": "กำแพงเพชร",
                "datetime": "2026-06-05 08:00"
            }
        },
        {
            "type": "Feature",
            "geometry": {
                "type": "Point",
                "coordinates": [
                    102.32844,
                    15.4438
                ]
            },
            "properties": {
                "station_name": "ทต.เมืองคง",
                "rain_24h": 1.8,
                "province": "นครราชสีมา",
                "datetime": "2026-06-05 08:00"
            }
        },
        {
            "type": "Feature",
            "geometry": {
                "type": "Point",
                "coordinates": [
                    100.35738,
                    14.440615
                ]
            },
            "properties": {
                "station_name": "ปตร.ลาดชิด (ทุ่งผักไห่)",
                "rain_24h": 1.8,
                "province": "พระนครศรีอยุธยา",
                "datetime": "2026-06-05 08:00"
            }
        },
        {
            "type": "Feature",
            "geometry": {
                "type": "Point",
                "coordinates": [
                    99.7755,
                    19.0587
                ]
            },
            "properties": {
                "station_name": "หน่วยพิทักษ์อุทยานแห่งชาติที่ ผท.๑ (ปากบอก)",
                "rain_24h": 1.8,
                "province": "ลำปาง",
                "datetime": "2026-06-05 08:00"
            }
        },
        {
            "type": "Feature",
            "geometry": {
                "type": "Point",
                "coordinates": [
                    102.88541,
                    14.051288
                ]
            },
            "properties": {
                "station_name": "ตาพระยา",
                "rain_24h": 1.8,
                "province": "สระแก้ว",
                "datetime": "2026-06-05 08:00"
            }
        },
        {
            "type": "Feature",
            "geometry": {
                "type": "Point",
                "coordinates": [
                    101.1884,
                    18.997
                ]
            },
            "properties": {
                "station_name": "หน่วยจัดการต้นน้ำขุนน้ำตวง",
                "rain_24h": 1.8,
                "province": "น่าน",
                "datetime": "2026-06-05 08:00"
            }
        },
        {
            "type": "Feature",
            "geometry": {
                "type": "Point",
                "coordinates": [
                    100.371475,
                    14.43659
                ]
            },
            "properties": {
                "station_name": "ปตร.บางแก้ว (ทุ่งผักไห่)",
                "rain_24h": 1.8,
                "province": "พระนครศรีอยุธยา",
                "datetime": "2026-06-05 08:00"
            }
        },
        {
            "type": "Feature",
            "geometry": {
                "type": "Point",
                "coordinates": [
                    100.679344,
                    17.299711
                ]
            },
            "properties": {
                "station_name": "ที่ทำการอุทยานแห่งชาติน้ำตกชาติตระการ",
                "rain_24h": 1.8,
                "province": "พิษณุโลก",
                "datetime": "2026-06-05 08:00"
            }
        },
        {
            "type": "Feature",
            "geometry": {
                "type": "Point",
                "coordinates": [
                    102.536285,
                    15.916544
                ]
            },
            "properties": {
                "station_name": "วัดพิเสกประดิษฐิ์",
                "rain_24h": 1.8,
                "province": "ขอนแก่น",
                "datetime": "2026-06-05 08:00"
            }
        },
        {
            "type": "Feature",
            "geometry": {
                "type": "Point",
                "coordinates": [
                    102.68472,
                    14.188849
                ]
            },
            "properties": {
                "station_name": "อบต.ลำนางรอง",
                "rain_24h": 1.8,
                "province": "บุรีรัมย์",
                "datetime": "2026-06-05 08:00"
            }
        },
        {
            "type": "Feature",
            "geometry": {
                "type": "Point",
                "coordinates": [
                    99.37312,
                    12.97823
                ]
            },
            "properties": {
                "station_name": "หน่วยพิทักษ์อุทยานแห่งชาติแก่งกระจาน 10",
                "rain_24h": 1.6,
                "province": "เพชรบุรี",
                "datetime": "2026-06-05 08:00"
            }
        },
        {
            "type": "Feature",
            "geometry": {
                "type": "Point",
                "coordinates": [
                    101.04407,
                    16.70502
                ]
            },
            "properties": {
                "station_name": "อบต.ทุ่งสมอ",
                "rain_24h": 1.6,
                "province": "เพชรบูรณ์",
                "datetime": "2026-06-05 08:00"
            }
        },
        {
            "type": "Feature",
            "geometry": {
                "type": "Point",
                "coordinates": [
                    99.65609,
                    12.668829
                ]
            },
            "properties": {
                "station_name": "โรงเรียนบ้านเขาอ่างแก้ว",
                "rain_24h": 1.6,
                "province": "เพชรบุรี",
                "datetime": "2026-06-05 08:00"
            }
        },
        {
            "type": "Feature",
            "geometry": {
                "type": "Point",
                "coordinates": [
                    101.88213,
                    5.93329
                ]
            },
            "properties": {
                "station_name": "ทต.แว้ง",
                "rain_24h": 1.6,
                "province": "นราธิวาส",
                "datetime": "2026-06-05 08:00"
            }
        },
        {
            "type": "Feature",
            "geometry": {
                "type": "Point",
                "coordinates": [
                    101.4049,
                    12.6975
                ]
            },
            "properties": {
                "station_name": "สถานีวิจัยต้นน้ำชายฝั่งทะเลตะวันออก",
                "rain_24h": 1.6,
                "province": "ระยอง",
                "datetime": "2026-06-05 08:00"
            }
        },
        {
            "type": "Feature",
            "geometry": {
                "type": "Point",
                "coordinates": [
                    99.978004,
                    17.729137
                ]
            },
            "properties": {
                "station_name": "น้ำตกแม่พูล",
                "rain_24h": 1.6,
                "province": "อุตรดิตถ์",
                "datetime": "2026-06-05 08:00"
            }
        },
        {
            "type": "Feature",
            "geometry": {
                "type": "Point",
                "coordinates": [
                    103.714294,
                    17.398592
                ]
            },
            "properties": {
                "station_name": "ทต.พังโคน",
                "rain_24h": 1.6,
                "province": "สกลนคร",
                "datetime": "2026-06-05 08:00"
            }
        },
        {
            "type": "Feature",
            "geometry": {
                "type": "Point",
                "coordinates": [
                    99.62372,
                    12.051988
                ]
            },
            "properties": {
                "station_name": "ที่ทำการอุทยานแห่งชาติกุยบุรี",
                "rain_24h": 1.6,
                "province": "ประจวบคีรีขันธ์",
                "datetime": "2026-06-05 08:00"
            }
        },
        {
            "type": "Feature",
            "geometry": {
                "type": "Point",
                "coordinates": [
                    104.54653,
                    15.322486
                ]
            },
            "properties": {
                "station_name": "เขื่องใน",
                "rain_24h": 1.6,
                "province": "อุบลราชธานี",
                "datetime": "2026-06-05 08:00"
            }
        },
        {
            "type": "Feature",
            "geometry": {
                "type": "Point",
                "coordinates": [
                    99.664345,
                    17.050436
                ]
            },
            "properties": {
                "station_name": "คลองแม่รำพัน 1",
                "rain_24h": 1.6,
                "province": "สุโขทัย",
                "datetime": "2026-06-05 08:00"
            }
        },
        {
            "type": "Feature",
            "geometry": {
                "type": "Point",
                "coordinates": [
                    104.27321,
                    14.66673
                ]
            },
            "properties": {
                "station_name": "อบต.ตาอุด",
                "rain_24h": 1.6,
                "province": "ศรีสะเกษ",
                "datetime": "2026-06-05 08:00"
            }
        },
        {
            "type": "Feature",
            "geometry": {
                "type": "Point",
                "coordinates": [
                    99.145744,
                    10.574472
                ]
            },
            "properties": {
                "station_name": "เมืองชุมพร",
                "rain_24h": 1.6,
                "province": "ชุมพร",
                "datetime": "2026-06-05 08:00"
            }
        },
        {
            "type": "Feature",
            "geometry": {
                "type": "Point",
                "coordinates": [
                    100.46322,
                    6.98013
                ]
            },
            "properties": {
                "station_name": "หาดใหญ่",
                "rain_24h": 1.6,
                "province": "สงขลา",
                "datetime": "2026-06-05 08:00"
            }
        },
        {
            "type": "Feature",
            "geometry": {
                "type": "Point",
                "coordinates": [
                    101.20047,
                    6.834724
                ]
            },
            "properties": {
                "station_name": "ชุมชนบ้านท่าด่าน",
                "rain_24h": 1.6,
                "province": "ปัตตานี",
                "datetime": "2026-06-05 08:00"
            }
        },
        {
            "type": "Feature",
            "geometry": {
                "type": "Point",
                "coordinates": [
                    99.25007,
                    18.546852
                ]
            },
            "properties": {
                "station_name": "สะพานแม่น้ำทา",
                "rain_24h": 1.6,
                "province": "ลำพูน",
                "datetime": "2026-06-05 08:00"
            }
        },
        {
            "type": "Feature",
            "geometry": {
                "type": "Point",
                "coordinates": [
                    100.89407,
                    14.076805
                ]
            },
            "properties": {
                "station_name": "ท้ายไซฟอน ปตร.พระธรรมราชา",
                "rain_24h": 1.6,
                "province": "ปทุมธานี",
                "datetime": "2026-06-05 08:00"
            }
        },
        {
            "type": "Feature",
            "geometry": {
                "type": "Point",
                "coordinates": [
                    100.07764,
                    17.29251
                ]
            },
            "properties": {
                "station_name": "คลองผันน้ำยม-น่าน3",
                "rain_24h": 1.6,
                "province": "อุตรดิตถ์",
                "datetime": "2026-06-05 08:00"
            }
        },
        {
            "type": "Feature",
            "geometry": {
                "type": "Point",
                "coordinates": [
                    100.9562,
                    18.2799
                ]
            },
            "properties": {
                "station_name": "หน่วยพิทักษ์อุทยานแห่งชาติที่ ศน.7 (ห้วยงาม)",
                "rain_24h": 1.6,
                "province": "น่าน",
                "datetime": "2026-06-05 08:00"
            }
        },
        {
            "type": "Feature",
            "geometry": {
                "type": "Point",
                "coordinates": [
                    98.2943,
                    18.5223
                ]
            },
            "properties": {
                "station_name": "สถานีวิจัยต้นน้ำแม่แจ่ม",
                "rain_24h": 1.4,
                "province": "เชียงใหม่",
                "datetime": "2026-06-05 08:00"
            }
        },
        {
            "type": "Feature",
            "geometry": {
                "type": "Point",
                "coordinates": [
                    98.876945,
                    9.282472
                ]
            },
            "properties": {
                "station_name": "สะพานบางไตประชาบริรักษ์",
                "rain_24h": 1.4,
                "province": "สุราษฎร์ธานี",
                "datetime": "2026-06-05 08:00"
            }
        },
        {
            "type": "Feature",
            "geometry": {
                "type": "Point",
                "coordinates": [
                    98.80015,
                    19.5124
                ]
            },
            "properties": {
                "station_name": "หน่วยจัดการต้นน้ำขุนคอง",
                "rain_24h": 1.4,
                "province": "เชียงใหม่",
                "datetime": "2026-06-05 08:00"
            }
        },
        {
            "type": "Feature",
            "geometry": {
                "type": "Point",
                "coordinates": [
                    99.87421,
                    7.889563
                ]
            },
            "properties": {
                "station_name": "สะพานห้วยน้ำใส",
                "rain_24h": 1.4,
                "province": "นครศรีธรรมราช",
                "datetime": "2026-06-05 08:00"
            }
        },
        {
            "type": "Feature",
            "geometry": {
                "type": "Point",
                "coordinates": [
                    104.098785,
                    15.34442
                ]
            },
            "properties": {
                "station_name": "เหนือฝายราษีไศล",
                "rain_24h": 1.4,
                "province": "ศรีสะเกษ",
                "datetime": "2026-06-05 08:00"
            }
        },
        {
            "type": "Feature",
            "geometry": {
                "type": "Point",
                "coordinates": [
                    100.398834,
                    19.703238
                ]
            },
            "properties": {
                "station_name": "หน่วยจัดการต้นน้ำภูซาง",
                "rain_24h": 1.4,
                "province": "พะเยา",
                "datetime": "2026-06-05 08:00"
            }
        },
        {
            "type": "Feature",
            "geometry": {
                "type": "Point",
                "coordinates": [
                    99.34743,
                    10.708511
                ]
            },
            "properties": {
                "station_name": "รร.ปะทิววิทยา",
                "rain_24h": 1.4,
                "province": "ชุมพร",
                "datetime": "2026-06-05 08:00"
            }
        },
        {
            "type": "Feature",
            "geometry": {
                "type": "Point",
                "coordinates": [
                    101.82713,
                    6.199255
                ]
            },
            "properties": {
                "station_name": "อบต.บูกิต",
                "rain_24h": 1.4,
                "province": "นราธิวาส",
                "datetime": "2026-06-05 08:00"
            }
        },
        {
            "type": "Feature",
            "geometry": {
                "type": "Point",
                "coordinates": [
                    98.88985,
                    9.314678
                ]
            },
            "properties": {
                "station_name": "บ้านคลองใส หมู่ที่ 8",
                "rain_24h": 1.4,
                "province": "สุราษฎร์ธานี",
                "datetime": "2026-06-05 08:00"
            }
        },
        {
            "type": "Feature",
            "geometry": {
                "type": "Point",
                "coordinates": [
                    98.86751,
                    9.36854
                ]
            },
            "properties": {
                "station_name": "บ้านคลองวาย หมู่ที่ 7",
                "rain_24h": 1.4,
                "province": "สุราษฎร์ธานี",
                "datetime": "2026-06-05 08:00"
            }
        },
        {
            "type": "Feature",
            "geometry": {
                "type": "Point",
                "coordinates": [
                    100.59448,
                    7.182746
                ]
            },
            "properties": {
                "station_name": "สะพานสวนเฉลิมพระเกียรติ 72 พรรษามหาราชินี",
                "rain_24h": 1.4,
                "province": "สงขลา",
                "datetime": "2026-06-05 08:00"
            }
        },
        {
            "type": "Feature",
            "geometry": {
                "type": "Point",
                "coordinates": [
                    99.81781,
                    12.41647
                ]
            },
            "properties": {
                "station_name": "วัดเนินสวรรค์มงคลธรรม",
                "rain_24h": 1.4,
                "province": "ประจวบคีรีขันธ์",
                "datetime": "2026-06-05 08:00"
            }
        },
        {
            "type": "Feature",
            "geometry": {
                "type": "Point",
                "coordinates": [
                    101.73728,
                    14.595323
                ]
            },
            "properties": {
                "station_name": "หน่วยจัดการต้นน้ำคลองสอง",
                "rain_24h": 1.4,
                "province": "นครราชสีมา",
                "datetime": "2026-06-05 08:00"
            }
        },
        {
            "type": "Feature",
            "geometry": {
                "type": "Point",
                "coordinates": [
                    99.37758,
                    14.89012
                ]
            },
            "properties": {
                "station_name": "อบต.วังยาว",
                "rain_24h": 1.4,
                "province": "สุพรรณบุรี",
                "datetime": "2026-06-05 08:00"
            }
        },
        {
            "type": "Feature",
            "geometry": {
                "type": "Point",
                "coordinates": [
                    99.803406,
                    8.2542
                ]
            },
            "properties": {
                "station_name": "หน่วยจัดการต้นน้ำปากพนัง",
                "rain_24h": 1.4,
                "province": "นครศรีธรรมราช",
                "datetime": "2026-06-05 08:00"
            }
        },
        {
            "type": "Feature",
            "geometry": {
                "type": "Point",
                "coordinates": [
                    100.10331,
                    15.33046
                ]
            },
            "properties": {
                "station_name": "เหนือ ปตร.มโนรมย์",
                "rain_24h": 1.4,
                "province": "ชัยนาท",
                "datetime": "2026-06-05 08:00"
            }
        },
        {
            "type": "Feature",
            "geometry": {
                "type": "Point",
                "coordinates": [
                    101.66994,
                    16.77019
                ]
            },
            "properties": {
                "station_name": "อบต.น้ำหนาว",
                "rain_24h": 1.4,
                "province": "เพชรบูรณ์",
                "datetime": "2026-06-05 08:00"
            }
        },
        {
            "type": "Feature",
            "geometry": {
                "type": "Point",
                "coordinates": [
                    98.63501,
                    19.241009
                ]
            },
            "properties": {
                "station_name": "หน่วยจัดการต้นน้ำปางเสด็จ",
                "rain_24h": 1.4,
                "province": "เชียงใหม่",
                "datetime": "2026-06-05 08:00"
            }
        },
        {
            "type": "Feature",
            "geometry": {
                "type": "Point",
                "coordinates": [
                    101.06262,
                    19.228039
                ]
            },
            "properties": {
                "station_name": "รร.ภูคาวิทยาคม",
                "rain_24h": 1.4,
                "province": "น่าน",
                "datetime": "2026-06-05 08:00"
            }
        },
        {
            "type": "Feature",
            "geometry": {
                "type": "Point",
                "coordinates": [
                    101.114624,
                    13.157201
                ]
            },
            "properties": {
                "station_name": "หน่วยพิทักษ์ป่าเขาช่องลม",
                "rain_24h": 1.4,
                "province": "ชลบุรี",
                "datetime": "2026-06-05 08:00"
            }
        },
        {
            "type": "Feature",
            "geometry": {
                "type": "Point",
                "coordinates": [
                    98.91105,
                    10.513316
                ]
            },
            "properties": {
                "station_name": "เขตรักษาพันธุ์สัตว์ป่า อุทยาน เสด็จในกรม กรมหลวงชุมพร ด้านทิศใต้",
                "rain_24h": 1.4,
                "province": "ระนอง",
                "datetime": "2026-06-05 08:00"
            }
        },
        {
            "type": "Feature",
            "geometry": {
                "type": "Point",
                "coordinates": [
                    103.65407,
                    18.364815
                ]
            },
            "properties": {
                "station_name": "อบต.บึงกาฬ",
                "rain_24h": 1.4,
                "province": "บึงกาฬ",
                "datetime": "2026-06-05 08:00"
            }
        },
        {
            "type": "Feature",
            "geometry": {
                "type": "Point",
                "coordinates": [
                    104.620384,
                    17.35152
                ]
            },
            "properties": {
                "station_name": "อบต.บ้านผึ้ง",
                "rain_24h": 1.4,
                "province": "นครพนม",
                "datetime": "2026-06-05 08:00"
            }
        },
        {
            "type": "Feature",
            "geometry": {
                "type": "Point",
                "coordinates": [
                    99.98719,
                    18.15246
                ]
            },
            "properties": {
                "station_name": "ที่ทำการอุทยานแห่งชาติดอยผากลอง",
                "rain_24h": 1.4,
                "province": "แพร่",
                "datetime": "2026-06-05 08:00"
            }
        },
        {
            "type": "Feature",
            "geometry": {
                "type": "Point",
                "coordinates": [
                    100.48944,
                    20.030533
                ]
            },
            "properties": {
                "station_name": "สะพานแม่น้ำงาว",
                "rain_24h": 1.4,
                "province": "เชียงราย",
                "datetime": "2026-06-05 08:00"
            }
        },
        {
            "type": "Feature",
            "geometry": {
                "type": "Point",
                "coordinates": [
                    100.45999,
                    18.941303
                ]
            },
            "properties": {
                "station_name": "หน่วยศึกษาการพัฒนาการอนุรักษ์ต้นน้ำน้ำพี้",
                "rain_24h": 1.4,
                "province": "น่าน",
                "datetime": "2026-06-05 08:00"
            }
        },
        {
            "type": "Feature",
            "geometry": {
                "type": "Point",
                "coordinates": [
                    101.801,
                    13.1851
                ]
            },
            "properties": {
                "station_name": "หน่วยจัดการต้นน้ำคลองครก",
                "rain_24h": 1.2,
                "province": "จันทบุรี",
                "datetime": "2026-06-05 08:00"
            }
        },
        {
            "type": "Feature",
            "geometry": {
                "type": "Point",
                "coordinates": [
                    103.23046,
                    14.633037
                ]
            },
            "properties": {
                "station_name": "ประโคนชัย",
                "rain_24h": 1.2,
                "province": "บุรีรัมย์",
                "datetime": "2026-06-05 08:00"
            }
        },
        {
            "type": "Feature",
            "geometry": {
                "type": "Point",
                "coordinates": [
                    99.25885,
                    9.131233
                ]
            },
            "properties": {
                "station_name": "พุนพิน 1",
                "rain_24h": 1.2,
                "province": "สุราษฎร์ธานี",
                "datetime": "2026-06-05 08:00"
            }
        },
        {
            "type": "Feature",
            "geometry": {
                "type": "Point",
                "coordinates": [
                    99.45017,
                    13.33639
                ]
            },
            "properties": {
                "station_name": "อบต.บ้านบึง",
                "rain_24h": 1.2,
                "province": "ราชบุรี",
                "datetime": "2026-06-05 08:00"
            }
        },
        {
            "type": "Feature",
            "geometry": {
                "type": "Point",
                "coordinates": [
                    101.625046,
                    16.950562
                ]
            },
            "properties": {
                "station_name": "หน่วยจัดการต้นน้ำน้ำพาง",
                "rain_24h": 1.2,
                "province": "เพชรบูรณ์",
                "datetime": "2026-06-05 08:00"
            }
        },
        {
            "type": "Feature",
            "geometry": {
                "type": "Point",
                "coordinates": [
                    102.949814,
                    16.365944
                ]
            },
            "properties": {
                "station_name": "ท้ายฝายมหาสารคาม",
                "rain_24h": 1.2,
                "province": "มหาสารคาม",
                "datetime": "2026-06-05 08:00"
            }
        },
        {
            "type": "Feature",
            "geometry": {
                "type": "Point",
                "coordinates": [
                    99.52639,
                    18.0676
                ]
            },
            "properties": {
                "station_name": "อ่างเก็บน้ำห้วยแม่แพนน้อย ",
                "rain_24h": 1.2,
                "province": "ลำปาง",
                "datetime": "2026-06-05 08:00"
            }
        },
        {
            "type": "Feature",
            "geometry": {
                "type": "Point",
                "coordinates": [
                    99.39444,
                    11.32008
                ]
            },
            "properties": {
                "station_name": "ประปาหมู่บ้านคลองเพลิน",
                "rain_24h": 1.2,
                "province": "ประจวบคีรีขันธ์",
                "datetime": "2026-06-05 08:00"
            }
        },
        {
            "type": "Feature",
            "geometry": {
                "type": "Point",
                "coordinates": [
                    100.48186,
                    14.42303
                ]
            },
            "properties": {
                "station_name": "คลองบางบาล",
                "rain_24h": 1.2,
                "province": "พระนครศรีอยุธยา",
                "datetime": "2026-06-05 08:00"
            }
        },
        {
            "type": "Feature",
            "geometry": {
                "type": "Point",
                "coordinates": [
                    99.7317,
                    12.71212
                ]
            },
            "properties": {
                "station_name": "อบต.เขากระปุก",
                "rain_24h": 1.2,
                "province": "เพชรบุรี",
                "datetime": "2026-06-05 08:00"
            }
        },
        {
            "type": "Feature",
            "geometry": {
                "type": "Point",
                "coordinates": [
                    103.88075,
                    18.282616
                ]
            },
            "properties": {
                "station_name": "สะพานห้วยบังบาต",
                "rain_24h": 1.2,
                "province": "บึงกาฬ",
                "datetime": "2026-06-05 08:00"
            }
        },
        {
            "type": "Feature",
            "geometry": {
                "type": "Point",
                "coordinates": [
                    104.889885,
                    16.345835
                ]
            },
            "properties": {
                "station_name": "สะพานบังอี่",
                "rain_24h": 1.2,
                "province": "มุกดาหาร",
                "datetime": "2026-06-05 08:00"
            }
        },
        {
            "type": "Feature",
            "geometry": {
                "type": "Point",
                "coordinates": [
                    99.41958,
                    11.4481
                ]
            },
            "properties": {
                "station_name": "หน่วยพิทักษ์อุทยานแห่งชาติที่ หย. ๒ (น้ำตกขาอ่อน)",
                "rain_24h": 1.2,
                "province": "ประจวบคีรีขันธ์",
                "datetime": "2026-06-05 08:00"
            }
        },
        {
            "type": "Feature",
            "geometry": {
                "type": "Point",
                "coordinates": [
                    98.36419,
                    17.799877
                ]
            },
            "properties": {
                "station_name": "สะพานน้ำแม่ต๋อม",
                "rain_24h": 1.2,
                "province": "เชียงใหม่",
                "datetime": "2026-06-05 08:00"
            }
        },
        {
            "type": "Feature",
            "geometry": {
                "type": "Point",
                "coordinates": [
                    101.658714,
                    6.519122
                ]
            },
            "properties": {
                "station_name": "ทต.บาเจาะ",
                "rain_24h": 1.2,
                "province": "นราธิวาส",
                "datetime": "2026-06-05 08:00"
            }
        },
        {
            "type": "Feature",
            "geometry": {
                "type": "Point",
                "coordinates": [
                    100.1,
                    15.158149
                ]
            },
            "properties": {
                "station_name": "เหนือปตร.บรมธาตุ",
                "rain_24h": 1.2,
                "province": "ชัยนาท",
                "datetime": "2026-06-05 08:00"
            }
        },
        {
            "type": "Feature",
            "geometry": {
                "type": "Point",
                "coordinates": [
                    99.65183,
                    19.63342
                ]
            },
            "properties": {
                "station_name": "หน่วยพิทักษ์อุทยานแห่งชาติที่ ดล. ๔ (สันกลาง)",
                "rain_24h": 1.2,
                "province": "เชียงราย",
                "datetime": "2026-06-05 08:00"
            }
        },
        {
            "type": "Feature",
            "geometry": {
                "type": "Point",
                "coordinates": [
                    99.7397,
                    13.00646
                ]
            },
            "properties": {
                "station_name": "อบต.พุสวรรค์",
                "rain_24h": 1.2,
                "province": "เพชรบุรี",
                "datetime": "2026-06-05 08:00"
            }
        },
        {
            "type": "Feature",
            "geometry": {
                "type": "Point",
                "coordinates": [
                    98.51001,
                    17.3246
                ]
            },
            "properties": {
                "station_name": "หน่วยจัดการต้นน้ำขุนห้วยโป่ง",
                "rain_24h": 1,
                "province": "เชียงใหม่",
                "datetime": "2026-06-05 08:00"
            }
        },
        {
            "type": "Feature",
            "geometry": {
                "type": "Point",
                "coordinates": [
                    103.91594,
                    17.006313
                ]
            },
            "properties": {
                "station_name": "ทต.โคกภู",
                "rain_24h": 1,
                "province": "สกลนคร",
                "datetime": "2026-06-05 08:00"
            }
        },
        {
            "type": "Feature",
            "geometry": {
                "type": "Point",
                "coordinates": [
                    101.047,
                    5.889625
                ]
            },
            "properties": {
                "station_name": "อุโมงค์ปิยะมิตร (บ้านปิยะมิตร ๑)",
                "rain_24h": 1,
                "province": "ยะลา",
                "datetime": "2026-06-05 08:00"
            }
        },
        {
            "type": "Feature",
            "geometry": {
                "type": "Point",
                "coordinates": [
                    103.68693,
                    17.204033
                ]
            },
            "properties": {
                "station_name": "อบต.นิคมน้ำอูน",
                "rain_24h": 1,
                "province": "สกลนคร",
                "datetime": "2026-06-05 08:00"
            }
        },
        {
            "type": "Feature",
            "geometry": {
                "type": "Point",
                "coordinates": [
                    101.7366,
                    17.50926
                ]
            },
            "properties": {
                "station_name": "เมืองเลย",
                "rain_24h": 1,
                "province": "เลย",
                "datetime": "2026-06-05 08:00"
            }
        },
        {
            "type": "Feature",
            "geometry": {
                "type": "Point",
                "coordinates": [
                    104.31863,
                    15.118101
                ]
            },
            "properties": {
                "station_name": "เมืองศรีสะเกษ",
                "rain_24h": 1,
                "province": "ศรีสะเกษ",
                "datetime": "2026-06-05 08:00"
            }
        },
        {
            "type": "Feature",
            "geometry": {
                "type": "Point",
                "coordinates": [
                    101.743996,
                    15.310615
                ]
            },
            "properties": {
                "station_name": "คลองสามบาท บ้านกุดพิมาน",
                "rain_24h": 1,
                "province": "นครราชสีมา",
                "datetime": "2026-06-05 08:00"
            }
        },
        {
            "type": "Feature",
            "geometry": {
                "type": "Point",
                "coordinates": [
                    103.29234,
                    15.299917
                ]
            },
            "properties": {
                "station_name": "สตึก",
                "rain_24h": 1,
                "province": "บุรีรัมย์",
                "datetime": "2026-06-05 08:00"
            }
        },
        {
            "type": "Feature",
            "geometry": {
                "type": "Point",
                "coordinates": [
                    100.44852,
                    14.5765
                ]
            },
            "properties": {
                "station_name": "เมืองอ่างทอง",
                "rain_24h": 1,
                "province": "อ่างทอง",
                "datetime": "2026-06-05 08:00"
            }
        },
        {
            "type": "Feature",
            "geometry": {
                "type": "Point",
                "coordinates": [
                    100.5929,
                    14.940776
                ]
            },
            "properties": {
                "station_name": "สถานีสูบน้ำปากคลองสระตาแวว (ทุ่งซ้ายคลองชัยนาท)",
                "rain_24h": 1,
                "province": "ลพบุรี",
                "datetime": "2026-06-05 08:00"
            }
        },
        {
            "type": "Feature",
            "geometry": {
                "type": "Point",
                "coordinates": [
                    100.10794,
                    7.729597
                ]
            },
            "properties": {
                "station_name": "สะพานท่าสำเภา",
                "rain_24h": 1,
                "province": "พัทลุง",
                "datetime": "2026-06-05 08:00"
            }
        },
        {
            "type": "Feature",
            "geometry": {
                "type": "Point",
                "coordinates": [
                    102.01477,
                    15.698914
                ]
            },
            "properties": {
                "station_name": "ทต.บ้านค่ายหมื่นแผ้ว",
                "rain_24h": 1,
                "province": "ชัยภูมิ",
                "datetime": "2026-06-05 08:00"
            }
        },
        {
            "type": "Feature",
            "geometry": {
                "type": "Point",
                "coordinates": [
                    101.699585,
                    15.933117
                ]
            },
            "properties": {
                "station_name": "บ้านเขว้า",
                "rain_24h": 1,
                "province": "ชัยภูมิ",
                "datetime": "2026-06-05 08:00"
            }
        },
        {
            "type": "Feature",
            "geometry": {
                "type": "Point",
                "coordinates": [
                    101.15386,
                    19.07989
                ]
            },
            "properties": {
                "station_name": "ทต.บ่อเกลือใต้",
                "rain_24h": 1,
                "province": "น่าน",
                "datetime": "2026-06-05 08:00"
            }
        },
        {
            "type": "Feature",
            "geometry": {
                "type": "Point",
                "coordinates": [
                    100.73317,
                    18.79898
                ]
            },
            "properties": {
                "station_name": "อบจ.น่าน",
                "rain_24h": 1,
                "province": "น่าน",
                "datetime": "2026-06-05 08:00"
            }
        },
        {
            "type": "Feature",
            "geometry": {
                "type": "Point",
                "coordinates": [
                    100.5496,
                    17.596693
                ]
            },
            "properties": {
                "station_name": "ที่ทำการอุทยานแห่งชาติต้นสักใหญ่",
                "rain_24h": 1,
                "province": "อุตรดิตถ์",
                "datetime": "2026-06-05 08:00"
            }
        },
        {
            "type": "Feature",
            "geometry": {
                "type": "Point",
                "coordinates": [
                    99.7466,
                    17.97043
                ]
            },
            "properties": {
                "station_name": "อบต.ทุ่งแล้ง",
                "rain_24h": 1,
                "province": "แพร่",
                "datetime": "2026-06-05 08:00"
            }
        },
        {
            "type": "Feature",
            "geometry": {
                "type": "Point",
                "coordinates": [
                    99.43821,
                    11.2633
                ]
            },
            "properties": {
                "station_name": "ทต.ร่อนทอง",
                "rain_24h": 1,
                "province": "ประจวบคีรีขันธ์",
                "datetime": "2026-06-05 08:00"
            }
        },
        {
            "type": "Feature",
            "geometry": {
                "type": "Point",
                "coordinates": [
                    99.367165,
                    18.85619
                ]
            },
            "properties": {
                "station_name": "หน่วยพิทักษ์อุทยานแห่งชาติที่ จซ.7 (ดอยล้าน)",
                "rain_24h": 1,
                "province": "เชียงใหม่",
                "datetime": "2026-06-05 08:00"
            }
        },
        {
            "type": "Feature",
            "geometry": {
                "type": "Point",
                "coordinates": [
                    100.05206,
                    15.85051
                ]
            },
            "properties": {
                "station_name": "เก้าเลี้ยว",
                "rain_24h": 1,
                "province": "นครสวรรค์",
                "datetime": "2026-06-05 08:00"
            }
        },
        {
            "type": "Feature",
            "geometry": {
                "type": "Point",
                "coordinates": [
                    102.28415,
                    13.687373
                ]
            },
            "properties": {
                "station_name": "อบต.ท่าเกวียน",
                "rain_24h": 1,
                "province": "สระแก้ว",
                "datetime": "2026-06-05 08:00"
            }
        },
        {
            "type": "Feature",
            "geometry": {
                "type": "Point",
                "coordinates": [
                    102.97804,
                    14.250022
                ]
            },
            "properties": {
                "station_name": "หน่วยพิทักษ์อุทยานแห่งชาติที่ ตย.๕ (บาระแนะ)",
                "rain_24h": 1,
                "province": "บุรีรัมย์",
                "datetime": "2026-06-05 08:00"
            }
        },
        {
            "type": "Feature",
            "geometry": {
                "type": "Point",
                "coordinates": [
                    101.592064,
                    14.181158
                ]
            },
            "properties": {
                "station_name": "หน่วยพิทักษ์อุทยานแห่งชาติที่ ขญ.๑๐ (ประจันตคาม)",
                "rain_24h": 1,
                "province": "ปราจีนบุรี",
                "datetime": "2026-06-05 08:00"
            }
        },
        {
            "type": "Feature",
            "geometry": {
                "type": "Point",
                "coordinates": [
                    99.1115,
                    16.4495
                ]
            },
            "properties": {
                "station_name": "หน่วยพิทักษ์อุทยานแห่งชาติที่ วจ.5 (โละโคะ)",
                "rain_24h": 1,
                "province": "กำแพงเพชร",
                "datetime": "2026-06-05 08:00"
            }
        },
        {
            "type": "Feature",
            "geometry": {
                "type": "Point",
                "coordinates": [
                    99.2937,
                    18.6771
                ]
            },
            "properties": {
                "station_name": "หน่วยจัดการต้นน้ำแม่ทา",
                "rain_24h": 1,
                "province": "เชียงใหม่",
                "datetime": "2026-06-05 08:00"
            }
        },
        {
            "type": "Feature",
            "geometry": {
                "type": "Point",
                "coordinates": [
                    102.01052,
                    14.064819
                ]
            },
            "properties": {
                "station_name": "โรงเรียนบ้านหินเทิน",
                "rain_24h": 1,
                "province": "ปราจีนบุรี",
                "datetime": "2026-06-05 08:00"
            }
        },
        {
            "type": "Feature",
            "geometry": {
                "type": "Point",
                "coordinates": [
                    99.39992,
                    18.33624
                ]
            },
            "properties": {
                "station_name": "อบต.หนองหล่ม",
                "rain_24h": 1,
                "province": "ลำปาง",
                "datetime": "2026-06-05 08:00"
            }
        },
        {
            "type": "Feature",
            "geometry": {
                "type": "Point",
                "coordinates": [
                    100.62827,
                    17.253153
                ]
            },
            "properties": {
                "station_name": "สะพานคลองท่าสะแก",
                "rain_24h": 1,
                "province": "พิษณุโลก",
                "datetime": "2026-06-05 08:00"
            }
        },
        {
            "type": "Feature",
            "geometry": {
                "type": "Point",
                "coordinates": [
                    99.61477,
                    11.625459
                ]
            },
            "properties": {
                "station_name": "ที่ทำการอุทยานแห่งชาติน้ำตกห้วยยาง",
                "rain_24h": 1,
                "province": "ประจวบคีรีขันธ์",
                "datetime": "2026-06-05 08:00"
            }
        },
        {
            "type": "Feature",
            "geometry": {
                "type": "Point",
                "coordinates": [
                    101.03034,
                    13.168441
                ]
            },
            "properties": {
                "station_name": "สำนักสงฆ์โสธรรมนิมิตร",
                "rain_24h": 1,
                "province": "ชลบุรี",
                "datetime": "2026-06-05 08:00"
            }
        },
        {
            "type": "Feature",
            "geometry": {
                "type": "Point",
                "coordinates": [
                    100.31676,
                    14.553482
                ]
            },
            "properties": {
                "station_name": "สะพานคลองส่งน้ำชลประทาน บ้านตลาดใหม่",
                "rain_24h": 1,
                "province": "อ่างทอง",
                "datetime": "2026-06-05 08:00"
            }
        },
        {
            "type": "Feature",
            "geometry": {
                "type": "Point",
                "coordinates": [
                    102.21833,
                    13.120727
                ]
            },
            "properties": {
                "station_name": "ฝายน้ำล้นคลองปะตง (ทน.)",
                "rain_24h": 1,
                "province": "จันทบุรี",
                "datetime": "2026-06-05 08:00"
            }
        },
        {
            "type": "Feature",
            "geometry": {
                "type": "Point",
                "coordinates": [
                    99.70324,
                    19.444023
                ]
            },
            "properties": {
                "station_name": "ที่ทำการอุทยานแห่งชาติดอยหลวง",
                "rain_24h": 1,
                "province": "เชียงราย",
                "datetime": "2026-06-05 08:00"
            }
        },
        {
            "type": "Feature",
            "geometry": {
                "type": "Point",
                "coordinates": [
                    101.058685,
                    5.785232
                ]
            },
            "properties": {
                "station_name": "คลองเบตง (ชุมชนกุนุงจนอง)",
                "rain_24h": 1,
                "province": "ยะลา",
                "datetime": "2026-06-05 08:00"
            }
        },
        {
            "type": "Feature",
            "geometry": {
                "type": "Point",
                "coordinates": [
                    102.30444,
                    15.790619
                ]
            },
            "properties": {
                "station_name": "เหนือฝายยางแก้งสนามนาง",
                "rain_24h": 1,
                "province": "นครราชสีมา",
                "datetime": "2026-06-05 08:00"
            }
        },
        {
            "type": "Feature",
            "geometry": {
                "type": "Point",
                "coordinates": [
                    99.43526,
                    11.24042
                ]
            },
            "properties": {
                "station_name": "คลองขนาน",
                "rain_24h": 0.8,
                "province": "ประจวบคีรีขันธ์",
                "datetime": "2026-06-05 08:00"
            }
        },
        {
            "type": "Feature",
            "geometry": {
                "type": "Point",
                "coordinates": [
                    99.39519,
                    8.391227
                ]
            },
            "properties": {
                "station_name": "ถ้ำพรรณรา",
                "rain_24h": 0.8,
                "province": "นครศรีธรรมราช",
                "datetime": "2026-06-05 08:00"
            }
        },
        {
            "type": "Feature",
            "geometry": {
                "type": "Point",
                "coordinates": [
                    99.62341,
                    12.32247
                ]
            },
            "properties": {
                "station_name": "ศาลากลางหมู่บ้านแพรกตะลุย",
                "rain_24h": 0.8,
                "province": "ประจวบคีรีขันธ์",
                "datetime": "2026-06-05 08:00"
            }
        },
        {
            "type": "Feature",
            "geometry": {
                "type": "Point",
                "coordinates": [
                    100.61601,
                    13.76131
                ]
            },
            "properties": {
                "station_name": "คลองแสนแสบ บางกะปิ",
                "rain_24h": 0.8,
                "province": "กรุงเทพมหานคร",
                "datetime": "2026-06-05 08:00"
            }
        },
        {
            "type": "Feature",
            "geometry": {
                "type": "Point",
                "coordinates": [
                    98.20056,
                    18.919397
                ]
            },
            "properties": {
                "station_name": "สะพานข้ามห้วยแม่รวม บ้านแม่รวม",
                "rain_24h": 0.8,
                "province": "เชียงใหม่",
                "datetime": "2026-06-05 08:00"
            }
        },
        {
            "type": "Feature",
            "geometry": {
                "type": "Point",
                "coordinates": [
                    99.68576,
                    20.3913
                ]
            },
            "properties": {
                "station_name": "บ้านโจตาดา",
                "rain_24h": 0.8,
                "province": "สาธารณรัฐแห่งสหภาพเมียนมา",
                "datetime": "2026-06-05 08:00"
            }
        },
        {
            "type": "Feature",
            "geometry": {
                "type": "Point",
                "coordinates": [
                    101.016914,
                    17.209349
                ]
            },
            "properties": {
                "station_name": "หน่วยป้องกันรักษาป่าที่ พล. ๑๑ (น้ำเลา)",
                "rain_24h": 0.8,
                "province": "พิษณุโลก",
                "datetime": "2026-06-05 08:00"
            }
        },
        {
            "type": "Feature",
            "geometry": {
                "type": "Point",
                "coordinates": [
                    99.43312,
                    13.57983
                ]
            },
            "properties": {
                "station_name": "อบต.ป่าหวาย",
                "rain_24h": 0.8,
                "province": "ราชบุรี",
                "datetime": "2026-06-05 08:00"
            }
        },
        {
            "type": "Feature",
            "geometry": {
                "type": "Point",
                "coordinates": [
                    100.23722,
                    17.463362
                ]
            },
            "properties": {
                "station_name": "สะพานคลองตรอน",
                "rain_24h": 0.8,
                "province": "อุตรดิตถ์",
                "datetime": "2026-06-05 08:00"
            }
        },
        {
            "type": "Feature",
            "geometry": {
                "type": "Point",
                "coordinates": [
                    100.571236,
                    13.664821
                ]
            },
            "properties": {
                "station_name": "ปตร. คลองตาสด",
                "rain_24h": 0.8,
                "province": "สมุทรปราการ",
                "datetime": "2026-06-05 08:00"
            }
        },
        {
            "type": "Feature",
            "geometry": {
                "type": "Point",
                "coordinates": [
                    100.16924,
                    19.8392
                ]
            },
            "properties": {
                "station_name": "ทต.พญาเม็งราย",
                "rain_24h": 0.8,
                "province": "เชียงราย",
                "datetime": "2026-06-05 08:00"
            }
        },
        {
            "type": "Feature",
            "geometry": {
                "type": "Point",
                "coordinates": [
                    99.61921,
                    17.87937
                ]
            },
            "properties": {
                "station_name": "อบต.วังชิ้น",
                "rain_24h": 0.8,
                "province": "แพร่",
                "datetime": "2026-06-05 08:00"
            }
        },
        {
            "type": "Feature",
            "geometry": {
                "type": "Point",
                "coordinates": [
                    99.47019,
                    18.836481
                ]
            },
            "properties": {
                "station_name": "ที่ทำการอุทยานแห่งชาติแจ้ซ้อน",
                "rain_24h": 0.8,
                "province": "ลำปาง",
                "datetime": "2026-06-05 08:00"
            }
        },
        {
            "type": "Feature",
            "geometry": {
                "type": "Point",
                "coordinates": [
                    99.06447,
                    18.653353
                ]
            },
            "properties": {
                "station_name": "ลำน้ำกวงสะพานศรีดอนชัย",
                "rain_24h": 0.8,
                "province": "ลำพูน",
                "datetime": "2026-06-05 08:00"
            }
        },
        {
            "type": "Feature",
            "geometry": {
                "type": "Point",
                "coordinates": [
                    100.12366,
                    17.62533
                ]
            },
            "properties": {
                "station_name": "ทต.คุ้งตะเภา",
                "rain_24h": 0.8,
                "province": "อุตรดิตถ์",
                "datetime": "2026-06-05 08:00"
            }
        },
        {
            "type": "Feature",
            "geometry": {
                "type": "Point",
                "coordinates": [
                    101.178085,
                    19.270344
                ]
            },
            "properties": {
                "station_name": "สะพานแม่น้ำว้า บ้านบ่อหยวก",
                "rain_24h": 0.8,
                "province": "น่าน",
                "datetime": "2026-06-05 08:00"
            }
        },
        {
            "type": "Feature",
            "geometry": {
                "type": "Point",
                "coordinates": [
                    100.73505,
                    19.026337
                ]
            },
            "properties": {
                "station_name": "สะพานห้วยน้ำสาย",
                "rain_24h": 0.8,
                "province": "น่าน",
                "datetime": "2026-06-05 08:00"
            }
        },
        {
            "type": "Feature",
            "geometry": {
                "type": "Point",
                "coordinates": [
                    99.19549,
                    19.85606
                ]
            },
            "properties": {
                "station_name": "ฝาง",
                "rain_24h": 0.8,
                "province": "เชียงใหม่",
                "datetime": "2026-06-05 08:00"
            }
        },
        {
            "type": "Feature",
            "geometry": {
                "type": "Point",
                "coordinates": [
                    99.46933,
                    17.775057
                ]
            },
            "properties": {
                "station_name": "คลองสรอย วัดแม่ขมวก",
                "rain_24h": 0.8,
                "province": "แพร่",
                "datetime": "2026-06-05 08:00"
            }
        },
        {
            "type": "Feature",
            "geometry": {
                "type": "Point",
                "coordinates": [
                    104.51559,
                    15.861838
                ]
            },
            "properties": {
                "station_name": "อบต.นายม",
                "rain_24h": 0.8,
                "province": "อำนาจเจริญ",
                "datetime": "2026-06-05 08:00"
            }
        },
        {
            "type": "Feature",
            "geometry": {
                "type": "Point",
                "coordinates": [
                    104.35065,
                    14.864234
                ]
            },
            "properties": {
                "station_name": "อบต.สุขสวัสดิ์",
                "rain_24h": 0.8,
                "province": "ศรีสะเกษ",
                "datetime": "2026-06-05 08:00"
            }
        },
        {
            "type": "Feature",
            "geometry": {
                "type": "Point",
                "coordinates": [
                    100.7945,
                    13.67777
                ]
            },
            "properties": {
                "station_name": "อบต.ศีรษะจรเข้น้อย",
                "rain_24h": 0.8,
                "province": "สมุทรปราการ",
                "datetime": "2026-06-05 08:00"
            }
        },
        {
            "type": "Feature",
            "geometry": {
                "type": "Point",
                "coordinates": [
                    102.888245,
                    14.694648
                ]
            },
            "properties": {
                "station_name": "อบต.หนองกง",
                "rain_24h": 0.8,
                "province": "บุรีรัมย์",
                "datetime": "2026-06-05 08:00"
            }
        },
        {
            "type": "Feature",
            "geometry": {
                "type": "Point",
                "coordinates": [
                    102.06884,
                    14.837524
                ]
            },
            "properties": {
                "station_name": "ทต.ไชยมงคล",
                "rain_24h": 0.8,
                "province": "นครราชสีมา",
                "datetime": "2026-06-05 08:00"
            }
        },
        {
            "type": "Feature",
            "geometry": {
                "type": "Point",
                "coordinates": [
                    105.6168,
                    15.62108
                ]
            },
            "properties": {
                "station_name": "ผาชะนะได (อช.ผาแต้ม)",
                "rain_24h": 0.8,
                "province": "อุบลราชธานี",
                "datetime": "2026-06-05 08:00"
            }
        },
        {
            "type": "Feature",
            "geometry": {
                "type": "Point",
                "coordinates": [
                    101.334755,
                    12.700234
                ]
            },
            "properties": {
                "station_name": "อบต.บ้านแลง",
                "rain_24h": 0.8,
                "province": "ระยอง",
                "datetime": "2026-06-05 08:00"
            }
        },
        {
            "type": "Feature",
            "geometry": {
                "type": "Point",
                "coordinates": [
                    101.30131,
                    12.849183
                ]
            },
            "properties": {
                "station_name": "หนองบัว",
                "rain_24h": 0.8,
                "province": "ระยอง",
                "datetime": "2026-06-05 08:00"
            }
        },
        {
            "type": "Feature",
            "geometry": {
                "type": "Point",
                "coordinates": [
                    104.52083,
                    16.341194
                ]
            },
            "properties": {
                "station_name": "โรงเรียนบำรุงพงศ์อุปถัมป์",
                "rain_24h": 0.8,
                "province": "มุกดาหาร",
                "datetime": "2026-06-05 08:00"
            }
        },
        {
            "type": "Feature",
            "geometry": {
                "type": "Point",
                "coordinates": [
                    101.020515,
                    5.887393
                ]
            },
            "properties": {
                "station_name": "สวนไม้ดอกเมืองหนาวเบตง (หมู่บ้านปิยะมิตร ๒)",
                "rain_24h": 0.8,
                "province": "ยะลา",
                "datetime": "2026-06-05 08:00"
            }
        },
        {
            "type": "Feature",
            "geometry": {
                "type": "Point",
                "coordinates": [
                    101.65023,
                    12.803
                ]
            },
            "properties": {
                "station_name": "เมืองแกลง",
                "rain_24h": 0.8,
                "province": "ระยอง",
                "datetime": "2026-06-05 08:00"
            }
        },
        {
            "type": "Feature",
            "geometry": {
                "type": "Point",
                "coordinates": [
                    101.66966,
                    12.826843
                ]
            },
            "properties": {
                "station_name": "ทต.บ้านนา",
                "rain_24h": 0.8,
                "province": "ระยอง",
                "datetime": "2026-06-05 08:00"
            }
        },
        {
            "type": "Feature",
            "geometry": {
                "type": "Point",
                "coordinates": [
                    104.72032,
                    16.9279
                ]
            },
            "properties": {
                "station_name": "ปตร. ห้วยแคน-ท้ายน้ำ",
                "rain_24h": 0.8,
                "province": "นครพนม",
                "datetime": "2026-06-05 08:00"
            }
        },
        {
            "type": "Feature",
            "geometry": {
                "type": "Point",
                "coordinates": [
                    104.72032,
                    16.928375
                ]
            },
            "properties": {
                "station_name": "ปตร. ห้วยแคน-เหนือน้ำ",
                "rain_24h": 0.8,
                "province": "นครพนม",
                "datetime": "2026-06-05 08:00"
            }
        },
        {
            "type": "Feature",
            "geometry": {
                "type": "Point",
                "coordinates": [
                    104.20809,
                    16.548182
                ]
            },
            "properties": {
                "station_name": "โรงเรียนบ้านห้วยแดง",
                "rain_24h": 0.6,
                "province": "กาฬสินธุ์",
                "datetime": "2026-06-05 08:00"
            }
        },
        {
            "type": "Feature",
            "geometry": {
                "type": "Point",
                "coordinates": [
                    101.187126,
                    5.997888
                ]
            },
            "properties": {
                "station_name": "หน่วยพิทักษ์อุทยานฯ ที่ บล.๔ (น้ำตกละอองรุ้ง)",
                "rain_24h": 0.6,
                "province": "ยะลา",
                "datetime": "2026-06-05 08:00"
            }
        },
        {
            "type": "Feature",
            "geometry": {
                "type": "Point",
                "coordinates": [
                    101.37754,
                    6.862857
                ]
            },
            "properties": {
                "station_name": "ปตร.พรุสนอ",
                "rain_24h": 0.6,
                "province": "ปัตตานี",
                "datetime": "2026-06-05 08:00"
            }
        },
        {
            "type": "Feature",
            "geometry": {
                "type": "Point",
                "coordinates": [
                    100.60571,
                    13.981405
                ]
            },
            "properties": {
                "station_name": "ปตร.จุฬาลงกรณ์",
                "rain_24h": 0.6,
                "province": "ปทุมธานี",
                "datetime": "2026-06-05 08:00"
            }
        },
        {
            "type": "Feature",
            "geometry": {
                "type": "Point",
                "coordinates": [
                    101.019485,
                    14.113638
                ]
            },
            "properties": {
                "station_name": "องครักษ์",
                "rain_24h": 0.6,
                "province": "นครนายก",
                "datetime": "2026-06-05 08:00"
            }
        },
        {
            "type": "Feature",
            "geometry": {
                "type": "Point",
                "coordinates": [
                    99.32932,
                    16.12253
                ]
            },
            "properties": {
                "station_name": "ทต.คลองลานพัฒนา",
                "rain_24h": 0.6,
                "province": "กำแพงเพชร",
                "datetime": "2026-06-05 08:00"
            }
        },
        {
            "type": "Feature",
            "geometry": {
                "type": "Point",
                "coordinates": [
                    100.6244,
                    19.1549
                ]
            },
            "properties": {
                "station_name": "หน่วยศึกษาการพัฒนาการอนุรักษ์ต้นน้ำน้ำคาง (ดอยกาด)",
                "rain_24h": 0.6,
                "province": "พะเยา",
                "datetime": "2026-06-05 08:00"
            }
        },
        {
            "type": "Feature",
            "geometry": {
                "type": "Point",
                "coordinates": [
                    100.09943,
                    17.61011
                ]
            },
            "properties": {
                "station_name": "เมืองอุตรดิตถ์",
                "rain_24h": 0.6,
                "province": "อุตรดิตถ์",
                "datetime": "2026-06-05 08:00"
            }
        },
        {
            "type": "Feature",
            "geometry": {
                "type": "Point",
                "coordinates": [
                    100.2227,
                    18.7548
                ]
            },
            "properties": {
                "station_name": "สะพานผาอิง ",
                "rain_24h": 0.6,
                "province": "แพร่",
                "datetime": "2026-06-05 08:00"
            }
        },
        {
            "type": "Feature",
            "geometry": {
                "type": "Point",
                "coordinates": [
                    99.93135,
                    12.227969
                ]
            },
            "properties": {
                "station_name": "หน่วยพิทักษ์อุทยานแห่งชาติที่ สย. ๓ (โรงเจ )",
                "rain_24h": 0.6,
                "province": "ประจวบคีรีขันธ์",
                "datetime": "2026-06-05 08:00"
            }
        },
        {
            "type": "Feature",
            "geometry": {
                "type": "Point",
                "coordinates": [
                    99.22739,
                    18.50746
                ]
            },
            "properties": {
                "station_name": "อ่างเก็บน้ำห้วยไคร้",
                "rain_24h": 0.6,
                "province": "ลำพูน",
                "datetime": "2026-06-05 08:00"
            }
        },
        {
            "type": "Feature",
            "geometry": {
                "type": "Point",
                "coordinates": [
                    99.675995,
                    20.149406
                ]
            },
            "properties": {
                "station_name": "หน่วยจัดการต้นน้ำแม่สลอง",
                "rain_24h": 0.6,
                "province": "เชียงราย",
                "datetime": "2026-06-05 08:00"
            }
        },
        {
            "type": "Feature",
            "geometry": {
                "type": "Point",
                "coordinates": [
                    98.70691,
                    18.632383
                ]
            },
            "properties": {
                "station_name": "หน่วยป้องกันรักษาป่าที่ ชม. ๑๓ (สันป่าตอง)",
                "rain_24h": 0.6,
                "province": "เชียงใหม่",
                "datetime": "2026-06-05 08:00"
            }
        },
        {
            "type": "Feature",
            "geometry": {
                "type": "Point",
                "coordinates": [
                    99.05115,
                    17.22486
                ]
            },
            "properties": {
                "station_name": "ศูนย์ดูแลผู้สูงอายุ ทต.สามเงา",
                "rain_24h": 0.6,
                "province": "ตาก",
                "datetime": "2026-06-05 08:00"
            }
        },
        {
            "type": "Feature",
            "geometry": {
                "type": "Point",
                "coordinates": [
                    100.936386,
                    19.174837
                ]
            },
            "properties": {
                "station_name": "ชุมชนบ้านร้องแง",
                "rain_24h": 0.6,
                "province": "น่าน",
                "datetime": "2026-06-05 08:00"
            }
        },
        {
            "type": "Feature",
            "geometry": {
                "type": "Point",
                "coordinates": [
                    100.92668,
                    18.924017
                ]
            },
            "properties": {
                "station_name": "สะพานน้ำมวบ (บ้านภูแยง)",
                "rain_24h": 0.6,
                "province": "น่าน",
                "datetime": "2026-06-05 08:00"
            }
        },
        {
            "type": "Feature",
            "geometry": {
                "type": "Point",
                "coordinates": [
                    100.17179,
                    16.70818
                ]
            },
            "properties": {
                "station_name": "บางระกำ",
                "rain_24h": 0.6,
                "province": "พิษณุโลก",
                "datetime": "2026-06-05 08:00"
            }
        },
        {
            "type": "Feature",
            "geometry": {
                "type": "Point",
                "coordinates": [
                    101.07749,
                    13.749848
                ]
            },
            "properties": {
                "station_name": "อบต.บางขวัญ",
                "rain_24h": 0.6,
                "province": "ฉะเชิงเทรา",
                "datetime": "2026-06-05 08:00"
            }
        },
        {
            "type": "Feature",
            "geometry": {
                "type": "Point",
                "coordinates": [
                    99.181015,
                    8.537499
                ]
            },
            "properties": {
                "station_name": "พระแสง",
                "rain_24h": 0.6,
                "province": "สุราษฎร์ธานี",
                "datetime": "2026-06-05 08:00"
            }
        },
        {
            "type": "Feature",
            "geometry": {
                "type": "Point",
                "coordinates": [
                    100.6494,
                    16.57068
                ]
            },
            "properties": {
                "station_name": "ทต.เนินมะปราง",
                "rain_24h": 0.6,
                "province": "พิษณุโลก",
                "datetime": "2026-06-05 08:00"
            }
        },
        {
            "type": "Feature",
            "geometry": {
                "type": "Point",
                "coordinates": [
                    102.98231,
                    14.271639
                ]
            },
            "properties": {
                "station_name": "อ่างเก็บน้ำห้วยดินทราย",
                "rain_24h": 0.6,
                "province": "บุรีรัมย์",
                "datetime": "2026-06-05 08:00"
            }
        },
        {
            "type": "Feature",
            "geometry": {
                "type": "Point",
                "coordinates": [
                    99.85211,
                    8.33886
                ]
            },
            "properties": {
                "station_name": "อบต.ขุนทะเล",
                "rain_24h": 0.6,
                "province": "นครศรีธรรมราช",
                "datetime": "2026-06-05 08:00"
            }
        },
        {
            "type": "Feature",
            "geometry": {
                "type": "Point",
                "coordinates": [
                    98.44331,
                    9.085655
                ]
            },
            "properties": {
                "station_name": "อบต.บางวัน",
                "rain_24h": 0.6,
                "province": "พังงา",
                "datetime": "2026-06-05 08:00"
            }
        },
        {
            "type": "Feature",
            "geometry": {
                "type": "Point",
                "coordinates": [
                    100.77855,
                    14.1652
                ]
            },
            "properties": {
                "station_name": "บ้านน้อยสว่าง",
                "rain_24h": 0.6,
                "province": "ปทุมธานี",
                "datetime": "2026-06-05 08:00"
            }
        },
        {
            "type": "Feature",
            "geometry": {
                "type": "Point",
                "coordinates": [
                    100.18319,
                    15.5707
                ]
            },
            "properties": {
                "station_name": "อบต.เขาทอง",
                "rain_24h": 0.6,
                "province": "นครสวรรค์",
                "datetime": "2026-06-05 08:00"
            }
        },
        {
            "type": "Feature",
            "geometry": {
                "type": "Point",
                "coordinates": [
                    104.09932,
                    15.344049
                ]
            },
            "properties": {
                "station_name": "ท้ายฝายราษีไศล",
                "rain_24h": 0.6,
                "province": "ศรีสะเกษ",
                "datetime": "2026-06-05 08:00"
            }
        },
        {
            "type": "Feature",
            "geometry": {
                "type": "Point",
                "coordinates": [
                    100.73281,
                    16.01561
                ]
            },
            "properties": {
                "station_name": "อบต.วังงิ้ว",
                "rain_24h": 0.6,
                "province": "พิจิตร",
                "datetime": "2026-06-05 08:00"
            }
        },
        {
            "type": "Feature",
            "geometry": {
                "type": "Point",
                "coordinates": [
                    102.65063,
                    13.991074
                ]
            },
            "properties": {
                "station_name": "อบต.โคคลาน",
                "rain_24h": 0.6,
                "province": "สระแก้ว",
                "datetime": "2026-06-05 08:00"
            }
        },
        {
            "type": "Feature",
            "geometry": {
                "type": "Point",
                "coordinates": [
                    101.108765,
                    5.934234
                ]
            },
            "properties": {
                "station_name": "หมู่บ้านปิยะมิตร 3",
                "rain_24h": 0.6,
                "province": "ยะลา",
                "datetime": "2026-06-05 08:00"
            }
        },
        {
            "type": "Feature",
            "geometry": {
                "type": "Point",
                "coordinates": [
                    104.288635,
                    15.102157
                ]
            },
            "properties": {
                "station_name": "สะพานน้ำห้วยสำราญ",
                "rain_24h": 0.6,
                "province": "ศรีสะเกษ",
                "datetime": "2026-06-05 08:00"
            }
        },
        {
            "type": "Feature",
            "geometry": {
                "type": "Point",
                "coordinates": [
                    104.42528,
                    17.000381
                ]
            },
            "properties": {
                "station_name": "ปตร. บ้านนาขาม-ท้ายน้ำ",
                "rain_24h": 0.6,
                "province": "นครพนม",
                "datetime": "2026-06-05 08:00"
            }
        },
        {
            "type": "Feature",
            "geometry": {
                "type": "Point",
                "coordinates": [
                    105.49449,
                    15.755706
                ]
            },
            "properties": {
                "station_name": "บ้านผาชัน",
                "rain_24h": 0.6,
                "province": "อุบลราชธานี",
                "datetime": "2026-06-05 08:00"
            }
        },
        {
            "type": "Feature",
            "geometry": {
                "type": "Point",
                "coordinates": [
                    99.33833,
                    13.54491
                ]
            },
            "properties": {
                "station_name": "ทต.สวนผึ้ง",
                "rain_24h": 0.6,
                "province": "ราชบุรี",
                "datetime": "2026-06-05 08:00"
            }
        },
        {
            "type": "Feature",
            "geometry": {
                "type": "Point",
                "coordinates": [
                    101.09785,
                    13.055004
                ]
            },
            "properties": {
                "station_name": "รพสต.บ่อวิน",
                "rain_24h": 0.6,
                "province": "ชลบุรี",
                "datetime": "2026-06-05 08:00"
            }
        },
        {
            "type": "Feature",
            "geometry": {
                "type": "Point",
                "coordinates": [
                    98.591,
                    19.336
                ]
            },
            "properties": {
                "station_name": "หน่วยจัดการต้นน้ำแม่สลาหลวง",
                "rain_24h": 0.6,
                "province": "แม่ฮ่องสอน",
                "datetime": "2026-06-05 08:00"
            }
        },
        {
            "type": "Feature",
            "geometry": {
                "type": "Point",
                "coordinates": [
                    99.86508,
                    13.81866
                ]
            },
            "properties": {
                "station_name": "บ้านโป่ง",
                "rain_24h": 0.6,
                "province": "ราชบุรี",
                "datetime": "2026-06-05 08:00"
            }
        },
        {
            "type": "Feature",
            "geometry": {
                "type": "Point",
                "coordinates": [
                    98.593,
                    19.4138
                ]
            },
            "properties": {
                "station_name": "หน่วยจัดการต้นน้ำดอยสามหมื่น",
                "rain_24h": 0.6,
                "province": "เชียงใหม่",
                "datetime": "2026-06-05 08:00"
            }
        },
        {
            "type": "Feature",
            "geometry": {
                "type": "Point",
                "coordinates": [
                    104.730385,
                    16.546862
                ]
            },
            "properties": {
                "station_name": "สะพานห้วยมุก",
                "rain_24h": 0.6,
                "province": "มุกดาหาร",
                "datetime": "2026-06-05 08:00"
            }
        },
        {
            "type": "Feature",
            "geometry": {
                "type": "Point",
                "coordinates": [
                    99.4664,
                    11.31588
                ]
            },
            "properties": {
                "station_name": "รร.บ้านดงไม้งาม",
                "rain_24h": 0.4,
                "province": "ประจวบคีรีขันธ์",
                "datetime": "2026-06-05 08:00"
            }
        },
        {
            "type": "Feature",
            "geometry": {
                "type": "Point",
                "coordinates": [
                    99.90437,
                    12.49032
                ]
            },
            "properties": {
                "station_name": "อบต.ทับใต้",
                "rain_24h": 0.4,
                "province": "ประจวบคีรีขันธ์",
                "datetime": "2026-06-05 08:00"
            }
        },
        {
            "type": "Feature",
            "geometry": {
                "type": "Point",
                "coordinates": [
                    98.31871,
                    7.770772
                ]
            },
            "properties": {
                "station_name": "ทต.ราไวย์",
                "rain_24h": 0.4,
                "province": "ภูเก็ต",
                "datetime": "2026-06-05 08:00"
            }
        },
        {
            "type": "Feature",
            "geometry": {
                "type": "Point",
                "coordinates": [
                    99.11959,
                    9.592434
                ]
            },
            "properties": {
                "station_name": "อบต.คลองพา",
                "rain_24h": 0.4,
                "province": "สุราษฎร์ธานี",
                "datetime": "2026-06-05 08:00"
            }
        },
        {
            "type": "Feature",
            "geometry": {
                "type": "Point",
                "coordinates": [
                    100.441345,
                    19.854431
                ]
            },
            "properties": {
                "station_name": "หน่วยจัดการต้นน้ำหงาว-งาว",
                "rain_24h": 0.4,
                "province": "เชียงราย",
                "datetime": "2026-06-05 08:00"
            }
        },
        {
            "type": "Feature",
            "geometry": {
                "type": "Point",
                "coordinates": [
                    104.24137,
                    15.121949
                ]
            },
            "properties": {
                "station_name": "อบต.ขะยูง",
                "rain_24h": 0.4,
                "province": "ศรีสะเกษ",
                "datetime": "2026-06-05 08:00"
            }
        },
        {
            "type": "Feature",
            "geometry": {
                "type": "Point",
                "coordinates": [
                    104.15235,
                    15.33955
                ]
            },
            "properties": {
                "station_name": "ราษีไศล",
                "rain_24h": 0.4,
                "province": "ศรีสะเกษ",
                "datetime": "2026-06-05 08:00"
            }
        },
        {
            "type": "Feature",
            "geometry": {
                "type": "Point",
                "coordinates": [
                    102.03936,
                    15.639111
                ]
            },
            "properties": {
                "station_name": "เหนือฝายยางกะฮาด",
                "rain_24h": 0.4,
                "province": "ชัยภูมิ",
                "datetime": "2026-06-05 08:00"
            }
        },
        {
            "type": "Feature",
            "geometry": {
                "type": "Point",
                "coordinates": [
                    102.04003,
                    15.638389
                ]
            },
            "properties": {
                "station_name": "ท้ายฝายยางกะฮาด",
                "rain_24h": 0.4,
                "province": "ชัยภูมิ",
                "datetime": "2026-06-05 08:00"
            }
        },
        {
            "type": "Feature",
            "geometry": {
                "type": "Point",
                "coordinates": [
                    99.9439,
                    19.186546
                ]
            },
            "properties": {
                "station_name": "สะพานบ้านเจดีย์งาม",
                "rain_24h": 0.4,
                "province": "พะเยา",
                "datetime": "2026-06-05 08:00"
            }
        },
        {
            "type": "Feature",
            "geometry": {
                "type": "Point",
                "coordinates": [
                    100.49277,
                    13.700301
                ]
            },
            "properties": {
                "station_name": "สะพานกรุงเทพ",
                "rain_24h": 0.4,
                "province": "กรุงเทพมหานคร",
                "datetime": "2026-06-05 08:00"
            }
        },
        {
            "type": "Feature",
            "geometry": {
                "type": "Point",
                "coordinates": [
                    100.82655,
                    6.48153
                ]
            },
            "properties": {
                "station_name": "รพ.สต.น้ำเชี่ยว",
                "rain_24h": 0.4,
                "province": "สงขลา",
                "datetime": "2026-06-05 08:00"
            }
        },
        {
            "type": "Feature",
            "geometry": {
                "type": "Point",
                "coordinates": [
                    100.32209,
                    14.10388
                ]
            },
            "properties": {
                "station_name": "อบต.ราษฎร์นิยม",
                "rain_24h": 0.4,
                "province": "นนทบุรี",
                "datetime": "2026-06-05 08:00"
            }
        },
        {
            "type": "Feature",
            "geometry": {
                "type": "Point",
                "coordinates": [
                    99.60671,
                    20.020224
                ]
            },
            "properties": {
                "station_name": "หน่วยจัดการต้นน้ำแม่ซ้าย",
                "rain_24h": 0.4,
                "province": "เชียงราย",
                "datetime": "2026-06-05 08:00"
            }
        },
        {
            "type": "Feature",
            "geometry": {
                "type": "Point",
                "coordinates": [
                    104.1318,
                    15.732525
                ]
            },
            "properties": {
                "station_name": "เหนือฝายยโสธร",
                "rain_24h": 0.4,
                "province": "ร้อยเอ็ด",
                "datetime": "2026-06-05 08:00"
            }
        },
        {
            "type": "Feature",
            "geometry": {
                "type": "Point",
                "coordinates": [
                    100.36825,
                    14.498449
                ]
            },
            "properties": {
                "station_name": "สะพานข้ามแม่น้ำน้อย (ทุ่งผักไห่)",
                "rain_24h": 0.4,
                "province": "พระนครศรีอยุธยา",
                "datetime": "2026-06-05 08:00"
            }
        },
        {
            "type": "Feature",
            "geometry": {
                "type": "Point",
                "coordinates": [
                    99.23496,
                    18.36925
                ]
            },
            "properties": {
                "station_name": "ที่ทำการเขตรักษาพันธุ์สัตว์ป่าดอยผาเมือง",
                "rain_24h": 0.4,
                "province": "ลำปาง",
                "datetime": "2026-06-05 08:00"
            }
        },
        {
            "type": "Feature",
            "geometry": {
                "type": "Point",
                "coordinates": [
                    104.16753,
                    16.997368
                ]
            },
            "properties": {
                "station_name": "ที่ว่าการอำเภอเต่างอย",
                "rain_24h": 0.4,
                "province": "สกลนคร",
                "datetime": "2026-06-05 08:00"
            }
        },
        {
            "type": "Feature",
            "geometry": {
                "type": "Point",
                "coordinates": [
                    100.60262,
                    13.96562
                ]
            },
            "properties": {
                "station_name": "คลองเปรมประชากร หลักหก",
                "rain_24h": 0.4,
                "province": "ปทุมธานี",
                "datetime": "2026-06-05 08:00"
            }
        },
        {
            "type": "Feature",
            "geometry": {
                "type": "Point",
                "coordinates": [
                    100.49141,
                    19.044817
                ]
            },
            "properties": {
                "station_name": "หน่วยพิทักษ์ป่าน้ำสาว",
                "rain_24h": 0.4,
                "province": "พะเยา",
                "datetime": "2026-06-05 08:00"
            }
        },
        {
            "type": "Feature",
            "geometry": {
                "type": "Point",
                "coordinates": [
                    102.7486,
                    15.013624
                ]
            },
            "properties": {
                "station_name": "ทต.กงรถ",
                "rain_24h": 0.4,
                "province": "นครราชสีมา",
                "datetime": "2026-06-05 08:00"
            }
        },
        {
            "type": "Feature",
            "geometry": {
                "type": "Point",
                "coordinates": [
                    100.92981,
                    19.175901
                ]
            },
            "properties": {
                "station_name": "สะพานน้ำขว้าง บ้านร้องแง",
                "rain_24h": 0.4,
                "province": "น่าน",
                "datetime": "2026-06-05 08:00"
            }
        },
        {
            "type": "Feature",
            "geometry": {
                "type": "Point",
                "coordinates": [
                    98.80207,
                    8.750369
                ]
            },
            "properties": {
                "station_name": "ชุมชนบ้านทับคริสต์",
                "rain_24h": 0.4,
                "province": "สุราษฎร์ธานี",
                "datetime": "2026-06-05 08:00"
            }
        },
        {
            "type": "Feature",
            "geometry": {
                "type": "Point",
                "coordinates": [
                    101.213745,
                    19.504732
                ]
            },
            "properties": {
                "station_name": "สถานีพัฒนาการเกษตรที่สูง ฯ ภูพยัคฆ์",
                "rain_24h": 0.4,
                "province": "น่าน",
                "datetime": "2026-06-05 08:00"
            }
        },
        {
            "type": "Feature",
            "geometry": {
                "type": "Point",
                "coordinates": [
                    101.38918,
                    15.632906
                ]
            },
            "properties": {
                "station_name": "อุทยานแห่งชาติป่าหินงาม",
                "rain_24h": 0.4,
                "province": "ชัยภูมิ",
                "datetime": "2026-06-05 08:00"
            }
        },
        {
            "type": "Feature",
            "geometry": {
                "type": "Point",
                "coordinates": [
                    99.026085,
                    9.300541
                ]
            },
            "properties": {
                "station_name": "อบต.ปากฉลุย",
                "rain_24h": 0.4,
                "province": "สุราษฎร์ธานี",
                "datetime": "2026-06-05 08:00"
            }
        },
        {
            "type": "Feature",
            "geometry": {
                "type": "Point",
                "coordinates": [
                    100.38288,
                    15.29119
                ]
            },
            "properties": {
                "station_name": "อบต.ตาคลี",
                "rain_24h": 0.4,
                "province": "นครสวรรค์",
                "datetime": "2026-06-05 08:00"
            }
        },
        {
            "type": "Feature",
            "geometry": {
                "type": "Point",
                "coordinates": [
                    100.50282,
                    15.2965
                ]
            },
            "properties": {
                "station_name": "อบต.ตากฟ้า",
                "rain_24h": 0.4,
                "province": "นครสวรรค์",
                "datetime": "2026-06-05 08:00"
            }
        },
        {
            "type": "Feature",
            "geometry": {
                "type": "Point",
                "coordinates": [
                    99.1106,
                    18.1331
                ]
            },
            "properties": {
                "station_name": "หน่วยจัดการต้นน้ำแม่เสริม",
                "rain_24h": 0.4,
                "province": "ลำปาง",
                "datetime": "2026-06-05 08:00"
            }
        },
        {
            "type": "Feature",
            "geometry": {
                "type": "Point",
                "coordinates": [
                    98.71209,
                    19.382952
                ]
            },
            "properties": {
                "station_name": "สะพานน้ำแม่แตง",
                "rain_24h": 0.4,
                "province": "เชียงใหม่",
                "datetime": "2026-06-05 08:00"
            }
        },
        {
            "type": "Feature",
            "geometry": {
                "type": "Point",
                "coordinates": [
                    99.9343,
                    19.165922
                ]
            },
            "properties": {
                "station_name": "สะพานข้ามน้ำอิง (I.17)",
                "rain_24h": 0.4,
                "province": "พะเยา",
                "datetime": "2026-06-05 08:00"
            }
        },
        {
            "type": "Feature",
            "geometry": {
                "type": "Point",
                "coordinates": [
                    101.51751,
                    13.97348
                ]
            },
            "properties": {
                "station_name": "ศรีมหาโพธิ (KGT6)",
                "rain_24h": 0.4,
                "province": "ปราจีนบุรี",
                "datetime": "2026-06-05 08:00"
            }
        },
        {
            "type": "Feature",
            "geometry": {
                "type": "Point",
                "coordinates": [
                    98.37616,
                    18.6844
                ]
            },
            "properties": {
                "station_name": "สะพานน้ำแม่แจ่ม แม่นาจร",
                "rain_24h": 0.4,
                "province": "เชียงใหม่",
                "datetime": "2026-06-05 08:00"
            }
        },
        {
            "type": "Feature",
            "geometry": {
                "type": "Point",
                "coordinates": [
                    99.14778,
                    18.43999
                ]
            },
            "properties": {
                "station_name": "หน่วยพิทักษ์ป่าแม่ทา",
                "rain_24h": 0.4,
                "province": "ลำพูน",
                "datetime": "2026-06-05 08:00"
            }
        },
        {
            "type": "Feature",
            "geometry": {
                "type": "Point",
                "coordinates": [
                    100.55449,
                    15.082774
                ]
            },
            "properties": {
                "station_name": "สถานีสูบน้ำปากคลองสายห้วยแก้ว (ทุ่งซ้ายคลองชัยนาท)",
                "rain_24h": 0.4,
                "province": "ลพบุรี",
                "datetime": "2026-06-05 08:00"
            }
        },
        {
            "type": "Feature",
            "geometry": {
                "type": "Point",
                "coordinates": [
                    101.12476,
                    15.65728
                ]
            },
            "properties": {
                "station_name": "ทม.วิเชียรบุรี",
                "rain_24h": 0.4,
                "province": "เพชรบูรณ์",
                "datetime": "2026-06-05 08:00"
            }
        },
        {
            "type": "Feature",
            "geometry": {
                "type": "Point",
                "coordinates": [
                    101.5069,
                    14.1816
                ]
            },
            "properties": {
                "station_name": "หน่วยจัดการต้นน้ำเขามดแดง",
                "rain_24h": 0.4,
                "province": "ปราจีนบุรี",
                "datetime": "2026-06-05 08:00"
            }
        },
        {
            "type": "Feature",
            "geometry": {
                "type": "Point",
                "coordinates": [
                    100.152824,
                    15.157795
                ]
            },
            "properties": {
                "station_name": "ท้ายปตร.บรมธาตุ",
                "rain_24h": 0.4,
                "province": "ชัยนาท",
                "datetime": "2026-06-05 08:00"
            }
        },
        {
            "type": "Feature",
            "geometry": {
                "type": "Point",
                "coordinates": [
                    101.4595,
                    14.5501
                ]
            },
            "properties": {
                "station_name": "สะพานน้ำลำตะคอง",
                "rain_24h": 0.4,
                "province": "นครราชสีมา",
                "datetime": "2026-06-05 08:00"
            }
        },
        {
            "type": "Feature",
            "geometry": {
                "type": "Point",
                "coordinates": [
                    99.12575,
                    14.61138
                ]
            },
            "properties": {
                "station_name": "อบต.นาสวน",
                "rain_24h": 0.4,
                "province": "กาญจนบุรี",
                "datetime": "2026-06-05 08:00"
            }
        },
        {
            "type": "Feature",
            "geometry": {
                "type": "Point",
                "coordinates": [
                    101.383125,
                    17.249937
                ]
            },
            "properties": {
                "station_name": "หน่วยอนุรักษ์และจัดการต้นน้ำลำห้วยสัก",
                "rain_24h": 0.4,
                "province": "เลย",
                "datetime": "2026-06-05 08:00"
            }
        },
        {
            "type": "Feature",
            "geometry": {
                "type": "Point",
                "coordinates": [
                    104.14028,
                    15.795349
                ]
            },
            "properties": {
                "station_name": "ที่ว่าการอำเภอเมืองยโสธร",
                "rain_24h": 0.4,
                "province": "ยโสธร",
                "datetime": "2026-06-05 08:00"
            }
        },
        {
            "type": "Feature",
            "geometry": {
                "type": "Point",
                "coordinates": [
                    101.20457,
                    12.970118
                ]
            },
            "properties": {
                "station_name": "อบต.ปลวกแดง",
                "rain_24h": 0.4,
                "province": "ระยอง",
                "datetime": "2026-06-05 08:00"
            }
        },
        {
            "type": "Feature",
            "geometry": {
                "type": "Point",
                "coordinates": [
                    99.96016,
                    12.78631
                ]
            },
            "properties": {
                "station_name": "การประปา ทม.ชะอำ",
                "rain_24h": 0.4,
                "province": "เพชรบุรี",
                "datetime": "2026-06-05 08:00"
            }
        },
        {
            "type": "Feature",
            "geometry": {
                "type": "Point",
                "coordinates": [
                    101.28639,
                    6.675234
                ]
            },
            "properties": {
                "station_name": "เมืองยะลา",
                "rain_24h": 0.4,
                "province": "ยะลา",
                "datetime": "2026-06-05 08:00"
            }
        },
        {
            "type": "Feature",
            "geometry": {
                "type": "Point",
                "coordinates": [
                    100.22159,
                    15.98997
                ]
            },
            "properties": {
                "station_name": "อบต.ท่าเสา",
                "rain_24h": 0.4,
                "province": "พิจิตร",
                "datetime": "2026-06-05 08:00"
            }
        },
        {
            "type": "Feature",
            "geometry": {
                "type": "Point",
                "coordinates": [
                    102.50487,
                    12.513423
                ]
            },
            "properties": {
                "station_name": "คลองโสน",
                "rain_24h": 0.4,
                "province": "ตราด",
                "datetime": "2026-06-05 08:00"
            }
        },
        {
            "type": "Feature",
            "geometry": {
                "type": "Point",
                "coordinates": [
                    100.124115,
                    17.71633
                ]
            },
            "properties": {
                "station_name": "คลองกั้ง",
                "rain_24h": 0.4,
                "province": "อุตรดิตถ์",
                "datetime": "2026-06-05 08:00"
            }
        },
        {
            "type": "Feature",
            "geometry": {
                "type": "Point",
                "coordinates": [
                    101.09836,
                    6.297677
                ]
            },
            "properties": {
                "station_name": "มัสยิดเหมืองลาบู",
                "rain_24h": 0.2,
                "province": "ยะลา",
                "datetime": "2026-06-05 08:00"
            }
        },
        {
            "type": "Feature",
            "geometry": {
                "type": "Point",
                "coordinates": [
                    100.35564,
                    14.44142
                ]
            },
            "properties": {
                "station_name": "ที่ทำการกำนันตำบลลาดชิด",
                "rain_24h": 0.2,
                "province": "พระนครศรีอยุธยา",
                "datetime": "2026-06-05 08:00"
            }
        },
        {
            "type": "Feature",
            "geometry": {
                "type": "Point",
                "coordinates": [
                    100.26785,
                    15.10907
                ]
            },
            "properties": {
                "station_name": "สรรพยา",
                "rain_24h": 0.2,
                "province": "ชัยนาท",
                "datetime": "2026-06-05 08:00"
            }
        },
        {
            "type": "Feature",
            "geometry": {
                "type": "Point",
                "coordinates": [
                    101.88695,
                    13.759425
                ]
            },
            "properties": {
                "station_name": "อบต.วังท่าช้าง",
                "rain_24h": 0.2,
                "province": "ปราจีนบุรี",
                "datetime": "2026-06-05 08:00"
            }
        },
        {
            "type": "Feature",
            "geometry": {
                "type": "Point",
                "coordinates": [
                    101.658485,
                    13.7749
                ]
            },
            "properties": {
                "station_name": "ทต.กรอกสมบูรณ์",
                "rain_24h": 0.2,
                "province": "ปราจีนบุรี",
                "datetime": "2026-06-05 08:00"
            }
        },
        {
            "type": "Feature",
            "geometry": {
                "type": "Point",
                "coordinates": [
                    102.247284,
                    14.496074
                ]
            },
            "properties": {
                "station_name": "ร.ร.บ้านอังโกน-ห้วยทราย",
                "rain_24h": 0.2,
                "province": "นครราชสีมา",
                "datetime": "2026-06-05 08:00"
            }
        },
        {
            "type": "Feature",
            "geometry": {
                "type": "Point",
                "coordinates": [
                    102.087746,
                    15.165574
                ]
            },
            "properties": {
                "station_name": "อบต.ด่านจาก",
                "rain_24h": 0.2,
                "province": "นครราชสีมา",
                "datetime": "2026-06-05 08:00"
            }
        },
        {
            "type": "Feature",
            "geometry": {
                "type": "Point",
                "coordinates": [
                    101.96932,
                    14.537939
                ]
            },
            "properties": {
                "station_name": "อบต.อุดมทรัพย์",
                "rain_24h": 0.2,
                "province": "นครราชสีมา",
                "datetime": "2026-06-05 08:00"
            }
        },
        {
            "type": "Feature",
            "geometry": {
                "type": "Point",
                "coordinates": [
                    103.36127,
                    14.858998
                ]
            },
            "properties": {
                "station_name": "อ่างฯหนองกุดใหญ่",
                "rain_24h": 0.2,
                "province": "บุรีรัมย์",
                "datetime": "2026-06-05 08:00"
            }
        },
        {
            "type": "Feature",
            "geometry": {
                "type": "Point",
                "coordinates": [
                    103.12403,
                    15.308248
                ]
            },
            "properties": {
                "station_name": "อบต.แคนดง",
                "rain_24h": 0.2,
                "province": "บุรีรัมย์",
                "datetime": "2026-06-05 08:00"
            }
        },
        {
            "type": "Feature",
            "geometry": {
                "type": "Point",
                "coordinates": [
                    101.96628,
                    16.43051
                ]
            },
            "properties": {
                "station_name": "อบต.หนองโพนงาม",
                "rain_24h": 0.2,
                "province": "ชัยภูมิ",
                "datetime": "2026-06-05 08:00"
            }
        },
        {
            "type": "Feature",
            "geometry": {
                "type": "Point",
                "coordinates": [
                    101.36151,
                    17.458618
                ]
            },
            "properties": {
                "station_name": "ทต.ภูเรือ",
                "rain_24h": 0.2,
                "province": "เลย",
                "datetime": "2026-06-05 08:00"
            }
        },
        {
            "type": "Feature",
            "geometry": {
                "type": "Point",
                "coordinates": [
                    103.08175,
                    18.059126
                ]
            },
            "properties": {
                "station_name": "อบต.จุมพล",
                "rain_24h": 0.2,
                "province": "หนองคาย",
                "datetime": "2026-06-05 08:00"
            }
        },
        {
            "type": "Feature",
            "geometry": {
                "type": "Point",
                "coordinates": [
                    98.96884,
                    19.36728
                ]
            },
            "properties": {
                "station_name": "เชียงดาว",
                "rain_24h": 0.2,
                "province": "เชียงใหม่",
                "datetime": "2026-06-05 08:00"
            }
        },
        {
            "type": "Feature",
            "geometry": {
                "type": "Point",
                "coordinates": [
                    98.96134,
                    19.34123
                ]
            },
            "properties": {
                "station_name": "ทต.แม่นะ",
                "rain_24h": 0.2,
                "province": "เชียงใหม่",
                "datetime": "2026-06-05 08:00"
            }
        },
        {
            "type": "Feature",
            "geometry": {
                "type": "Point",
                "coordinates": [
                    98.88969,
                    18.75038
                ]
            },
            "properties": {
                "station_name": "ทต.บ้านปง",
                "rain_24h": 0.2,
                "province": "เชียงใหม่",
                "datetime": "2026-06-05 08:00"
            }
        },
        {
            "type": "Feature",
            "geometry": {
                "type": "Point",
                "coordinates": [
                    99.26469,
                    18.41521
                ]
            },
            "properties": {
                "station_name": "ชุมชนแม่ตาลน้อย",
                "rain_24h": 0.2,
                "province": "ลำปาง",
                "datetime": "2026-06-05 08:00"
            }
        },
        {
            "type": "Feature",
            "geometry": {
                "type": "Point",
                "coordinates": [
                    100.74902,
                    17.79087
                ]
            },
            "properties": {
                "station_name": "น้ำปาด",
                "rain_24h": 0.2,
                "province": "อุตรดิตถ์",
                "datetime": "2026-06-05 08:00"
            }
        },
        {
            "type": "Feature",
            "geometry": {
                "type": "Point",
                "coordinates": [
                    101.06478,
                    18.02097
                ]
            },
            "properties": {
                "station_name": "ทต.บ้านโคก",
                "rain_24h": 0.2,
                "province": "อุตรดิตถ์",
                "datetime": "2026-06-05 08:00"
            }
        },
        {
            "type": "Feature",
            "geometry": {
                "type": "Point",
                "coordinates": [
                    100.66244,
                    18.21042
                ]
            },
            "properties": {
                "station_name": "สนามกีฬา ทต.บ่อแก้ว",
                "rain_24h": 0.2,
                "province": "น่าน",
                "datetime": "2026-06-05 08:00"
            }
        },
        {
            "type": "Feature",
            "geometry": {
                "type": "Point",
                "coordinates": [
                    100.75609,
                    18.73796
                ]
            },
            "properties": {
                "station_name": "เมืองน่าน",
                "rain_24h": 0.2,
                "province": "น่าน",
                "datetime": "2026-06-05 08:00"
            }
        },
        {
            "type": "Feature",
            "geometry": {
                "type": "Point",
                "coordinates": [
                    100.12381,
                    15.68849
                ]
            },
            "properties": {
                "station_name": "สะพานเดชาติวงศ์",
                "rain_24h": 0.2,
                "province": "นครสวรรค์",
                "datetime": "2026-06-05 08:00"
            }
        },
        {
            "type": "Feature",
            "geometry": {
                "type": "Point",
                "coordinates": [
                    100.6572,
                    15.60012
                ]
            },
            "properties": {
                "station_name": "ทต.ไพศาลี",
                "rain_24h": 0.2,
                "province": "นครสวรรค์",
                "datetime": "2026-06-05 08:00"
            }
        },
        {
            "type": "Feature",
            "geometry": {
                "type": "Point",
                "coordinates": [
                    99.32747,
                    15.9125
                ]
            },
            "properties": {
                "station_name": "หน่วยพิทักษ์ อช.แม่วงก์ที่ 4 (แม่เรวา)",
                "rain_24h": 0.2,
                "province": "นครสวรรค์",
                "datetime": "2026-06-05 08:00"
            }
        },
        {
            "type": "Feature",
            "geometry": {
                "type": "Point",
                "coordinates": [
                    99.51958,
                    16.49714
                ]
            },
            "properties": {
                "station_name": "ท่อทองแดง1",
                "rain_24h": 0.2,
                "province": "กำแพงเพชร",
                "datetime": "2026-06-05 08:00"
            }
        },
        {
            "type": "Feature",
            "geometry": {
                "type": "Point",
                "coordinates": [
                    100.05965,
                    16.8586
                ]
            },
            "properties": {
                "station_name": "ชุมแสงสงคราม",
                "rain_24h": 0.2,
                "province": "พิษณุโลก",
                "datetime": "2026-06-05 08:00"
            }
        },
        {
            "type": "Feature",
            "geometry": {
                "type": "Point",
                "coordinates": [
                    101.2467,
                    16.78151
                ]
            },
            "properties": {
                "station_name": "หล่มสัก",
                "rain_24h": 0.2,
                "province": "เพชรบูรณ์",
                "datetime": "2026-06-05 08:00"
            }
        },
        {
            "type": "Feature",
            "geometry": {
                "type": "Point",
                "coordinates": [
                    100.27417,
                    13.80777
                ]
            },
            "properties": {
                "station_name": "ศาลาดิน",
                "rain_24h": 0.2,
                "province": "นครปฐม",
                "datetime": "2026-06-05 08:00"
            }
        },
        {
            "type": "Feature",
            "geometry": {
                "type": "Point",
                "coordinates": [
                    99.68775,
                    13.16995
                ]
            },
            "properties": {
                "station_name": "อบต.หนองญ้าปล้อง",
                "rain_24h": 0.2,
                "province": "เพชรบุรี",
                "datetime": "2026-06-05 08:00"
            }
        },
        {
            "type": "Feature",
            "geometry": {
                "type": "Point",
                "coordinates": [
                    99.253975,
                    9.191764
                ]
            },
            "properties": {
                "station_name": "ชุมชนลีเล็ด",
                "rain_24h": 0.2,
                "province": "สุราษฎร์ธานี",
                "datetime": "2026-06-05 08:00"
            }
        },
        {
            "type": "Feature",
            "geometry": {
                "type": "Point",
                "coordinates": [
                    99.170006,
                    9.085781
                ]
            },
            "properties": {
                "station_name": "พุนพิน 2",
                "rain_24h": 0.2,
                "province": "สุราษฎร์ธานี",
                "datetime": "2026-06-05 08:00"
            }
        },
        {
            "type": "Feature",
            "geometry": {
                "type": "Point",
                "coordinates": [
                    99.29757,
                    10.94428
                ]
            },
            "properties": {
                "station_name": "อบต.เขาไชยราช",
                "rain_24h": 0.2,
                "province": "ชุมพร",
                "datetime": "2026-06-05 08:00"
            }
        },
        {
            "type": "Feature",
            "geometry": {
                "type": "Point",
                "coordinates": [
                    101.26471,
                    6.891317
                ]
            },
            "properties": {
                "station_name": "อบต.บานา",
                "rain_24h": 0.2,
                "province": "ปัตตานี",
                "datetime": "2026-06-05 08:00"
            }
        },
        {
            "type": "Feature",
            "geometry": {
                "type": "Point",
                "coordinates": [
                    101.13336,
                    6.754147
                ]
            },
            "properties": {
                "station_name": "ศูนย์วิจัยข้าวปัตตานี",
                "rain_24h": 0.2,
                "province": "ปัตตานี",
                "datetime": "2026-06-05 08:00"
            }
        },
        {
            "type": "Feature",
            "geometry": {
                "type": "Point",
                "coordinates": [
                    101.092445,
                    5.775838
                ]
            },
            "properties": {
                "station_name": "อบต.ยะรม",
                "rain_24h": 0.2,
                "province": "ยะลา",
                "datetime": "2026-06-05 08:00"
            }
        },
        {
            "type": "Feature",
            "geometry": {
                "type": "Point",
                "coordinates": [
                    101.49695,
                    6.227293
                ]
            },
            "properties": {
                "station_name": "ศรีสาคร",
                "rain_24h": 0.2,
                "province": "นราธิวาส",
                "datetime": "2026-06-05 08:00"
            }
        },
        {
            "type": "Feature",
            "geometry": {
                "type": "Point",
                "coordinates": [
                    101.873024,
                    6.088392
                ]
            },
            "properties": {
                "station_name": "ทต.ปะลุรู",
                "rain_24h": 0.2,
                "province": "นราธิวาส",
                "datetime": "2026-06-05 08:00"
            }
        },
        {
            "type": "Feature",
            "geometry": {
                "type": "Point",
                "coordinates": [
                    99.48108,
                    11.24181
                ]
            },
            "properties": {
                "station_name": "สำนักงานเกษตรอำเภอบางสะพาน",
                "rain_24h": 0.2,
                "province": "ประจวบคีรีขันธ์",
                "datetime": "2026-06-05 08:00"
            }
        },
        {
            "type": "Feature",
            "geometry": {
                "type": "Point",
                "coordinates": [
                    99.35563,
                    11.18113
                ]
            },
            "properties": {
                "station_name": "ศาลากลางหมู่บ้านในล๊อค",
                "rain_24h": 0.2,
                "province": "ประจวบคีรีขันธ์",
                "datetime": "2026-06-05 08:00"
            }
        },
        {
            "type": "Feature",
            "geometry": {
                "type": "Point",
                "coordinates": [
                    99.838005,
                    7.709522
                ]
            },
            "properties": {
                "station_name": "รพสต.บ้านเขาปู่",
                "rain_24h": 0.2,
                "province": "พัทลุง",
                "datetime": "2026-06-05 08:00"
            }
        },
        {
            "type": "Feature",
            "geometry": {
                "type": "Point",
                "coordinates": [
                    100.413,
                    15.146235
                ]
            },
            "properties": {
                "station_name": "เหนือปตร.ช่องแค",
                "rain_24h": 0.2,
                "province": "นครสวรรค์",
                "datetime": "2026-06-05 08:00"
            }
        },
        {
            "type": "Feature",
            "geometry": {
                "type": "Point",
                "coordinates": [
                    101.028946,
                    18.846567
                ]
            },
            "properties": {
                "station_name": "บ้านตอง",
                "rain_24h": 0.2,
                "province": "น่าน",
                "datetime": "2026-06-05 08:00"
            }
        },
        {
            "type": "Feature",
            "geometry": {
                "type": "Point",
                "coordinates": [
                    100.56727,
                    13.661021
                ]
            },
            "properties": {
                "station_name": "ปตร. คลองลัดบางยอ 2",
                "rain_24h": 0.2,
                "province": "สมุทรปราการ",
                "datetime": "2026-06-05 08:00"
            }
        },
        {
            "type": "Feature",
            "geometry": {
                "type": "Point",
                "coordinates": [
                    100.58207,
                    13.676648
                ]
            },
            "properties": {
                "station_name": "ปตร. คลองบางน้ำผึ้ง",
                "rain_24h": 0.2,
                "province": "สมุทรปราการ",
                "datetime": "2026-06-05 08:00"
            }
        },
        {
            "type": "Feature",
            "geometry": {
                "type": "Point",
                "coordinates": [
                    100.58231,
                    13.694974
                ]
            },
            "properties": {
                "station_name": "ปตร. คลองแพ",
                "rain_24h": 0.2,
                "province": "สมุทรปราการ",
                "datetime": "2026-06-05 08:00"
            }
        },
        {
            "type": "Feature",
            "geometry": {
                "type": "Point",
                "coordinates": [
                    100.40965,
                    19.30203
                ]
            },
            "properties": {
                "station_name": "ที่ทำการเขตรักษาพันธุ์สัตว์ป่าดอยผาช้าง",
                "rain_24h": 0.2,
                "province": "พะเยา",
                "datetime": "2026-06-05 08:00"
            }
        },
        {
            "type": "Feature",
            "geometry": {
                "type": "Point",
                "coordinates": [
                    101.03546,
                    18.804192
                ]
            },
            "properties": {
                "station_name": "หน่วยจัดการต้นน้ำแม่จริม",
                "rain_24h": 0.2,
                "province": "น่าน",
                "datetime": "2026-06-05 08:00"
            }
        },
        {
            "type": "Feature",
            "geometry": {
                "type": "Point",
                "coordinates": [
                    99.828,
                    17.804312
                ]
            },
            "properties": {
                "station_name": "หน่วยศึกษาการพัฒนาการอนุรักษ์ต้นน้ำแม่สูง",
                "rain_24h": 0.2,
                "province": "แพร่",
                "datetime": "2026-06-05 08:00"
            }
        },
        {
            "type": "Feature",
            "geometry": {
                "type": "Point",
                "coordinates": [
                    105.49311,
                    15.310499
                ]
            },
            "properties": {
                "station_name": "สะพานข้ามน้ำมูล",
                "rain_24h": 0.2,
                "province": "อุบลราชธานี",
                "datetime": "2026-06-05 08:00"
            }
        },
        {
            "type": "Feature",
            "geometry": {
                "type": "Point",
                "coordinates": [
                    101.15671,
                    6.272022
                ]
            },
            "properties": {
                "station_name": "ศูนย์เรียนรู้ชุมชนบ้านนาซัว หมู่ที่ 2",
                "rain_24h": 0.2,
                "province": "ยะลา",
                "datetime": "2026-06-05 08:00"
            }
        },
        {
            "type": "Feature",
            "geometry": {
                "type": "Point",
                "coordinates": [
                    101.361046,
                    6.312516
                ]
            },
            "properties": {
                "station_name": "โรงเรียนนิคมสร้างตนเองพัฒนาภาคใต้ 1",
                "rain_24h": 0.2,
                "province": "ยะลา",
                "datetime": "2026-06-05 08:00"
            }
        },
        {
            "type": "Feature",
            "geometry": {
                "type": "Point",
                "coordinates": [
                    101.34531,
                    17.507904
                ]
            },
            "properties": {
                "station_name": "อุทยานแห่งชาติภูเรือ",
                "rain_24h": 0.2,
                "province": "เลย",
                "datetime": "2026-06-05 08:00"
            }
        },
        {
            "type": "Feature",
            "geometry": {
                "type": "Point",
                "coordinates": [
                    101.73706,
                    16.66072
                ]
            },
            "properties": {
                "station_name": "หน่วยจัดการต้นน้ำลำเชิญ",
                "rain_24h": 0.2,
                "province": "ชัยภูมิ",
                "datetime": "2026-06-05 08:00"
            }
        },
        {
            "type": "Feature",
            "geometry": {
                "type": "Point",
                "coordinates": [
                    102.03775,
                    15.984473
                ]
            },
            "properties": {
                "station_name": "อุทยานแห่งชาติตาดโตน",
                "rain_24h": 0.2,
                "province": "ชัยภูมิ",
                "datetime": "2026-06-05 08:00"
            }
        },
        {
            "type": "Feature",
            "geometry": {
                "type": "Point",
                "coordinates": [
                    99.45519,
                    19.108244
                ]
            },
            "properties": {
                "station_name": "สะพานแม่น้ำลาว",
                "rain_24h": 0.2,
                "province": "เชียงราย",
                "datetime": "2026-06-05 08:00"
            }
        },
        {
            "type": "Feature",
            "geometry": {
                "type": "Point",
                "coordinates": [
                    104.71615,
                    16.923216
                ]
            },
            "properties": {
                "station_name": "ปตร.ธรณิศนฤมิต-เหนือน้ำ",
                "rain_24h": 0.2,
                "province": "นครพนม",
                "datetime": "2026-06-05 08:00"
            }
        },
        {
            "type": "Feature",
            "geometry": {
                "type": "Point",
                "coordinates": [
                    104.71621,
                    16.922241
                ]
            },
            "properties": {
                "station_name": "ปตร.ธรณิศนฤมิต-ท้ายน้ำ",
                "rain_24h": 0.2,
                "province": "นครพนม",
                "datetime": "2026-06-05 08:00"
            }
        },
        {
            "type": "Feature",
            "geometry": {
                "type": "Point",
                "coordinates": [
                    100.146835,
                    7.62273
                ]
            },
            "properties": {
                "station_name": "สะพานข้ามคลองลำปำ",
                "rain_24h": 0.2,
                "province": "พัทลุง",
                "datetime": "2026-06-05 08:00"
            }
        },
        {
            "type": "Feature",
            "geometry": {
                "type": "Point",
                "coordinates": [
                    100.30207,
                    7.76987
                ]
            },
            "properties": {
                "station_name": "สะพานข้ามคลองระโนด",
                "rain_24h": 0.2,
                "province": "สงขลา",
                "datetime": "2026-06-05 08:00"
            }
        },
        {
            "type": "Feature",
            "geometry": {
                "type": "Point",
                "coordinates": [
                    98.949066,
                    9.598686
                ]
            },
            "properties": {
                "station_name": "สะพานถนนสายเอเซีย 4265",
                "rain_24h": 0.2,
                "province": "สุราษฎร์ธานี",
                "datetime": "2026-06-05 08:00"
            }
        },
        {
            "type": "Feature",
            "geometry": {
                "type": "Point",
                "coordinates": [
                    99.61465,
                    12.759098
                ]
            },
            "properties": {
                "station_name": "โรงเรียนบ้านห้วยไผ่",
                "rain_24h": 0.2,
                "province": "เพชรบุรี",
                "datetime": "2026-06-05 08:00"
            }
        },
        {
            "type": "Feature",
            "geometry": {
                "type": "Point",
                "coordinates": [
                    104.775986,
                    16.226255
                ]
            },
            "properties": {
                "station_name": "โรงเรียนบ้านหนองเม็ก",
                "rain_24h": 0.2,
                "province": "มุกดาหาร",
                "datetime": "2026-06-05 08:00"
            }
        },
        {
            "type": "Feature",
            "geometry": {
                "type": "Point",
                "coordinates": [
                    104.26036,
                    16.461357
                ]
            },
            "properties": {
                "station_name": "โรงเรียนบ้านวังนอง",
                "rain_24h": 0.2,
                "province": "มุกดาหาร",
                "datetime": "2026-06-05 08:00"
            }
        },
        {
            "type": "Feature",
            "geometry": {
                "type": "Point",
                "coordinates": [
                    99.9874,
                    9.47909
                ]
            },
            "properties": {
                "station_name": "หน่วยป้องกันรักษาป่า ที่ สฎ. ๑๖ (เกาะสมุย)",
                "rain_24h": 0.2,
                "province": "สุราษฎร์ธานี",
                "datetime": "2026-06-05 08:00"
            }
        },
        {
            "type": "Feature",
            "geometry": {
                "type": "Point",
                "coordinates": [
                    99.3084,
                    15.8948
                ]
            },
            "properties": {
                "station_name": "หน่วยจัดการต้นน้ำขุนน้ำเย็น",
                "rain_24h": 0.2,
                "province": "นครสวรรค์",
                "datetime": "2026-06-05 08:00"
            }
        },
        {
            "type": "Feature",
            "geometry": {
                "type": "Point",
                "coordinates": [
                    98.844765,
                    16.04928
                ]
            },
            "properties": {
                "station_name": "สะพานแม่น้ำแควใหญ่",
                "rain_24h": 0.2,
                "province": "ตาก",
                "datetime": "2026-06-05 08:00"
            }
        },
        {
            "type": "Feature",
            "geometry": {
                "type": "Point",
                "coordinates": [
                    99.73813,
                    19.217377
                ]
            },
            "properties": {
                "station_name": "หน่วยพิทักษ์อุทยานแห่งชาติที่ ดล.6 (จำปาทอง) ",
                "rain_24h": 0.2,
                "province": "พะเยา",
                "datetime": "2026-06-05 08:00"
            }
        },
        {
            "type": "Feature",
            "geometry": {
                "type": "Point",
                "coordinates": [
                    100.3885,
                    18.2166
                ]
            },
            "properties": {
                "station_name": "สะพานน้ำแม่ถาง",
                "rain_24h": 0.2,
                "province": "แพร่",
                "datetime": "2026-06-05 08:00"
            }
        },
        {
            "type": "Feature",
            "geometry": {
                "type": "Point",
                "coordinates": [
                    101.1957,
                    15.2468
                ]
            },
            "properties": {
                "station_name": "สะพานคลองลำสนธิ",
                "rain_24h": 0.2,
                "province": "ลพบุรี",
                "datetime": "2026-06-05 08:00"
            }
        },
        {
            "type": "Feature",
            "geometry": {
                "type": "Point",
                "coordinates": [
                    101.34016,
                    15.511334
                ]
            },
            "properties": {
                "station_name": "สะพานคลองสนธิ",
                "rain_24h": 0.2,
                "province": "ลพบุรี",
                "datetime": "2026-06-05 08:00"
            }
        },
        {
            "type": "Feature",
            "geometry": {
                "type": "Point",
                "coordinates": [
                    101.03803,
                    16.545818
                ]
            },
            "properties": {
                "station_name": "สถานีวิจัยต้นน้ำป่าสัก",
                "rain_24h": 0.2,
                "province": "เพชรบูรณ์",
                "datetime": "2026-06-05 08:00"
            }
        },
        {
            "type": "Feature",
            "geometry": {
                "type": "Point",
                "coordinates": [
                    100.68031,
                    17.185375
                ]
            },
            "properties": {
                "station_name": "สะพานพระร่วงข้ามน้ำแควน้อย",
                "rain_24h": 0.2,
                "province": "พิษณุโลก",
                "datetime": "2026-06-05 08:00"
            }
        },
        {
            "type": "Feature",
            "geometry": {
                "type": "Point",
                "coordinates": [
                    100.4222,
                    17.5832
                ]
            },
            "properties": {
                "station_name": "หน่วยพิทักษ์อุทยานแห่งชาติที่ สญ.2 (ถ้ำจัน)",
                "rain_24h": 0.2,
                "province": "อุตรดิตถ์",
                "datetime": "2026-06-05 08:00"
            }
        },
        {
            "type": "Feature",
            "geometry": {
                "type": "Point",
                "coordinates": [
                    99.79137,
                    19.14538
                ]
            },
            "properties": {
                "station_name": "อ่างเก็บน้ำห้วยตุ่น",
                "rain_24h": 0.2,
                "province": "พะเยา",
                "datetime": "2026-06-05 08:00"
            }
        },
        {
            "type": "Feature",
            "geometry": {
                "type": "Point",
                "coordinates": [
                    99.80512,
                    19.13814
                ]
            },
            "properties": {
                "station_name": "อ่างเก็บน้ำห้วยม่วง (ห้วยแฮ้)",
                "rain_24h": 0.2,
                "province": "พะเยา",
                "datetime": "2026-06-05 08:00"
            }
        },
        {
            "type": "Feature",
            "geometry": {
                "type": "Point",
                "coordinates": [
                    97.90344,
                    17.921886
                ]
            },
            "properties": {
                "station_name": "วนอุทยานน้ำตกห้วยแม่แสบ",
                "rain_24h": 0.2,
                "province": "แม่ฮ่องสอน",
                "datetime": "2026-06-05 08:00"
            }
        },
        {
            "type": "Feature",
            "geometry": {
                "type": "Point",
                "coordinates": [
                    98.7486,
                    17.0225
                ]
            },
            "properties": {
                "station_name": "หน่วยพิทักษ์อุทยานแห่งชาติที่ ขพ.3 (สามหมื่น)",
                "rain_24h": 0.2,
                "province": "ตาก",
                "datetime": "2026-06-05 08:00"
            }
        },
        {
            "type": "Feature",
            "geometry": {
                "type": "Point",
                "coordinates": [
                    99.48753,
                    17.97243
                ]
            },
            "properties": {
                "station_name": "อ่างฯแม่ยอนสันดอนแก้ว",
                "rain_24h": 0.2,
                "province": "ลำปาง",
                "datetime": "2026-06-05 08:00"
            }
        },
        {
            "type": "Feature",
            "geometry": {
                "type": "Point",
                "coordinates": [
                    99.91642,
                    19.09763
                ]
            },
            "properties": {
                "station_name": "สะพานคลองแม่ต๋ำ",
                "rain_24h": 0.2,
                "province": "พะเยา",
                "datetime": "2026-06-05 08:00"
            }
        },
        {
            "type": "Feature",
            "geometry": {
                "type": "Point",
                "coordinates": [
                    100.45319,
                    7.134991
                ]
            },
            "properties": {
                "station_name": "สะพานข้ามคลองอู่ตะเภา",
                "rain_24h": 0,
                "province": "สงขลา",
                "datetime": "2026-06-05 08:00"
            }
        },
        {
            "type": "Feature",
            "geometry": {
                "type": "Point",
                "coordinates": [
                    100.963394,
                    6.534082
                ]
            },
            "properties": {
                "station_name": "สะพานข้ามคลองเทพา",
                "rain_24h": 0,
                "province": "สงขลา",
                "datetime": "2026-06-05 08:00"
            }
        },
        {
            "type": "Feature",
            "geometry": {
                "type": "Point",
                "coordinates": [
                    104.1409,
                    17.125986
                ]
            },
            "properties": {
                "station_name": "สะพานข้ามคลองเดียก",
                "rain_24h": 0,
                "province": "สกลนคร",
                "datetime": "2026-06-05 08:00"
            }
        },
        {
            "type": "Feature",
            "geometry": {
                "type": "Point",
                "coordinates": [
                    104.53837,
                    17.114838
                ]
            },
            "properties": {
                "station_name": "ปตร. บ้านตับเต่า-ท้ายน้ำ",
                "rain_24h": 0,
                "province": "นครพนม",
                "datetime": "2026-06-05 08:00"
            }
        },
        {
            "type": "Feature",
            "geometry": {
                "type": "Point",
                "coordinates": [
                    104.53785,
                    17.115393
                ]
            },
            "properties": {
                "station_name": "ปตร.บ้านตับเต่า-เหนือน้ำ",
                "rain_24h": 0,
                "province": "นครพนม",
                "datetime": "2026-06-05 08:00"
            }
        },
        {
            "type": "Feature",
            "geometry": {
                "type": "Point",
                "coordinates": [
                    104.578865,
                    17.06476
                ]
            },
            "properties": {
                "station_name": "ปตร. บ้านนาบัว-ท้ายน้ำ",
                "rain_24h": 0,
                "province": "นครพนม",
                "datetime": "2026-06-05 08:00"
            }
        },
        {
            "type": "Feature",
            "geometry": {
                "type": "Point",
                "coordinates": [
                    100.94688,
                    6.624617
                ]
            },
            "properties": {
                "station_name": "เทศบาลตำบลท่าพระยา",
                "rain_24h": 0,
                "province": "สงขลา",
                "datetime": "2026-06-05 08:00"
            }
        },
        {
            "type": "Feature",
            "geometry": {
                "type": "Point",
                "coordinates": [
                    102.12725,
                    13.383301
                ]
            },
            "properties": {
                "station_name": "โรงเรียนบ้านคลองยายอินทร์",
                "rain_24h": 0,
                "province": "สระแก้ว",
                "datetime": "2026-06-05 08:00"
            }
        },
        {
            "type": "Feature",
            "geometry": {
                "type": "Point",
                "coordinates": [
                    102.28505,
                    13.94595
                ]
            },
            "properties": {
                "station_name": "วัดคลองคันโท",
                "rain_24h": 0,
                "province": "สระแก้ว",
                "datetime": "2026-06-05 08:00"
            }
        },
        {
            "type": "Feature",
            "geometry": {
                "type": "Point",
                "coordinates": [
                    104.57897,
                    17.065418
                ]
            },
            "properties": {
                "station_name": "ปตร.บ้านนาบัว-เหนือน้ำ",
                "rain_24h": 0,
                "province": "นครพนม",
                "datetime": "2026-06-05 08:00"
            }
        },
        {
            "type": "Feature",
            "geometry": {
                "type": "Point",
                "coordinates": [
                    104.5914,
                    16.993017
                ]
            },
            "properties": {
                "station_name": "สะพานมิตรภาพท่าลาดปากบัง",
                "rain_24h": 0,
                "province": "นครพนม",
                "datetime": "2026-06-05 08:00"
            }
        },
        {
            "type": "Feature",
            "geometry": {
                "type": "Point",
                "coordinates": [
                    104.62825,
                    15.927052
                ]
            },
            "properties": {
                "station_name": "โรงเรียนบ้านโนนหนามแท่ง",
                "rain_24h": 0,
                "province": "อำนาจเจริญ",
                "datetime": "2026-06-05 08:00"
            }
        },
        {
            "type": "Feature",
            "geometry": {
                "type": "Point",
                "coordinates": [
                    104.78419,
                    15.939888
                ]
            },
            "properties": {
                "station_name": "โรงเรียนบ้านภูเขาขาม",
                "rain_24h": 0,
                "province": "อำนาจเจริญ",
                "datetime": "2026-06-05 08:00"
            }
        },
        {
            "type": "Feature",
            "geometry": {
                "type": "Point",
                "coordinates": [
                    104.52589,
                    16.961737
                ]
            },
            "properties": {
                "station_name": "ปตร. บ้านนาคู่-ท้ายน้ำ",
                "rain_24h": 0,
                "province": "นครพนม",
                "datetime": "2026-06-05 08:00"
            }
        },
        {
            "type": "Feature",
            "geometry": {
                "type": "Point",
                "coordinates": [
                    104.52516,
                    16.962158
                ]
            },
            "properties": {
                "station_name": "ปตร.บ้านนาคู่-เหนือน้ำ",
                "rain_24h": 0,
                "province": "นครพนม",
                "datetime": "2026-06-05 08:00"
            }
        },
        {
            "type": "Feature",
            "geometry": {
                "type": "Point",
                "coordinates": [
                    104.70063,
                    16.929178
                ]
            },
            "properties": {
                "station_name": "สะพานบ้านแก่งโพธิ์",
                "rain_24h": 0,
                "province": "นครพนม",
                "datetime": "2026-06-05 08:00"
            }
        },
        {
            "type": "Feature",
            "geometry": {
                "type": "Point",
                "coordinates": [
                    100.40543,
                    14.327802
                ]
            },
            "properties": {
                "station_name": "เสนา (ทุ่งบางบาล-บ้านแพน)",
                "rain_24h": 0,
                "province": "พระนครศรีอยุธยา",
                "datetime": "2026-06-05 08:00"
            }
        },
        {
            "type": "Feature",
            "geometry": {
                "type": "Point",
                "coordinates": [
                    99.51751,
                    19.301765
                ]
            },
            "properties": {
                "station_name": "สะพานข้ามแม่น้ำลาว-บ้านป่าสัก",
                "rain_24h": 0,
                "province": "เชียงราย",
                "datetime": "2026-06-05 08:00"
            }
        },
        {
            "type": "Feature",
            "geometry": {
                "type": "Point",
                "coordinates": [
                    99.50559,
                    19.173138
                ]
            },
            "properties": {
                "station_name": "สะพานช้ามแม่น้ำลาว - บ้านโฮ่ง ",
                "rain_24h": 0,
                "province": "เชียงราย",
                "datetime": "2026-06-05 08:00"
            }
        },
        {
            "type": "Feature",
            "geometry": {
                "type": "Point",
                "coordinates": [
                    99.5086,
                    19.16978
                ]
            },
            "properties": {
                "station_name": "องค์การบริหารส่วนตำบลแม่เจดีย์ใหม่",
                "rain_24h": 0,
                "province": "เชียงราย",
                "datetime": "2026-06-05 08:00"
            }
        },
        {
            "type": "Feature",
            "geometry": {
                "type": "Point",
                "coordinates": [
                    100.017395,
                    14.320748
                ]
            },
            "properties": {
                "station_name": "ทุ่งโพธิ์พระยา",
                "rain_24h": 0,
                "province": "สุพรรณบุรี",
                "datetime": "2026-06-05 08:00"
            }
        },
        {
            "type": "Feature",
            "geometry": {
                "type": "Point",
                "coordinates": [
                    100.779366,
                    6.483326
                ]
            },
            "properties": {
                "station_name": "โรงเรียน ตชด.บ้านส้านักเอาะ",
                "rain_24h": 0,
                "province": "สงขลา",
                "datetime": "2026-06-05 08:00"
            }
        },
        {
            "type": "Feature",
            "geometry": {
                "type": "Point",
                "coordinates": [
                    100.366005,
                    14.464408
                ]
            },
            "properties": {
                "station_name": "ปตร.ลาดชะโด (ทุ่งผักไห่)",
                "rain_24h": 0,
                "province": "พระนครศรีอยุธยา",
                "datetime": "2026-06-05 08:00"
            }
        },
        {
            "type": "Feature",
            "geometry": {
                "type": "Point",
                "coordinates": [
                    101.69579,
                    5.88726
                ]
            },
            "properties": {
                "station_name": "สะพานข้ามคลองสอวอ บ้านสามซอย",
                "rain_24h": 0,
                "province": "นราธิวาส",
                "datetime": "2026-06-05 08:00"
            }
        },
        {
            "type": "Feature",
            "geometry": {
                "type": "Point",
                "coordinates": [
                    99.82508,
                    19.350946
                ]
            },
            "properties": {
                "station_name": "ฝายพับได้หนองเล็งทราย",
                "rain_24h": 0,
                "province": "พะเยา",
                "datetime": "2026-06-05 08:00"
            }
        },
        {
            "type": "Feature",
            "geometry": {
                "type": "Point",
                "coordinates": [
                    99.862686,
                    19.21819
                ]
            },
            "properties": {
                "station_name": "สะพานบ้านต๋ำ",
                "rain_24h": 0,
                "province": "พะเยา",
                "datetime": "2026-06-05 08:00"
            }
        },
        {
            "type": "Feature",
            "geometry": {
                "type": "Point",
                "coordinates": [
                    100.13264,
                    14.194874
                ]
            },
            "properties": {
                "station_name": "ปตร.ปลายคลองบางซอ (ทุ่งเจ้าเจ็ด)",
                "rain_24h": 0,
                "province": "สุพรรณบุรี",
                "datetime": "2026-06-05 08:00"
            }
        },
        {
            "type": "Feature",
            "geometry": {
                "type": "Point",
                "coordinates": [
                    100.40116,
                    14.412398
                ]
            },
            "properties": {
                "station_name": "ปตร กุฎิ (ทุ่งป่าโมก)",
                "rain_24h": 0,
                "province": "พระนครศรีอยุธยา",
                "datetime": "2026-06-05 08:00"
            }
        },
        {
            "type": "Feature",
            "geometry": {
                "type": "Point",
                "coordinates": [
                    101.76639,
                    5.895709
                ]
            },
            "properties": {
                "station_name": "สะพานกะลูบี บ้านสายปารี",
                "rain_24h": 0,
                "province": "นราธิวาส",
                "datetime": "2026-06-05 08:00"
            }
        },
        {
            "type": "Feature",
            "geometry": {
                "type": "Point",
                "coordinates": [
                    101.75235,
                    5.827553
                ]
            },
            "properties": {
                "station_name": "สะพานตาบัว บ้านยาเด๊ะ",
                "rain_24h": 0,
                "province": "นราธิวาส",
                "datetime": "2026-06-05 08:00"
            }
        },
        {
            "type": "Feature",
            "geometry": {
                "type": "Point",
                "coordinates": [
                    100.41471,
                    15.169044
                ]
            },
            "properties": {
                "station_name": "บ่อดินขาว",
                "rain_24h": 0,
                "province": "นครสวรรค์",
                "datetime": "2026-06-05 08:00"
            }
        },
        {
            "type": "Feature",
            "geometry": {
                "type": "Point",
                "coordinates": [
                    101.845184,
                    5.80748
                ]
            },
            "properties": {
                "station_name": "เขตรักษาพันธุ์สัตว์ป่าฮาลา-บาลา",
                "rain_24h": 0,
                "province": "นราธิวาส",
                "datetime": "2026-06-05 08:00"
            }
        },
        {
            "type": "Feature",
            "geometry": {
                "type": "Point",
                "coordinates": [
                    101.40899,
                    6.058344
                ]
            },
            "properties": {
                "station_name": "หน่วยพิทักษ์อุทยานฯ ที่ บล.๒ (น้ำตกฮาลาซะห์)",
                "rain_24h": 0,
                "province": "ยะลา",
                "datetime": "2026-06-05 08:00"
            }
        },
        {
            "type": "Feature",
            "geometry": {
                "type": "Point",
                "coordinates": [
                    100.97308,
                    12.76814
                ]
            },
            "properties": {
                "station_name": "เขตห้ามล่าสัตว์ป่าเขาชีโอน",
                "rain_24h": 0,
                "province": "ชลบุรี",
                "datetime": "2026-06-05 08:00"
            }
        },
        {
            "type": "Feature",
            "geometry": {
                "type": "Point",
                "coordinates": [
                    101.99856,
                    13.351688
                ]
            },
            "properties": {
                "station_name": "ศูนย์ศึกษาการพัฒนาการอนุรักษ์ต้นน้ำลุ่มน้ำบางปะกง",
                "rain_24h": 0,
                "province": "สระแก้ว",
                "datetime": "2026-06-05 08:00"
            }
        },
        {
            "type": "Feature",
            "geometry": {
                "type": "Point",
                "coordinates": [
                    104.73009,
                    15.885885
                ]
            },
            "properties": {
                "station_name": "สถานีควบคุมไฟป่าภูสิงห์ภูผาผึ้ง-ภูสระดอกบัว",
                "rain_24h": 0,
                "province": "อำนาจเจริญ",
                "datetime": "2026-06-05 08:00"
            }
        },
        {
            "type": "Feature",
            "geometry": {
                "type": "Point",
                "coordinates": [
                    100.55605,
                    14.42731
                ]
            },
            "properties": {
                "station_name": "บางปะหัน",
                "rain_24h": 0,
                "province": "พระนครศรีอยุธยา",
                "datetime": "2026-06-05 08:00"
            }
        },
        {
            "type": "Feature",
            "geometry": {
                "type": "Point",
                "coordinates": [
                    104.80253,
                    16.433405
                ]
            },
            "properties": {
                "station_name": "อุทยานแห่งชาติภูผาเทิบ",
                "rain_24h": 0,
                "province": "มุกดาหาร",
                "datetime": "2026-06-05 08:00"
            }
        },
        {
            "type": "Feature",
            "geometry": {
                "type": "Point",
                "coordinates": [
                    101.96868,
                    16.758263
                ]
            },
            "properties": {
                "station_name": "อุทยานแห่งชาติภูผาม่าน",
                "rain_24h": 0,
                "province": "ขอนแก่น",
                "datetime": "2026-06-05 07:00"
            }
        },
        {
            "type": "Feature",
            "geometry": {
                "type": "Point",
                "coordinates": [
                    101.33624,
                    16.573479
                ]
            },
            "properties": {
                "station_name": "หน่วยพิทักษ์ป่าช้างตะลูด",
                "rain_24h": 0,
                "province": "เพชรบูรณ์",
                "datetime": "2026-06-05 08:00"
            }
        },
        {
            "type": "Feature",
            "geometry": {
                "type": "Point",
                "coordinates": [
                    101.56981,
                    16.739023
                ]
            },
            "properties": {
                "station_name": "อุทยานแห่งชาติน้ำหนาว",
                "rain_24h": 0,
                "province": "เพชรบูรณ์",
                "datetime": "2026-06-05 08:00"
            }
        },
        {
            "type": "Feature",
            "geometry": {
                "type": "Point",
                "coordinates": [
                    101.50732,
                    16.946844
                ]
            },
            "properties": {
                "station_name": "หน่วยพิทักษ์อุทยานฯ ที่ นน.๖ (ถ้ำใหญ่น้ำหนาว)",
                "rain_24h": 0,
                "province": "เพชรบูรณ์",
                "datetime": "2026-06-05 08:00"
            }
        },
        {
            "type": "Feature",
            "geometry": {
                "type": "Point",
                "coordinates": [
                    100.562164,
                    13.74325
                ]
            },
            "properties": {
                "station_name": "อโศก",
                "rain_24h": 0,
                "province": "กรุงเทพมหานคร",
                "datetime": "2026-06-05 08:00"
            }
        },
        {
            "type": "Feature",
            "geometry": {
                "type": "Point",
                "coordinates": [
                    101.27802,
                    6.411655
                ]
            },
            "properties": {
                "station_name": "สะพานข้ามแม่น้ำปัตตานี",
                "rain_24h": 0,
                "province": "ยะลา",
                "datetime": "2026-06-05 08:00"
            }
        },
        {
            "type": "Feature",
            "geometry": {
                "type": "Point",
                "coordinates": [
                    101.10628,
                    6.555137
                ]
            },
            "properties": {
                "station_name": "อบต. ตาชี",
                "rain_24h": 0,
                "province": "ยะลา",
                "datetime": "2026-06-05 08:00"
            }
        },
        {
            "type": "Feature",
            "geometry": {
                "type": "Point",
                "coordinates": [
                    99.75936,
                    8.162655
                ]
            },
            "properties": {
                "station_name": "น้ำตกปลิว",
                "rain_24h": 0,
                "province": "นครศรีธรรมราช",
                "datetime": "2026-06-05 08:00"
            }
        },
        {
            "type": "Feature",
            "geometry": {
                "type": "Point",
                "coordinates": [
                    105.33725,
                    15.931226
                ]
            },
            "properties": {
                "station_name": "สะพานห้วยปากแซง",
                "rain_24h": 0,
                "province": "อุบลราชธานี",
                "datetime": "2026-06-05 08:00"
            }
        },
        {
            "type": "Feature",
            "geometry": {
                "type": "Point",
                "coordinates": [
                    99.9326,
                    19.51145
                ]
            },
            "properties": {
                "station_name": "หน่วยพิทักษ์อุทยานแห่งชาติที่ มป. ๓ (ห้วยหลวง)",
                "rain_24h": 0,
                "province": "เชียงราย",
                "datetime": "2026-06-05 08:00"
            }
        },
        {
            "type": "Feature",
            "geometry": {
                "type": "Point",
                "coordinates": [
                    99.59613,
                    17.966373
                ]
            },
            "properties": {
                "station_name": "ที่ทำการอุทยานแห่งชาติเวียงโกศัย",
                "rain_24h": 0,
                "province": "แพร่",
                "datetime": "2026-06-05 08:00"
            }
        },
        {
            "type": "Feature",
            "geometry": {
                "type": "Point",
                "coordinates": [
                    101.06919,
                    18.58667
                ]
            },
            "properties": {
                "station_name": "หน่วยพิทักษ์อุทยานแห่งชาติที่ มร. ๑ (ห้วยเต่า)",
                "rain_24h": 0,
                "province": "น่าน",
                "datetime": "2026-06-05 08:00"
            }
        },
        {
            "type": "Feature",
            "geometry": {
                "type": "Point",
                "coordinates": [
                    100.54113,
                    18.75281
                ]
            },
            "properties": {
                "station_name": "หน่วยจัดการต้นน้ำแม่ขะนิง",
                "rain_24h": 0,
                "province": "น่าน",
                "datetime": "2026-06-05 08:00"
            }
        },
        {
            "type": "Feature",
            "geometry": {
                "type": "Point",
                "coordinates": [
                    100.17084,
                    20.241756
                ]
            },
            "properties": {
                "station_name": "ศูนย์ส่งเสริมการควบคุมไฟป่าเชียงราย",
                "rain_24h": 0,
                "province": "เชียงราย",
                "datetime": "2026-06-05 08:00"
            }
        },
        {
            "type": "Feature",
            "geometry": {
                "type": "Point",
                "coordinates": [
                    100.046135,
                    20.261282
                ]
            },
            "properties": {
                "station_name": "ที่ทำการเขตห้ามล่าสัตว์ป่าหนองบงคาย",
                "rain_24h": 0,
                "province": "เชียงราย",
                "datetime": "2026-06-05 08:00"
            }
        },
        {
            "type": "Feature",
            "geometry": {
                "type": "Point",
                "coordinates": [
                    104.528,
                    16.8692
                ]
            },
            "properties": {
                "station_name": "หน่วยจัดการต้นน้ำน้ำก่ำ",
                "rain_24h": 0,
                "province": "นครพนม",
                "datetime": "2026-06-05 08:00"
            }
        },
        {
            "type": "Feature",
            "geometry": {
                "type": "Point",
                "coordinates": [
                    100.64121,
                    19.137968
                ]
            },
            "properties": {
                "station_name": "หน่วยศึกษาการพัฒนาการอนุรักษ์ต้นน้ำน้ำคาง (ดอยวาว)",
                "rain_24h": 0,
                "province": "น่าน",
                "datetime": "2026-06-05 08:00"
            }
        },
        {
            "type": "Feature",
            "geometry": {
                "type": "Point",
                "coordinates": [
                    100.90128,
                    19.286142
                ]
            },
            "properties": {
                "station_name": "สะพานน้ำกอน บ้านพญาแก้ว",
                "rain_24h": 0,
                "province": "น่าน",
                "datetime": "2026-06-05 08:00"
            }
        },
        {
            "type": "Feature",
            "geometry": {
                "type": "Point",
                "coordinates": [
                    101.1751,
                    19.348192
                ]
            },
            "properties": {
                "station_name": "หน่วยจัดการต้นน้ำขุนน่าน",
                "rain_24h": 0,
                "province": "น่าน",
                "datetime": "2026-06-05 08:00"
            }
        },
        {
            "type": "Feature",
            "geometry": {
                "type": "Point",
                "coordinates": [
                    99.40895,
                    15.23958
                ]
            },
            "properties": {
                "station_name": "หน่วยพิทักษ์ป่าเขาปันโส",
                "rain_24h": 0,
                "province": "อุทัยธานี",
                "datetime": "2026-06-05 08:00"
            }
        },
        {
            "type": "Feature",
            "geometry": {
                "type": "Point",
                "coordinates": [
                    99.27011,
                    18.495703
                ]
            },
            "properties": {
                "station_name": "ที่ทำการอุทยานแห่งชาติดอยขุนตาล",
                "rain_24h": 0,
                "province": "ลำพูน",
                "datetime": "2026-06-05 08:00"
            }
        },
        {
            "type": "Feature",
            "geometry": {
                "type": "Point",
                "coordinates": [
                    101.01177,
                    19.310799
                ]
            },
            "properties": {
                "station_name": "หน่วยจัดการต้นน้ำน้ำกอนฝั่งซ้าย",
                "rain_24h": 0,
                "province": "น่าน",
                "datetime": "2026-06-05 08:00"
            }
        },
        {
            "type": "Feature",
            "geometry": {
                "type": "Point",
                "coordinates": [
                    98.80144,
                    19.692438
                ]
            },
            "properties": {
                "station_name": "หน่วยจัดการต้นน้ำดอยถ้วย",
                "rain_24h": 0,
                "province": "เชียงใหม่",
                "datetime": "2026-06-05 08:00"
            }
        },
        {
            "type": "Feature",
            "geometry": {
                "type": "Point",
                "coordinates": [
                    99.153755,
                    19.968538
                ]
            },
            "properties": {
                "station_name": "ที่ทำการอุทยานแห่งชาติดอยผ้าห่มปก",
                "rain_24h": 0,
                "province": "เชียงใหม่",
                "datetime": "2026-06-05 08:00"
            }
        },
        {
            "type": "Feature",
            "geometry": {
                "type": "Point",
                "coordinates": [
                    99.266945,
                    20.01403
                ]
            },
            "properties": {
                "station_name": "สะพานห้วยแม่สาว",
                "rain_24h": 0,
                "province": "เชียงใหม่",
                "datetime": "2026-06-05 08:00"
            }
        },
        {
            "type": "Feature",
            "geometry": {
                "type": "Point",
                "coordinates": [
                    99.25366,
                    20.077343
                ]
            },
            "properties": {
                "station_name": "หน่วยจัดการต้นน้ำขุนแม่กก",
                "rain_24h": 0,
                "province": "เชียงใหม่",
                "datetime": "2026-06-05 08:00"
            }
        },
        {
            "type": "Feature",
            "geometry": {
                "type": "Point",
                "coordinates": [
                    99.6929,
                    16.8775
                ]
            },
            "properties": {
                "station_name": "ยอดเขาหลวง (อุทยานแห่งชาติรามคำแหง)",
                "rain_24h": 0,
                "province": "สุโขทัย",
                "datetime": "2026-06-05 08:00"
            }
        },
        {
            "type": "Feature",
            "geometry": {
                "type": "Point",
                "coordinates": [
                    99.62328,
                    17.026957
                ]
            },
            "properties": {
                "station_name": "หน่วยพิทักษ์อุทยานแห่งชาติที่ รค.๒ (คลองสวน)",
                "rain_24h": 0,
                "province": "สุโขทัย",
                "datetime": "2026-06-05 08:00"
            }
        },
        {
            "type": "Feature",
            "geometry": {
                "type": "Point",
                "coordinates": [
                    98.30274,
                    17.903154
                ]
            },
            "properties": {
                "station_name": "หน่วยจัดการต้นน้ำแม่ต๋อม",
                "rain_24h": 0,
                "province": "เชียงใหม่",
                "datetime": "2026-06-05 08:00"
            }
        },
        {
            "type": "Feature",
            "geometry": {
                "type": "Point",
                "coordinates": [
                    99.005714,
                    16.77711
                ]
            },
            "properties": {
                "station_name": "ที่ทำการอุทยานแห่งชาติลานสาง",
                "rain_24h": 0,
                "province": "ตาก",
                "datetime": "2026-06-05 08:00"
            }
        },
        {
            "type": "Feature",
            "geometry": {
                "type": "Point",
                "coordinates": [
                    100.57356,
                    13.678656
                ]
            },
            "properties": {
                "station_name": "ตลาดน้ำบางน้ำผึ้ง",
                "rain_24h": 0,
                "province": "สมุทรปราการ",
                "datetime": "2026-06-05 08:00"
            }
        },
        {
            "type": "Feature",
            "geometry": {
                "type": "Point",
                "coordinates": [
                    100.553085,
                    13.676162
                ]
            },
            "properties": {
                "station_name": "ปตร. คลองลัดบางยอ 1",
                "rain_24h": 0,
                "province": "สมุทรปราการ",
                "datetime": "2026-06-05 08:00"
            }
        },
        {
            "type": "Feature",
            "geometry": {
                "type": "Point",
                "coordinates": [
                    100.554886,
                    13.689612
                ]
            },
            "properties": {
                "station_name": "ปตร.วัดบางกระเจ้านอก",
                "rain_24h": 0,
                "province": "สมุทรปราการ",
                "datetime": "2026-06-05 08:00"
            }
        },
        {
            "type": "Feature",
            "geometry": {
                "type": "Point",
                "coordinates": [
                    99.233345,
                    16.039022
                ]
            },
            "properties": {
                "station_name": "ที่ทำการอุทยานแห่งชาติแม่วงก์",
                "rain_24h": 0,
                "province": "กำแพงเพชร",
                "datetime": "2026-06-05 08:00"
            }
        },
        {
            "type": "Feature",
            "geometry": {
                "type": "Point",
                "coordinates": [
                    98.92825,
                    16.775963
                ]
            },
            "properties": {
                "station_name": "ที่ทำการอุทยานแห่งชาติตากสินมหาราช",
                "rain_24h": 0,
                "province": "ตาก",
                "datetime": "2026-06-05 08:00"
            }
        },
        {
            "type": "Feature",
            "geometry": {
                "type": "Point",
                "coordinates": [
                    100.563126,
                    13.695561
                ]
            },
            "properties": {
                "station_name": "สวนศรีนครเขื่อนขันธ์",
                "rain_24h": 0,
                "province": "สมุทรปราการ",
                "datetime": "2026-06-05 08:00"
            }
        },
        {
            "type": "Feature",
            "geometry": {
                "type": "Point",
                "coordinates": [
                    101.022865,
                    18.893526
                ]
            },
            "properties": {
                "station_name": "รร.บ้านปางช้าง",
                "rain_24h": 0,
                "province": "น่าน",
                "datetime": "2026-06-05 08:00"
            }
        },
        {
            "type": "Feature",
            "geometry": {
                "type": "Point",
                "coordinates": [
                    99.63247,
                    19.232492
                ]
            },
            "properties": {
                "station_name": "สะพานน้ำวัง",
                "rain_24h": 0,
                "province": "ลำปาง",
                "datetime": "2026-06-05 08:00"
            }
        },
        {
            "type": "Feature",
            "geometry": {
                "type": "Point",
                "coordinates": [
                    100.37563,
                    14.436445
                ]
            },
            "properties": {
                "station_name": "เหนือปตร.ผักไห่-เจ้าเจ็ด",
                "rain_24h": 0,
                "province": "พระนครศรีอยุธยา",
                "datetime": "2026-06-05 08:00"
            }
        },
        {
            "type": "Feature",
            "geometry": {
                "type": "Point",
                "coordinates": [
                    100.41464,
                    14.75102
                ]
            },
            "properties": {
                "station_name": "เหนือปตร.ยางมณี",
                "rain_24h": 0,
                "province": "สิงห์บุรี",
                "datetime": "2026-06-05 08:00"
            }
        },
        {
            "type": "Feature",
            "geometry": {
                "type": "Point",
                "coordinates": [
                    100.27913,
                    14.925475
                ]
            },
            "properties": {
                "station_name": "ท้ายปตร.บางระจัน",
                "rain_24h": 0,
                "province": "สิงห์บุรี",
                "datetime": "2026-06-05 08:00"
            }
        },
        {
            "type": "Feature",
            "geometry": {
                "type": "Point",
                "coordinates": [
                    100.08825,
                    14.770622
                ]
            },
            "properties": {
                "station_name": "ท้ายปตร.ชลมาร์คพิจารณ์",
                "rain_24h": 0,
                "province": "สุพรรณบุรี",
                "datetime": "2026-06-05 08:00"
            }
        },
        {
            "type": "Feature",
            "geometry": {
                "type": "Point",
                "coordinates": [
                    100.08841,
                    14.771186
                ]
            },
            "properties": {
                "station_name": "เหนือปตร.ชลมาร์คพิจารณ์",
                "rain_24h": 0,
                "province": "สุพรรณบุรี",
                "datetime": "2026-06-05 08:00"
            }
        },
        {
            "type": "Feature",
            "geometry": {
                "type": "Point",
                "coordinates": [
                    100.01175,
                    15.053511
                ]
            },
            "properties": {
                "station_name": "ท้ายปตร.ท่าโบสถ์",
                "rain_24h": 0,
                "province": "ชัยนาท",
                "datetime": "2026-06-05 08:00"
            }
        },
        {
            "type": "Feature",
            "geometry": {
                "type": "Point",
                "coordinates": [
                    100.011635,
                    15.054181
                ]
            },
            "properties": {
                "station_name": "เหนือปตร.ท่าโบสถ์",
                "rain_24h": 0,
                "province": "ชัยนาท",
                "datetime": "2026-06-05 08:00"
            }
        },
        {
            "type": "Feature",
            "geometry": {
                "type": "Point",
                "coordinates": [
                    100.62076,
                    14.143744
                ]
            },
            "properties": {
                "station_name": "ท้ายปตร.พระอินทราชา",
                "rain_24h": 0,
                "province": "พระนครศรีอยุธยา",
                "datetime": "2026-06-05 08:00"
            }
        },
        {
            "type": "Feature",
            "geometry": {
                "type": "Point",
                "coordinates": [
                    100.062355,
                    15.222291
                ]
            },
            "properties": {
                "station_name": "ท้ายปตร.มะขามเฒ่า-อู่ทอง",
                "rain_24h": 0,
                "province": "ชัยนาท",
                "datetime": "2026-06-05 08:00"
            }
        },
        {
            "type": "Feature",
            "geometry": {
                "type": "Point",
                "coordinates": [
                    100.07284,
                    15.215888
                ]
            },
            "properties": {
                "station_name": "ปตร.พลเทพ",
                "rain_24h": 0,
                "province": "ชัยนาท",
                "datetime": "2026-06-05 08:00"
            }
        },
        {
            "type": "Feature",
            "geometry": {
                "type": "Point",
                "coordinates": [
                    101.143715,
                    18.079493
                ]
            },
            "properties": {
                "station_name": "หน่วยจัดการต้นน้ำขุนน้ำปาด",
                "rain_24h": 0,
                "province": "อุตรดิตถ์",
                "datetime": "2026-06-05 08:00"
            }
        },
        {
            "type": "Feature",
            "geometry": {
                "type": "Point",
                "coordinates": [
                    104.52565,
                    16.195398
                ]
            },
            "properties": {
                "station_name": "ลำเซบาย",
                "rain_24h": 0,
                "province": "ยโสธร",
                "datetime": "2026-06-05 08:00"
            }
        },
        {
            "type": "Feature",
            "geometry": {
                "type": "Point",
                "coordinates": [
                    103.69041,
                    16.259205
                ]
            },
            "properties": {
                "station_name": "คลองปาว",
                "rain_24h": 0,
                "province": "กาฬสินธุ์",
                "datetime": "2026-06-05 08:00"
            }
        },
        {
            "type": "Feature",
            "geometry": {
                "type": "Point",
                "coordinates": [
                    100.44173,
                    20.19635
                ]
            },
            "properties": {
                "station_name": "สะพานอิงอุดม",
                "rain_24h": 0,
                "province": "เชียงราย",
                "datetime": "2026-06-05 08:00"
            }
        },
        {
            "type": "Feature",
            "geometry": {
                "type": "Point",
                "coordinates": [
                    99.98423,
                    19.56656
                ]
            },
            "properties": {
                "station_name": "คลองแม่พุง",
                "rain_24h": 0,
                "province": "เชียงราย",
                "datetime": "2026-06-05 08:00"
            }
        },
        {
            "type": "Feature",
            "geometry": {
                "type": "Point",
                "coordinates": [
                    100.16196,
                    17.763918
                ]
            },
            "properties": {
                "station_name": "สถานีเพาะชำกล้าไม้อุตรดิตถ์ ",
                "rain_24h": 0,
                "province": "อุตรดิตถ์",
                "datetime": "2026-06-05 08:00"
            }
        },
        {
            "type": "Feature",
            "geometry": {
                "type": "Point",
                "coordinates": [
                    99.46196,
                    15.502394
                ]
            },
            "properties": {
                "station_name": "หน่วยจัดการต้นน้ำสะแกกรัง",
                "rain_24h": 0,
                "province": "อุทัยธานี",
                "datetime": "2026-06-05 08:00"
            }
        },
        {
            "type": "Feature",
            "geometry": {
                "type": "Point",
                "coordinates": [
                    100.44071,
                    14.4158
                ]
            },
            "properties": {
                "station_name": "คลองบางหลวง",
                "rain_24h": 0,
                "province": "พระนครศรีอยุธยา",
                "datetime": "2026-06-05 08:00"
            }
        },
        {
            "type": "Feature",
            "geometry": {
                "type": "Point",
                "coordinates": [
                    104.64116,
                    16.167002
                ]
            },
            "properties": {
                "station_name": "ทต.บุ่งค้า",
                "rain_24h": 0,
                "province": "ยโสธร",
                "datetime": "2026-06-05 08:00"
            }
        },
        {
            "type": "Feature",
            "geometry": {
                "type": "Point",
                "coordinates": [
                    104.405876,
                    16.268042
                ]
            },
            "properties": {
                "station_name": "ทต.ห้องแซง",
                "rain_24h": 0,
                "province": "ยโสธร",
                "datetime": "2026-06-05 08:00"
            }
        },
        {
            "type": "Feature",
            "geometry": {
                "type": "Point",
                "coordinates": [
                    100.53534,
                    14.11821
                ]
            },
            "properties": {
                "station_name": "บางไทร",
                "rain_24h": 0,
                "province": "พระนครศรีอยุธยา",
                "datetime": "2026-06-05 08:00"
            }
        },
        {
            "type": "Feature",
            "geometry": {
                "type": "Point",
                "coordinates": [
                    104.3944,
                    16.14868
                ]
            },
            "properties": {
                "station_name": "อบต.ส้มผ่อ",
                "rain_24h": 0,
                "province": "ยโสธร",
                "datetime": "2026-06-05 08:00"
            }
        },
        {
            "type": "Feature",
            "geometry": {
                "type": "Point",
                "coordinates": [
                    104.311386,
                    15.983016
                ]
            },
            "properties": {
                "station_name": "อบต.นาโส่",
                "rain_24h": 0,
                "province": "ยโสธร",
                "datetime": "2026-06-05 08:00"
            }
        },
        {
            "type": "Feature",
            "geometry": {
                "type": "Point",
                "coordinates": [
                    101.02351,
                    15.61598
                ]
            },
            "properties": {
                "station_name": "ตำบลซับสมบูรณ์",
                "rain_24h": 0,
                "province": "เพชรบูรณ์",
                "datetime": "2026-06-05 08:00"
            }
        },
        {
            "type": "Feature",
            "geometry": {
                "type": "Point",
                "coordinates": [
                    101.2712,
                    14.3693
                ]
            },
            "properties": {
                "station_name": "ป่าต้นน้ำคลองมะเดื่อ อช.เขาใหญ่ (นางรอง)",
                "rain_24h": 0,
                "province": "นครนายก",
                "datetime": "2026-06-05 08:00"
            }
        },
        {
            "type": "Feature",
            "geometry": {
                "type": "Point",
                "coordinates": [
                    101.954346,
                    13.119586
                ]
            },
            "properties": {
                "station_name": "สะพานคลองวังโตนด",
                "rain_24h": 0,
                "province": "จันทบุรี",
                "datetime": "2026-06-05 08:00"
            }
        },
        {
            "type": "Feature",
            "geometry": {
                "type": "Point",
                "coordinates": [
                    101.168,
                    13.9024
                ]
            },
            "properties": {
                "station_name": "วัดบางแตน",
                "rain_24h": 0,
                "province": "ปราจีนบุรี",
                "datetime": "2026-06-05 08:00"
            }
        },
        {
            "type": "Feature",
            "geometry": {
                "type": "Point",
                "coordinates": [
                    102.41481,
                    15.839262
                ]
            },
            "properties": {
                "station_name": "สถานีชุมชนป่าภูถ้ำ",
                "rain_24h": 0,
                "province": "ขอนแก่น",
                "datetime": "2026-06-05 08:00"
            }
        },
        {
            "type": "Feature",
            "geometry": {
                "type": "Point",
                "coordinates": [
                    102.866806,
                    15.097126
                ]
            },
            "properties": {
                "station_name": "บ้านใหม่สามัคคี",
                "rain_24h": 0,
                "province": "บุรีรัมย์",
                "datetime": "2026-06-05 08:00"
            }
        },
        {
            "type": "Feature",
            "geometry": {
                "type": "Point",
                "coordinates": [
                    100.05774,
                    16.12494
                ]
            },
            "properties": {
                "station_name": "อบต.บ้านหนองตางู",
                "rain_24h": 0,
                "province": "นครสวรรค์",
                "datetime": "2026-06-05 08:00"
            }
        },
        {
            "type": "Feature",
            "geometry": {
                "type": "Point",
                "coordinates": [
                    102.00344,
                    13.1773
                ]
            },
            "properties": {
                "station_name": "ที่ทำการอุทยานแห่งชาติเขาสิบห้าชั้น",
                "rain_24h": 0,
                "province": "จันทบุรี",
                "datetime": "2026-06-05 08:00"
            }
        },
        {
            "type": "Feature",
            "geometry": {
                "type": "Point",
                "coordinates": [
                    102.90031,
                    14.617133
                ]
            },
            "properties": {
                "station_name": "สะพานข้ามลำปะเทีย",
                "rain_24h": 0,
                "province": "บุรีรัมย์",
                "datetime": "2026-06-05 08:00"
            }
        },
        {
            "type": "Feature",
            "geometry": {
                "type": "Point",
                "coordinates": [
                    100.21149,
                    15.84312
                ]
            },
            "properties": {
                "station_name": "สะพานข้ามคลองเกรียงไกร",
                "rain_24h": 0,
                "province": "นครสวรรค์",
                "datetime": "2026-06-05 08:00"
            }
        },
        {
            "type": "Feature",
            "geometry": {
                "type": "Point",
                "coordinates": [
                    99.14688,
                    8.866693
                ]
            },
            "properties": {
                "station_name": "อบต.ตะปาน",
                "rain_24h": 0,
                "province": "สุราษฎร์ธานี",
                "datetime": "2026-06-05 08:00"
            }
        },
        {
            "type": "Feature",
            "geometry": {
                "type": "Point",
                "coordinates": [
                    98.48953,
                    8.744401
                ]
            },
            "properties": {
                "station_name": "รร.บ้านช้างเชื่อ",
                "rain_24h": 0,
                "province": "พังงา",
                "datetime": "2026-06-05 08:00"
            }
        },
        {
            "type": "Feature",
            "geometry": {
                "type": "Point",
                "coordinates": [
                    99.88109,
                    12.52973
                ]
            },
            "properties": {
                "station_name": "ที่ว่าการอำเภอหัวหิน",
                "rain_24h": 0,
                "province": "ประจวบคีรีขันธ์",
                "datetime": "2026-06-05 08:00"
            }
        },
        {
            "type": "Feature",
            "geometry": {
                "type": "Point",
                "coordinates": [
                    99.80438,
                    6.885783
                ]
            },
            "properties": {
                "station_name": "ละงู",
                "rain_24h": 0,
                "province": "สตูล",
                "datetime": "2026-06-05 08:00"
            }
        },
        {
            "type": "Feature",
            "geometry": {
                "type": "Point",
                "coordinates": [
                    99.65109,
                    7.568049
                ]
            },
            "properties": {
                "station_name": "คลองนางน้อย",
                "rain_24h": 0,
                "province": "ตรัง",
                "datetime": "2026-06-05 08:00"
            }
        },
        {
            "type": "Feature",
            "geometry": {
                "type": "Point",
                "coordinates": [
                    99.84201,
                    12.50849
                ]
            },
            "properties": {
                "station_name": "หัวหิน",
                "rain_24h": 0,
                "province": "ประจวบคีรีขันธ์",
                "datetime": "2026-06-05 08:00"
            }
        },
        {
            "type": "Feature",
            "geometry": {
                "type": "Point",
                "coordinates": [
                    99.91216,
                    12.669464
                ]
            },
            "properties": {
                "station_name": "ศูนย์ศึกษาและพัฒนาป่าไม้ห้วยทราย",
                "rain_24h": 0,
                "province": "เพชรบุรี",
                "datetime": "2026-06-05 08:00"
            }
        },
        {
            "type": "Feature",
            "geometry": {
                "type": "Point",
                "coordinates": [
                    103.736465,
                    18.063057
                ]
            },
            "properties": {
                "station_name": "อบต.ป่าแฝก",
                "rain_24h": 0,
                "province": "บึงกาฬ",
                "datetime": "2026-06-05 08:00"
            }
        },
        {
            "type": "Feature",
            "geometry": {
                "type": "Point",
                "coordinates": [
                    101.77143,
                    5.940152
                ]
            },
            "properties": {
                "station_name": "ที่ว่าการอำเภอสุคีริน",
                "rain_24h": 0,
                "province": "นราธิวาส",
                "datetime": "2026-06-05 08:00"
            }
        },
        {
            "type": "Feature",
            "geometry": {
                "type": "Point",
                "coordinates": [
                    101.50231,
                    6.222699
                ]
            },
            "properties": {
                "station_name": "หน่วยบริการประปาศรีสาคร (กปภ.สาขารือเสาะ)",
                "rain_24h": 0,
                "province": "นราธิวาส",
                "datetime": "2026-06-05 08:00"
            }
        },
        {
            "type": "Feature",
            "geometry": {
                "type": "Point",
                "coordinates": [
                    101.27359,
                    6.41084
                ]
            },
            "properties": {
                "station_name": "ที่ว่าการอำเภอกรงปินัง",
                "rain_24h": 0,
                "province": "ยะลา",
                "datetime": "2026-06-05 08:00"
            }
        },
        {
            "type": "Feature",
            "geometry": {
                "type": "Point",
                "coordinates": [
                    101.01929,
                    6.427112
                ]
            },
            "properties": {
                "station_name": "ที่ว่าการอำเภอกาบัง",
                "rain_24h": 0,
                "province": "ยะลา",
                "datetime": "2026-06-05 08:00"
            }
        },
        {
            "type": "Feature",
            "geometry": {
                "type": "Point",
                "coordinates": [
                    100.98261,
                    6.48017
                ]
            },
            "properties": {
                "station_name": "อบต.กาบัง",
                "rain_24h": 0,
                "province": "ยะลา",
                "datetime": "2026-06-05 08:00"
            }
        },
        {
            "type": "Feature",
            "geometry": {
                "type": "Point",
                "coordinates": [
                    101.2682,
                    6.2621
                ]
            },
            "properties": {
                "station_name": "บันนังสตา",
                "rain_24h": 0,
                "province": "ยะลา",
                "datetime": "2026-06-05 08:00"
            }
        },
        {
            "type": "Feature",
            "geometry": {
                "type": "Point",
                "coordinates": [
                    101.12604,
                    5.923793
                ]
            },
            "properties": {
                "station_name": "ชุมชนบ้านเหมือง",
                "rain_24h": 0,
                "province": "ยะลา",
                "datetime": "2026-06-05 08:00"
            }
        },
        {
            "type": "Feature",
            "geometry": {
                "type": "Point",
                "coordinates": [
                    100.10043,
                    7.37654
                ]
            },
            "properties": {
                "station_name": "สะพานข้ามคลองบ้านท่าวัง",
                "rain_24h": 0,
                "province": "พัทลุง",
                "datetime": "2026-06-05 08:00"
            }
        },
        {
            "type": "Feature",
            "geometry": {
                "type": "Point",
                "coordinates": [
                    100.57558,
                    13.85604
                ]
            },
            "properties": {
                "station_name": "อาคารเลขที่ ๙๐๑",
                "rain_24h": 0,
                "province": "กรุงเทพมหานคร",
                "datetime": "2026-06-05 08:00"
            }
        },
        {
            "type": "Feature",
            "geometry": {
                "type": "Point",
                "coordinates": [
                    101.16961,
                    6.577022
                ]
            },
            "properties": {
                "station_name": "ชุมชนบ้านควน 1",
                "rain_24h": 0,
                "province": "ยะลา",
                "datetime": "2026-06-05 08:00"
            }
        },
        {
            "type": "Feature",
            "geometry": {
                "type": "Point",
                "coordinates": [
                    101.19913,
                    6.576377
                ]
            },
            "properties": {
                "station_name": "ชุมชนบ้านควน 2",
                "rain_24h": 0,
                "province": "ยะลา",
                "datetime": "2026-06-05 08:00"
            }
        },
        {
            "type": "Feature",
            "geometry": {
                "type": "Point",
                "coordinates": [
                    101.259384,
                    6.537409
                ]
            },
            "properties": {
                "station_name": "โครงการชลประทานยะลา",
                "rain_24h": 0,
                "province": "ยะลา",
                "datetime": "2026-06-05 08:00"
            }
        },
        {
            "type": "Feature",
            "geometry": {
                "type": "Point",
                "coordinates": [
                    101.53407,
                    6.560128
                ]
            },
            "properties": {
                "station_name": "สถานีตำรวจภูธรกะพ้อ",
                "rain_24h": 0,
                "province": "ปัตตานี",
                "datetime": "2026-06-05 08:00"
            }
        },
        {
            "type": "Feature",
            "geometry": {
                "type": "Point",
                "coordinates": [
                    101.30672,
                    6.619128
                ]
            },
            "properties": {
                "station_name": "อบต.เขาตูม",
                "rain_24h": 0,
                "province": "ปัตตานี",
                "datetime": "2026-06-05 08:00"
            }
        },
        {
            "type": "Feature",
            "geometry": {
                "type": "Point",
                "coordinates": [
                    101.66755,
                    6.610449
                ]
            },
            "properties": {
                "station_name": "ที่ว่าการอำเภอไม้แก่น",
                "rain_24h": 0,
                "province": "ปัตตานี",
                "datetime": "2026-06-05 08:00"
            }
        },
        {
            "type": "Feature",
            "geometry": {
                "type": "Point",
                "coordinates": [
                    102.41904,
                    16.488869
                ]
            },
            "properties": {
                "station_name": "สะพานข้ามลำน้ำเชิญ (มิตรผลหนองเรือ)",
                "rain_24h": 0,
                "province": "ขอนแก่น",
                "datetime": "2026-06-05 08:00"
            }
        },
        {
            "type": "Feature",
            "geometry": {
                "type": "Point",
                "coordinates": [
                    101.60921,
                    6.673313
                ]
            },
            "properties": {
                "station_name": "อบต.มะนังดาลำ",
                "rain_24h": 0,
                "province": "ปัตตานี",
                "datetime": "2026-06-05 08:00"
            }
        },
        {
            "type": "Feature",
            "geometry": {
                "type": "Point",
                "coordinates": [
                    100.483665,
                    19.97528
                ]
            },
            "properties": {
                "station_name": "ห้วยผาตั้ง",
                "rain_24h": 0,
                "province": "เชียงราย",
                "datetime": "2026-06-05 08:00"
            }
        },
        {
            "type": "Feature",
            "geometry": {
                "type": "Point",
                "coordinates": [
                    101.30064,
                    6.764132
                ]
            },
            "properties": {
                "station_name": "ทต.ยะรัง",
                "rain_24h": 0,
                "province": "ปัตตานี",
                "datetime": "2026-06-05 08:00"
            }
        },
        {
            "type": "Feature",
            "geometry": {
                "type": "Point",
                "coordinates": [
                    101.42672,
                    6.617014
                ]
            },
            "properties": {
                "station_name": "สำนักงานเกษตรอำเภอทุ่งยางแดง",
                "rain_24h": 0,
                "province": "ปัตตานี",
                "datetime": "2026-06-05 08:00"
            }
        },
        {
            "type": "Feature",
            "geometry": {
                "type": "Point",
                "coordinates": [
                    100.600266,
                    18.584002
                ]
            },
            "properties": {
                "station_name": "น้ำสา",
                "rain_24h": 0,
                "province": "น่าน",
                "datetime": "2026-06-05 08:00"
            }
        },
        {
            "type": "Feature",
            "geometry": {
                "type": "Point",
                "coordinates": [
                    101.41407,
                    6.718131
                ]
            },
            "properties": {
                "station_name": "ทต.มายอ",
                "rain_24h": 0,
                "province": "ปัตตานี",
                "datetime": "2026-06-05 08:00"
            }
        },
        {
            "type": "Feature",
            "geometry": {
                "type": "Point",
                "coordinates": [
                    101.24637,
                    6.657902
                ]
            },
            "properties": {
                "station_name": "สถานีฟาร์มตัวอย่างฯ บ้านลุตง",
                "rain_24h": 0,
                "province": "ปัตตานี",
                "datetime": "2026-06-05 08:00"
            }
        },
        {
            "type": "Feature",
            "geometry": {
                "type": "Point",
                "coordinates": [
                    100.42431,
                    7.26145
                ]
            },
            "properties": {
                "station_name": "ปากรอ",
                "rain_24h": 0,
                "province": "สงขลา",
                "datetime": "2026-06-05 08:00"
            }
        },
        {
            "type": "Feature",
            "geometry": {
                "type": "Point",
                "coordinates": [
                    98.821014,
                    8.725811
                ]
            },
            "properties": {
                "station_name": "บ้านทับคริสต์",
                "rain_24h": 0,
                "province": "สุราษฎร์ธานี",
                "datetime": "2026-06-05 08:00"
            }
        },
        {
            "type": "Feature",
            "geometry": {
                "type": "Point",
                "coordinates": [
                    100.164276,
                    8.082119
                ]
            },
            "properties": {
                "station_name": "รร.วัดทายิการาม",
                "rain_24h": 0,
                "province": "นครศรีธรรมราช",
                "datetime": "2026-06-05 08:00"
            }
        },
        {
            "type": "Feature",
            "geometry": {
                "type": "Point",
                "coordinates": [
                    99.54378,
                    12.52944
                ]
            },
            "properties": {
                "station_name": "อบต.ห้วยสัตว์ใหญ่",
                "rain_24h": 0,
                "province": "ประจวบคีรีขันธ์",
                "datetime": "2026-06-05 08:00"
            }
        },
        {
            "type": "Feature",
            "geometry": {
                "type": "Point",
                "coordinates": [
                    99.91119,
                    12.38992
                ]
            },
            "properties": {
                "station_name": "ปราณบุรี",
                "rain_24h": 0,
                "province": "ประจวบคีรีขันธ์",
                "datetime": "2026-06-05 08:00"
            }
        },
        {
            "type": "Feature",
            "geometry": {
                "type": "Point",
                "coordinates": [
                    99.89328,
                    12.37836
                ]
            },
            "properties": {
                "station_name": "ทต.ปราณบุรี",
                "rain_24h": 0,
                "province": "ประจวบคีรีขันธ์",
                "datetime": "2026-06-05 08:00"
            }
        },
        {
            "type": "Feature",
            "geometry": {
                "type": "Point",
                "coordinates": [
                    99.75459,
                    11.80296
                ]
            },
            "properties": {
                "station_name": "อบต.เกาะหลัก",
                "rain_24h": 0,
                "province": "ประจวบคีรีขันธ์",
                "datetime": "2026-06-05 08:00"
            }
        },
        {
            "type": "Feature",
            "geometry": {
                "type": "Point",
                "coordinates": [
                    99.81754,
                    12.92212
                ]
            },
            "properties": {
                "station_name": "แก่งกระจาน",
                "rain_24h": 0,
                "province": "เพชรบุรี",
                "datetime": "2026-06-05 08:00"
            }
        },
        {
            "type": "Feature",
            "geometry": {
                "type": "Point",
                "coordinates": [
                    99.6842,
                    12.87273
                ]
            },
            "properties": {
                "station_name": "อบต.สองพี่น้อง",
                "rain_24h": 0,
                "province": "เพชรบุรี",
                "datetime": "2026-06-05 08:00"
            }
        },
        {
            "type": "Feature",
            "geometry": {
                "type": "Point",
                "coordinates": [
                    99.9418,
                    13.26553
                ]
            },
            "properties": {
                "station_name": "บางตะบูนและบางตะบูนออก",
                "rain_24h": 0,
                "province": "เพชรบุรี",
                "datetime": "2026-06-05 08:00"
            }
        },
        {
            "type": "Feature",
            "geometry": {
                "type": "Point",
                "coordinates": [
                    99.95349,
                    20.47149
                ]
            },
            "properties": {
                "station_name": "สะพานอูทูนอ่อง บ้านสบสาย",
                "rain_24h": 0,
                "province": "สาธารณรัฐแห่งสหภาพเมียนมา",
                "datetime": "2026-06-05 08:00"
            }
        },
        {
            "type": "Feature",
            "geometry": {
                "type": "Point",
                "coordinates": [
                    99.88048,
                    20.44454
                ]
            },
            "properties": {
                "station_name": "สะพานมิตรภาพแม่น้ำสายแห่งที่ 1",
                "rain_24h": 0,
                "province": "เชียงราย",
                "datetime": "2026-06-05 08:00"
            }
        },
        {
            "type": "Feature",
            "geometry": {
                "type": "Point",
                "coordinates": [
                    99.86921,
                    19.351414
                ]
            },
            "properties": {
                "station_name": "ที่ทำการอุทยานแห่งชาติแม่ปืม",
                "rain_24h": 0,
                "province": "พะเยา",
                "datetime": "2026-06-05 08:00"
            }
        },
        {
            "type": "Feature",
            "geometry": {
                "type": "Point",
                "coordinates": [
                    100.52861,
                    14.36913
                ]
            },
            "properties": {
                "station_name": "พระนครศรีอยุธยา",
                "rain_24h": 0,
                "province": "พระนครศรีอยุธยา",
                "datetime": "2026-06-05 08:00"
            }
        },
        {
            "type": "Feature",
            "geometry": {
                "type": "Point",
                "coordinates": [
                    99.91617,
                    13.04963
                ]
            },
            "properties": {
                "station_name": "ทต.บ้านลาด",
                "rain_24h": 0,
                "province": "เพชรบุรี",
                "datetime": "2026-06-05 08:00"
            }
        },
        {
            "type": "Feature",
            "geometry": {
                "type": "Point",
                "coordinates": [
                    100.111,
                    17.9085
                ]
            },
            "properties": {
                "station_name": "หน่วยจัดการต้นน้ำแม่พวก",
                "rain_24h": 0,
                "province": "แพร่",
                "datetime": "2026-06-05 08:00"
            }
        },
        {
            "type": "Feature",
            "geometry": {
                "type": "Point",
                "coordinates": [
                    99.89841,
                    12.96333
                ]
            },
            "properties": {
                "station_name": "ทต.ท่ายาง",
                "rain_24h": 0,
                "province": "เพชรบุรี",
                "datetime": "2026-06-05 08:00"
            }
        },
        {
            "type": "Feature",
            "geometry": {
                "type": "Point",
                "coordinates": [
                    100.89168,
                    14.2206
                ]
            },
            "properties": {
                "station_name": "คลองระพีพัฒน์แยกใต้ หนองเสือ",
                "rain_24h": 0,
                "province": "ปทุมธานี",
                "datetime": "2026-06-05 08:00"
            }
        },
        {
            "type": "Feature",
            "geometry": {
                "type": "Point",
                "coordinates": [
                    99.97034,
                    13.0146
                ]
            },
            "properties": {
                "station_name": "อบต.ดอนยาง",
                "rain_24h": 0,
                "province": "เพชรบุรี",
                "datetime": "2026-06-05 08:00"
            }
        },
        {
            "type": "Feature",
            "geometry": {
                "type": "Point",
                "coordinates": [
                    99.4638,
                    17.8275
                ]
            },
            "properties": {
                "station_name": "หน่วยศึกษาการพัฒนาการอนุรักษ์ต้นน้ำแม่สรอย",
                "rain_24h": 0,
                "province": "แพร่",
                "datetime": "2026-06-05 08:00"
            }
        },
        {
            "type": "Feature",
            "geometry": {
                "type": "Point",
                "coordinates": [
                    99.94393,
                    13.08562
                ]
            },
            "properties": {
                "station_name": "เมืองเพชรบุรี",
                "rain_24h": 0,
                "province": "เพชรบุรี",
                "datetime": "2026-06-05 08:00"
            }
        },
        {
            "type": "Feature",
            "geometry": {
                "type": "Point",
                "coordinates": [
                    99.95052,
                    13.19867
                ]
            },
            "properties": {
                "station_name": "อบต.บางครก",
                "rain_24h": 0,
                "province": "เพชรบุรี",
                "datetime": "2026-06-05 08:00"
            }
        },
        {
            "type": "Feature",
            "geometry": {
                "type": "Point",
                "coordinates": [
                    99.9836,
                    13.38362
                ]
            },
            "properties": {
                "station_name": "พระรามสอง",
                "rain_24h": 0,
                "province": "สมุทรสงคราม",
                "datetime": "2026-06-05 08:00"
            }
        },
        {
            "type": "Feature",
            "geometry": {
                "type": "Point",
                "coordinates": [
                    100.07884,
                    13.57563
                ]
            },
            "properties": {
                "station_name": "บ้านแพ้ว",
                "rain_24h": 0,
                "province": "สมุทรสาคร",
                "datetime": "2026-06-05 08:00"
            }
        },
        {
            "type": "Feature",
            "geometry": {
                "type": "Point",
                "coordinates": [
                    100.27499,
                    13.5178
                ]
            },
            "properties": {
                "station_name": "ปากแม่น้ำท่าจีน",
                "rain_24h": 0,
                "province": "สมุทรสาคร",
                "datetime": "2026-06-05 08:00"
            }
        },
        {
            "type": "Feature",
            "geometry": {
                "type": "Point",
                "coordinates": [
                    100.19283,
                    13.52146
                ]
            },
            "properties": {
                "station_name": "อบต.บางกระเจ้า",
                "rain_24h": 0,
                "province": "สมุทรสาคร",
                "datetime": "2026-06-05 08:00"
            }
        },
        {
            "type": "Feature",
            "geometry": {
                "type": "Point",
                "coordinates": [
                    100.36587,
                    13.58184
                ]
            },
            "properties": {
                "station_name": "คลองมหาชัย วัดพันท้ายนรสิงห์",
                "rain_24h": 0,
                "province": "สมุทรสาคร",
                "datetime": "2026-06-05 08:00"
            }
        },
        {
            "type": "Feature",
            "geometry": {
                "type": "Point",
                "coordinates": [
                    100.19817,
                    13.79217
                ]
            },
            "properties": {
                "station_name": "สะพานนครชัยศรี",
                "rain_24h": 0,
                "province": "นครปฐม",
                "datetime": "2026-06-05 08:00"
            }
        },
        {
            "type": "Feature",
            "geometry": {
                "type": "Point",
                "coordinates": [
                    100.29086,
                    13.88207
                ]
            },
            "properties": {
                "station_name": "คลองนราภิรมย์ (บางเลน)",
                "rain_24h": 0,
                "province": "นครปฐม",
                "datetime": "2026-06-05 08:00"
            }
        },
        {
            "type": "Feature",
            "geometry": {
                "type": "Point",
                "coordinates": [
                    100.17979,
                    14.01636
                ]
            },
            "properties": {
                "station_name": "บางเลน",
                "rain_24h": 0,
                "province": "นครปฐม",
                "datetime": "2026-06-05 08:00"
            }
        },
        {
            "type": "Feature",
            "geometry": {
                "type": "Point",
                "coordinates": [
                    100.44969,
                    14.498097
                ]
            },
            "properties": {
                "station_name": "สะพานป่าโมก",
                "rain_24h": 0,
                "province": "อ่างทอง",
                "datetime": "2026-06-05 08:00"
            }
        },
        {
            "type": "Feature",
            "geometry": {
                "type": "Point",
                "coordinates": [
                    100.19051,
                    13.79036
                ]
            },
            "properties": {
                "station_name": "อบต.นครชัยศรี",
                "rain_24h": 0,
                "province": "นครปฐม",
                "datetime": "2026-06-05 08:00"
            }
        },
        {
            "type": "Feature",
            "geometry": {
                "type": "Point",
                "coordinates": [
                    99.98091,
                    14.00326
                ]
            },
            "properties": {
                "station_name": "อบต.กำแพงแสน",
                "rain_24h": 0,
                "province": "นครปฐม",
                "datetime": "2026-06-05 08:00"
            }
        },
        {
            "type": "Feature",
            "geometry": {
                "type": "Point",
                "coordinates": [
                    99.96114,
                    14.38422
                ]
            },
            "properties": {
                "station_name": "ทต.เจดีย์",
                "rain_24h": 0,
                "province": "สุพรรณบุรี",
                "datetime": "2026-06-05 08:00"
            }
        },
        {
            "type": "Feature",
            "geometry": {
                "type": "Point",
                "coordinates": [
                    100.36791,
                    7.779112
                ]
            },
            "properties": {
                "station_name": "สะพานคลองปากแตระ ชุมชนทะเลสาบสงขลา",
                "rain_24h": 0,
                "province": "สงขลา",
                "datetime": "2026-06-05 08:00"
            }
        },
        {
            "type": "Feature",
            "geometry": {
                "type": "Point",
                "coordinates": [
                    99.96896,
                    13.3319
                ]
            },
            "properties": {
                "station_name": " สะพานข้ามคลองโคน",
                "rain_24h": 0,
                "province": "สมุทรสงคราม",
                "datetime": "2026-06-05 08:00"
            }
        },
        {
            "type": "Feature",
            "geometry": {
                "type": "Point",
                "coordinates": [
                    100.09592,
                    14.75138
                ]
            },
            "properties": {
                "station_name": "สามชุก",
                "rain_24h": 0,
                "province": "สุพรรณบุรี",
                "datetime": "2026-06-05 08:00"
            }
        },
        {
            "type": "Feature",
            "geometry": {
                "type": "Point",
                "coordinates": [
                    100.05017,
                    14.21608
                ]
            },
            "properties": {
                "station_name": "สองพี่น้อง",
                "rain_24h": 0,
                "province": "สุพรรณบุรี",
                "datetime": "2026-06-05 08:00"
            }
        },
        {
            "type": "Feature",
            "geometry": {
                "type": "Point",
                "coordinates": [
                    101.459,
                    16.1253
                ]
            },
            "properties": {
                "station_name": "หน่วยพิทักษ์ป่าหินเหิบ",
                "rain_24h": 0,
                "province": "ชัยภูมิ",
                "datetime": "2026-06-05 08:00"
            }
        },
        {
            "type": "Feature",
            "geometry": {
                "type": "Point",
                "coordinates": [
                    99.57508,
                    14.85733
                ]
            },
            "properties": {
                "station_name": "อบต.นิคมกระเสียว",
                "rain_24h": 0,
                "province": "สุพรรณบุรี",
                "datetime": "2026-06-05 08:00"
            }
        },
        {
            "type": "Feature",
            "geometry": {
                "type": "Point",
                "coordinates": [
                    99.66543,
                    14.83506
                ]
            },
            "properties": {
                "station_name": "ด่านช้าง",
                "rain_24h": 0,
                "province": "สุพรรณบุรี",
                "datetime": "2026-06-05 08:00"
            }
        },
        {
            "type": "Feature",
            "geometry": {
                "type": "Point",
                "coordinates": [
                    99.63503,
                    14.58883
                ]
            },
            "properties": {
                "station_name": "อบต.ทุ่งกระบ่ำ",
                "rain_24h": 0,
                "province": "กาญจนบุรี",
                "datetime": "2026-06-05 08:00"
            }
        },
        {
            "type": "Feature",
            "geometry": {
                "type": "Point",
                "coordinates": [
                    99.80394,
                    13.961979
                ]
            },
            "properties": {
                "station_name": "อบต.ดอนชะเอม",
                "rain_24h": 0,
                "province": "กาญจนบุรี",
                "datetime": "2026-06-05 08:00"
            }
        },
        {
            "type": "Feature",
            "geometry": {
                "type": "Point",
                "coordinates": [
                    99.50888,
                    14.30445
                ]
            },
            "properties": {
                "station_name": "อบต.บ่อพลอย",
                "rain_24h": 0,
                "province": "กาญจนบุรี",
                "datetime": "2026-06-05 08:00"
            }
        },
        {
            "type": "Feature",
            "geometry": {
                "type": "Point",
                "coordinates": [
                    99.45824,
                    13.983793
                ]
            },
            "properties": {
                "station_name": "อบต.หนองหญ้า",
                "rain_24h": 0,
                "province": "กาญจนบุรี",
                "datetime": "2026-06-05 08:00"
            }
        },
        {
            "type": "Feature",
            "geometry": {
                "type": "Point",
                "coordinates": [
                    99.67017,
                    13.43388
                ]
            },
            "properties": {
                "station_name": "บ้านหนองตาจอน",
                "rain_24h": 0,
                "province": "ราชบุรี",
                "datetime": "2026-06-05 08:00"
            }
        },
        {
            "type": "Feature",
            "geometry": {
                "type": "Point",
                "coordinates": [
                    100.97773,
                    14.412701
                ]
            },
            "properties": {
                "station_name": "หน่วยพิทักษ์อุทยานแห่งชาติที่ นสล. 1 (ซับปลากั้ง)",
                "rain_24h": 0,
                "province": "สระบุรี",
                "datetime": "2026-06-05 08:00"
            }
        },
        {
            "type": "Feature",
            "geometry": {
                "type": "Point",
                "coordinates": [
                    100.31901,
                    13.97396
                ]
            },
            "properties": {
                "station_name": "คลองพระพิมล (ไทรน้อย)",
                "rain_24h": 0,
                "province": "นนทบุรี",
                "datetime": "2026-06-05 08:00"
            }
        },
        {
            "type": "Feature",
            "geometry": {
                "type": "Point",
                "coordinates": [
                    100.80058,
                    13.66949
                ]
            },
            "properties": {
                "station_name": "คลองจระเข้ใหญ่ บางเสาธง (วัดศรีวารีน้อย)",
                "rain_24h": 0,
                "province": "สมุทรปราการ",
                "datetime": "2026-06-05 08:00"
            }
        },
        {
            "type": "Feature",
            "geometry": {
                "type": "Point",
                "coordinates": [
                    99.8164,
                    13.63308
                ]
            },
            "properties": {
                "station_name": "โพธาราม",
                "rain_24h": 0,
                "province": "ราชบุรี",
                "datetime": "2026-06-05 08:00"
            }
        },
        {
            "type": "Feature",
            "geometry": {
                "type": "Point",
                "coordinates": [
                    101.33528,
                    15.787842
                ]
            },
            "properties": {
                "station_name": "หน่วยจัดการต้นน้ำลำเจา",
                "rain_24h": 0,
                "province": "ชัยภูมิ",
                "datetime": "2026-06-05 08:00"
            }
        },
        {
            "type": "Feature",
            "geometry": {
                "type": "Point",
                "coordinates": [
                    100.53756,
                    13.54701
                ]
            },
            "properties": {
                "station_name": "อบต.แหลมฟ้าผ่า",
                "rain_24h": 0,
                "province": "สมุทรปราการ",
                "datetime": "2026-06-05 08:00"
            }
        },
        {
            "type": "Feature",
            "geometry": {
                "type": "Point",
                "coordinates": [
                    101.84176,
                    14.324904
                ]
            },
            "properties": {
                "station_name": "หน่วยจัดการต้นน้ำคลองยาง",
                "rain_24h": 0,
                "province": "ปราจีนบุรี",
                "datetime": "2026-06-05 08:00"
            }
        },
        {
            "type": "Feature",
            "geometry": {
                "type": "Point",
                "coordinates": [
                    99.36224,
                    13.56008
                ]
            },
            "properties": {
                "station_name": "สวนผึ้ง",
                "rain_24h": 0,
                "province": "ราชบุรี",
                "datetime": "2026-06-05 08:00"
            }
        },
        {
            "type": "Feature",
            "geometry": {
                "type": "Point",
                "coordinates": [
                    100.83071,
                    16.36589
                ]
            },
            "properties": {
                "station_name": "ลานกีฬา อบต.วังโป่ง",
                "rain_24h": 0,
                "province": "เพชรบูรณ์",
                "datetime": "2026-06-05 08:00"
            }
        },
        {
            "type": "Feature",
            "geometry": {
                "type": "Point",
                "coordinates": [
                    101.16249,
                    15.43789
                ]
            },
            "properties": {
                "station_name": "อบต.ศรีเทพ",
                "rain_24h": 0,
                "province": "เพชรบูรณ์",
                "datetime": "2026-06-05 08:00"
            }
        },
        {
            "type": "Feature",
            "geometry": {
                "type": "Point",
                "coordinates": [
                    101.36601,
                    17.0035
                ]
            },
            "properties": {
                "station_name": "อบต.ตาดกลอย",
                "rain_24h": 0,
                "province": "เพชรบูรณ์",
                "datetime": "2026-06-05 08:00"
            }
        },
        {
            "type": "Feature",
            "geometry": {
                "type": "Point",
                "coordinates": [
                    101.23835,
                    16.88067
                ]
            },
            "properties": {
                "station_name": "อบต.หล่มเก่า",
                "rain_24h": 0,
                "province": "เพชรบูรณ์",
                "datetime": "2026-06-05 08:00"
            }
        },
        {
            "type": "Feature",
            "geometry": {
                "type": "Point",
                "coordinates": [
                    101.25364,
                    16.77138
                ]
            },
            "properties": {
                "station_name": "ทต.ตาลเดี่ยว",
                "rain_24h": 0,
                "province": "เพชรบูรณ์",
                "datetime": "2026-06-05 08:00"
            }
        },
        {
            "type": "Feature",
            "geometry": {
                "type": "Point",
                "coordinates": [
                    100.566,
                    16.16959
                ]
            },
            "properties": {
                "station_name": "ทต.ทับคล้อ",
                "rain_24h": 0,
                "province": "พิจิตร",
                "datetime": "2026-06-05 08:00"
            }
        },
        {
            "type": "Feature",
            "geometry": {
                "type": "Point",
                "coordinates": [
                    100.05419,
                    16.39612
                ]
            },
            "properties": {
                "station_name": "อบต.หนองโสน",
                "rain_24h": 0,
                "province": "พิจิตร",
                "datetime": "2026-06-05 08:00"
            }
        },
        {
            "type": "Feature",
            "geometry": {
                "type": "Point",
                "coordinates": [
                    100.26013,
                    16.09378
                ]
            },
            "properties": {
                "station_name": "ทต.โพทะเล",
                "rain_24h": 0,
                "province": "พิจิตร",
                "datetime": "2026-06-05 08:00"
            }
        },
        {
            "type": "Feature",
            "geometry": {
                "type": "Point",
                "coordinates": [
                    100.37354,
                    16.04947
                ]
            },
            "properties": {
                "station_name": "เทศบาลตำบลหอไกร",
                "rain_24h": 0,
                "province": "พิจิตร",
                "datetime": "2026-06-05 08:00"
            }
        },
        {
            "type": "Feature",
            "geometry": {
                "type": "Point",
                "coordinates": [
                    100.41396,
                    16.27034
                ]
            },
            "properties": {
                "station_name": "ตะพานหิน",
                "rain_24h": 0,
                "province": "พิจิตร",
                "datetime": "2026-06-05 08:00"
            }
        },
        {
            "type": "Feature",
            "geometry": {
                "type": "Point",
                "coordinates": [
                    100.53869,
                    16.40616
                ]
            },
            "properties": {
                "station_name": "อบต.วังทรายพูน",
                "rain_24h": 0,
                "province": "พิจิตร",
                "datetime": "2026-06-05 08:00"
            }
        },
        {
            "type": "Feature",
            "geometry": {
                "type": "Point",
                "coordinates": [
                    100.12127,
                    16.95387
                ]
            },
            "properties": {
                "station_name": "คลองผันน้ำยม-น่าน2",
                "rain_24h": 0,
                "province": "พิษณุโลก",
                "datetime": "2026-06-05 08:00"
            }
        },
        {
            "type": "Feature",
            "geometry": {
                "type": "Point",
                "coordinates": [
                    100.19216,
                    17.02166
                ]
            },
            "properties": {
                "station_name": "อบต.พรหมพิราม",
                "rain_24h": 0,
                "province": "พิษณุโลก",
                "datetime": "2026-06-05 08:00"
            }
        },
        {
            "type": "Feature",
            "geometry": {
                "type": "Point",
                "coordinates": [
                    99.82516,
                    17.3168
                ]
            },
            "properties": {
                "station_name": "โรงฆ่าสัตว์ ทม.สวรรคโลก",
                "rain_24h": 0,
                "province": "สุโขทัย",
                "datetime": "2026-06-05 08:00"
            }
        },
        {
            "type": "Feature",
            "geometry": {
                "type": "Point",
                "coordinates": [
                    99.87267,
                    17.16822
                ]
            },
            "properties": {
                "station_name": "ทต.ศรีสำโรง",
                "rain_24h": 0,
                "province": "สุโขทัย",
                "datetime": "2026-06-05 08:00"
            }
        },
        {
            "type": "Feature",
            "geometry": {
                "type": "Point",
                "coordinates": [
                    99.75878,
                    17.51711
                ]
            },
            "properties": {
                "station_name": "ศรีสัชนาลัย",
                "rain_24h": 0,
                "province": "สุโขทัย",
                "datetime": "2026-06-05 08:00"
            }
        },
        {
            "type": "Feature",
            "geometry": {
                "type": "Point",
                "coordinates": [
                    99.81973,
                    17.02127
                ]
            },
            "properties": {
                "station_name": "เมืองสุโขทัย",
                "rain_24h": 0,
                "province": "สุโขทัย",
                "datetime": "2026-06-05 08:00"
            }
        },
        {
            "type": "Feature",
            "geometry": {
                "type": "Point",
                "coordinates": [
                    99.81417,
                    17.014
                ]
            },
            "properties": {
                "station_name": "อบต.ปากแคว",
                "rain_24h": 0,
                "province": "สุโขทัย",
                "datetime": "2026-06-05 08:00"
            }
        },
        {
            "type": "Feature",
            "geometry": {
                "type": "Point",
                "coordinates": [
                    99.80898,
                    16.29505
                ]
            },
            "properties": {
                "station_name": "ทต.ทุ่งทราย",
                "rain_24h": 0,
                "province": "กำแพงเพชร",
                "datetime": "2026-06-05 08:00"
            }
        },
        {
            "type": "Feature",
            "geometry": {
                "type": "Point",
                "coordinates": [
                    99.88005,
                    16.61806
                ]
            },
            "properties": {
                "station_name": "อบต.ลานกระบือ",
                "rain_24h": 0,
                "province": "กำแพงเพชร",
                "datetime": "2026-06-05 08:00"
            }
        },
        {
            "type": "Feature",
            "geometry": {
                "type": "Point",
                "coordinates": [
                    99.57577,
                    16.65376
                ]
            },
            "properties": {
                "station_name": "ทต.พรานกระต่าย",
                "rain_24h": 0,
                "province": "กำแพงเพชร",
                "datetime": "2026-06-05 08:00"
            }
        },
        {
            "type": "Feature",
            "geometry": {
                "type": "Point",
                "coordinates": [
                    99.70895,
                    16.20864
                ]
            },
            "properties": {
                "station_name": "อบต.คลองขลุง",
                "rain_24h": 0,
                "province": "กำแพงเพชร",
                "datetime": "2026-06-05 08:00"
            }
        },
        {
            "type": "Feature",
            "geometry": {
                "type": "Point",
                "coordinates": [
                    98.958786,
                    19.507929
                ]
            },
            "properties": {
                "station_name": "สะพานแม่น้ำปิง",
                "rain_24h": 0,
                "province": "เชียงใหม่",
                "datetime": "2026-06-05 08:00"
            }
        },
        {
            "type": "Feature",
            "geometry": {
                "type": "Point",
                "coordinates": [
                    98.96989,
                    19.2718
                ]
            },
            "properties": {
                "station_name": "สถานีวิจัยต้นน้ำดอยเชียงดาว",
                "rain_24h": 0,
                "province": "เชียงใหม่",
                "datetime": "2026-06-05 08:00"
            }
        },
        {
            "type": "Feature",
            "geometry": {
                "type": "Point",
                "coordinates": [
                    99.4194,
                    15.91465
                ]
            },
            "properties": {
                "station_name": "สะพานต้นน้ำ (เกาะแก้ว-ตลิ่งสูง)",
                "rain_24h": 0,
                "province": "กำแพงเพชร",
                "datetime": "2026-06-05 08:00"
            }
        },
        {
            "type": "Feature",
            "geometry": {
                "type": "Point",
                "coordinates": [
                    99.4704,
                    15.90176
                ]
            },
            "properties": {
                "station_name": "สะพานแม่วงก์",
                "rain_24h": 0,
                "province": "กำแพงเพชร",
                "datetime": "2026-06-05 08:00"
            }
        },
        {
            "type": "Feature",
            "geometry": {
                "type": "Point",
                "coordinates": [
                    99.82462,
                    15.97907
                ]
            },
            "properties": {
                "station_name": "อบต.สลกบาตร",
                "rain_24h": 0,
                "province": "กำแพงเพชร",
                "datetime": "2026-06-05 08:00"
            }
        },
        {
            "type": "Feature",
            "geometry": {
                "type": "Point",
                "coordinates": [
                    99.8603,
                    16.06475
                ]
            },
            "properties": {
                "station_name": "ขาณุวรลักษบุรี",
                "rain_24h": 0,
                "province": "กำแพงเพชร",
                "datetime": "2026-06-05 08:00"
            }
        },
        {
            "type": "Feature",
            "geometry": {
                "type": "Point",
                "coordinates": [
                    99.94509,
                    16.43571
                ]
            },
            "properties": {
                "station_name": "อบต.หนองไม้กอง",
                "rain_24h": 0,
                "province": "กำแพงเพชร",
                "datetime": "2026-06-05 08:00"
            }
        },
        {
            "type": "Feature",
            "geometry": {
                "type": "Point",
                "coordinates": [
                    99.51866,
                    16.47816
                ]
            },
            "properties": {
                "station_name": "เมืองกำแพงเพชร (P7A)",
                "rain_24h": 0,
                "province": "กำแพงเพชร",
                "datetime": "2026-06-05 08:00"
            }
        },
        {
            "type": "Feature",
            "geometry": {
                "type": "Point",
                "coordinates": [
                    99.36729,
                    16.4348
                ]
            },
            "properties": {
                "station_name": "ชุมชนหนองปิ้งไก่",
                "rain_24h": 0,
                "province": "กำแพงเพชร",
                "datetime": "2026-06-05 08:00"
            }
        },
        {
            "type": "Feature",
            "geometry": {
                "type": "Point",
                "coordinates": [
                    99.60969,
                    15.30362
                ]
            },
            "properties": {
                "station_name": "อบต.ห้วยคต",
                "rain_24h": 0,
                "province": "อุทัยธานี",
                "datetime": "2026-06-05 08:00"
            }
        },
        {
            "type": "Feature",
            "geometry": {
                "type": "Point",
                "coordinates": [
                    99.53976,
                    15.47279
                ]
            },
            "properties": {
                "station_name": "อบต.ลานสัก",
                "rain_24h": 0,
                "province": "อุทัยธานี",
                "datetime": "2026-06-05 08:00"
            }
        },
        {
            "type": "Feature",
            "geometry": {
                "type": "Point",
                "coordinates": [
                    99.93845,
                    15.36227
                ]
            },
            "properties": {
                "station_name": "ทต.หนองขาหย่าง",
                "rain_24h": 0,
                "province": "อุทัยธานี",
                "datetime": "2026-06-05 08:00"
            }
        },
        {
            "type": "Feature",
            "geometry": {
                "type": "Point",
                "coordinates": [
                    99.84505,
                    15.38896
                ]
            },
            "properties": {
                "station_name": "ทต.หนองฉาง",
                "rain_24h": 0,
                "province": "อุทัยธานี",
                "datetime": "2026-06-05 08:00"
            }
        },
        {
            "type": "Feature",
            "geometry": {
                "type": "Point",
                "coordinates": [
                    99.86514,
                    15.58538
                ]
            },
            "properties": {
                "station_name": "ทต.สว่างอารมณ์",
                "rain_24h": 0,
                "province": "อุทัยธานี",
                "datetime": "2026-06-05 08:00"
            }
        },
        {
            "type": "Feature",
            "geometry": {
                "type": "Point",
                "coordinates": [
                    99.89484,
                    15.45764
                ]
            },
            "properties": {
                "station_name": "ทต.ทัพทัน",
                "rain_24h": 0,
                "province": "อุทัยธานี",
                "datetime": "2026-06-05 08:00"
            }
        },
        {
            "type": "Feature",
            "geometry": {
                "type": "Point",
                "coordinates": [
                    100.04418,
                    15.37086
                ]
            },
            "properties": {
                "station_name": "เมืองอุทัยธานี",
                "rain_24h": 0,
                "province": "อุทัยธานี",
                "datetime": "2026-06-05 08:00"
            }
        },
        {
            "type": "Feature",
            "geometry": {
                "type": "Point",
                "coordinates": [
                    99.41808,
                    15.84175
                ]
            },
            "properties": {
                "station_name": "สะพานแม่เล่ย์",
                "rain_24h": 0,
                "province": "นครสวรรค์",
                "datetime": "2026-06-05 08:00"
            }
        },
        {
            "type": "Feature",
            "geometry": {
                "type": "Point",
                "coordinates": [
                    99.54588,
                    15.78101
                ]
            },
            "properties": {
                "station_name": "อบต.แม่วงก์",
                "rain_24h": 0,
                "province": "นครสวรรค์",
                "datetime": "2026-06-05 08:00"
            }
        },
        {
            "type": "Feature",
            "geometry": {
                "type": "Point",
                "coordinates": [
                    99.65321,
                    15.7832
                ]
            },
            "properties": {
                "station_name": "คลองกลาง",
                "rain_24h": 0,
                "province": "นครสวรรค์",
                "datetime": "2026-06-05 08:00"
            }
        },
        {
            "type": "Feature",
            "geometry": {
                "type": "Point",
                "coordinates": [
                    100.47483,
                    15.63248
                ]
            },
            "properties": {
                "station_name": "ทต.ท่าตะโก",
                "rain_24h": 0,
                "province": "นครสวรรค์",
                "datetime": "2026-06-05 08:00"
            }
        },
        {
            "type": "Feature",
            "geometry": {
                "type": "Point",
                "coordinates": [
                    99.99173,
                    15.93713
                ]
            },
            "properties": {
                "station_name": "อบต.บางตาหงาย",
                "rain_24h": 0,
                "province": "นครสวรรค์",
                "datetime": "2026-06-05 08:00"
            }
        },
        {
            "type": "Feature",
            "geometry": {
                "type": "Point",
                "coordinates": [
                    100.59734,
                    15.87077
                ]
            },
            "properties": {
                "station_name": "ทต.หนองบัว",
                "rain_24h": 0,
                "province": "นครสวรรค์",
                "datetime": "2026-06-05 08:00"
            }
        },
        {
            "type": "Feature",
            "geometry": {
                "type": "Point",
                "coordinates": [
                    100.26481,
                    15.86923
                ]
            },
            "properties": {
                "station_name": "ชุมแสง",
                "rain_24h": 0,
                "province": "นครสวรรค์",
                "datetime": "2026-06-05 08:00"
            }
        },
        {
            "type": "Feature",
            "geometry": {
                "type": "Point",
                "coordinates": [
                    100.0709,
                    15.55312
                ]
            },
            "properties": {
                "station_name": "ทต.โกรกพระ",
                "rain_24h": 0,
                "province": "นครสวรรค์",
                "datetime": "2026-06-05 08:00"
            }
        },
        {
            "type": "Feature",
            "geometry": {
                "type": "Point",
                "coordinates": [
                    99.849495,
                    17.801989
                ]
            },
            "properties": {
                "station_name": "สะพานน้ำแม่สิน",
                "rain_24h": 0,
                "province": "แพร่",
                "datetime": "2026-06-05 08:00"
            }
        },
        {
            "type": "Feature",
            "geometry": {
                "type": "Point",
                "coordinates": [
                    98.215,
                    19.59061
                ]
            },
            "properties": {
                "station_name": "อบต.ปางมะผ้า",
                "rain_24h": 0,
                "province": "แม่ฮ่องสอน",
                "datetime": "2026-06-05 08:00"
            }
        },
        {
            "type": "Feature",
            "geometry": {
                "type": "Point",
                "coordinates": [
                    98.3931,
                    19.37003
                ]
            },
            "properties": {
                "station_name": "บ้านสันติชล",
                "rain_24h": 0,
                "province": "แม่ฮ่องสอน",
                "datetime": "2026-06-05 08:00"
            }
        },
        {
            "type": "Feature",
            "geometry": {
                "type": "Point",
                "coordinates": [
                    97.96665,
                    19.36703
                ]
            },
            "properties": {
                "station_name": "เมืองแม่ฮ่องสอน",
                "rain_24h": 0,
                "province": "แม่ฮ่องสอน",
                "datetime": "2026-06-05 08:00"
            }
        },
        {
            "type": "Feature",
            "geometry": {
                "type": "Point",
                "coordinates": [
                    97.9657,
                    19.33375
                ]
            },
            "properties": {
                "station_name": "อบต.ปางหมู",
                "rain_24h": 0,
                "province": "แม่ฮ่องสอน",
                "datetime": "2026-06-05 08:00"
            }
        },
        {
            "type": "Feature",
            "geometry": {
                "type": "Point",
                "coordinates": [
                    100.30565,
                    19.92229
                ]
            },
            "properties": {
                "station_name": "ทต.ยางฮอม",
                "rain_24h": 0,
                "province": "เชียงราย",
                "datetime": "2026-06-05 08:00"
            }
        },
        {
            "type": "Feature",
            "geometry": {
                "type": "Point",
                "coordinates": [
                    100.06739,
                    20.24011
                ]
            },
            "properties": {
                "station_name": "ทต.โยนก",
                "rain_24h": 0,
                "province": "เชียงราย",
                "datetime": "2026-06-05 08:00"
            }
        },
        {
            "type": "Feature",
            "geometry": {
                "type": "Point",
                "coordinates": [
                    100.12121,
                    20.2197
                ]
            },
            "properties": {
                "station_name": "เชียงแสน",
                "rain_24h": 0,
                "province": "เชียงราย",
                "datetime": "2026-06-05 08:00"
            }
        },
        {
            "type": "Feature",
            "geometry": {
                "type": "Point",
                "coordinates": [
                    99.74109,
                    19.56152
                ]
            },
            "properties": {
                "station_name": "สุสานคริสเตียน",
                "rain_24h": 0,
                "province": "เชียงราย",
                "datetime": "2026-06-05 08:00"
            }
        },
        {
            "type": "Feature",
            "geometry": {
                "type": "Point",
                "coordinates": [
                    100.732,
                    19.2556
                ]
            },
            "properties": {
                "station_name": "หน่วยจัดการต้นน้ำน้ำหุย",
                "rain_24h": 0,
                "province": "น่าน",
                "datetime": "2026-06-05 08:00"
            }
        },
        {
            "type": "Feature",
            "geometry": {
                "type": "Point",
                "coordinates": [
                    100.75231,
                    19.184416
                ]
            },
            "properties": {
                "station_name": "หน่วยจัดการต้นน้ำน้ำแหน",
                "rain_24h": 0,
                "province": "น่าน",
                "datetime": "2026-06-05 08:00"
            }
        },
        {
            "type": "Feature",
            "geometry": {
                "type": "Point",
                "coordinates": [
                    100.900406,
                    19.390013
                ]
            },
            "properties": {
                "station_name": "หน่วยจัดการต้นน้ำน้ำเลียบ",
                "rain_24h": 0,
                "province": "น่าน",
                "datetime": "2026-06-05 08:00"
            }
        },
        {
            "type": "Feature",
            "geometry": {
                "type": "Point",
                "coordinates": [
                    100.40289,
                    20.25734
                ]
            },
            "properties": {
                "station_name": "ทต.เวียง",
                "rain_24h": 0,
                "province": "เชียงราย",
                "datetime": "2026-06-05 08:00"
            }
        },
        {
            "type": "Feature",
            "geometry": {
                "type": "Point",
                "coordinates": [
                    102.07798,
                    17.405943
                ]
            },
            "properties": {
                "station_name": "อ่างเก็บน้ำห้วยลาดกั่ว",
                "rain_24h": 0,
                "province": "หนองบัวลำภู",
                "datetime": "2026-06-05 08:00"
            }
        },
        {
            "type": "Feature",
            "geometry": {
                "type": "Point",
                "coordinates": [
                    99.77892,
                    19.82637
                ]
            },
            "properties": {
                "station_name": "เมืองเชียงราย",
                "rain_24h": 0,
                "province": "เชียงราย",
                "datetime": "2026-06-05 08:00"
            }
        },
        {
            "type": "Feature",
            "geometry": {
                "type": "Point",
                "coordinates": [
                    99.8765,
                    19.13212
                ]
            },
            "properties": {
                "station_name": "อบต.แม่ใส",
                "rain_24h": 0,
                "province": "พะเยา",
                "datetime": "2026-06-05 08:00"
            }
        },
        {
            "type": "Feature",
            "geometry": {
                "type": "Point",
                "coordinates": [
                    101.17954,
                    19.18075
                ]
            },
            "properties": {
                "station_name": "ที่ทำการอุทยานแห่งชาติขุนน่าน",
                "rain_24h": 0,
                "province": "น่าน",
                "datetime": "2026-06-05 08:00"
            }
        },
        {
            "type": "Feature",
            "geometry": {
                "type": "Point",
                "coordinates": [
                    100.8171,
                    18.85971
                ]
            },
            "properties": {
                "station_name": "ภูเพียง",
                "rain_24h": 0,
                "province": "น่าน",
                "datetime": "2026-06-05 08:00"
            }
        },
        {
            "type": "Feature",
            "geometry": {
                "type": "Point",
                "coordinates": [
                    100.87583,
                    19.38663
                ]
            },
            "properties": {
                "station_name": "ที่ว่าการอำเภอทุ่งช้าง",
                "rain_24h": 0,
                "province": "น่าน",
                "datetime": "2026-06-05 08:00"
            }
        },
        {
            "type": "Feature",
            "geometry": {
                "type": "Point",
                "coordinates": [
                    100.80258,
                    19.09611
                ]
            },
            "properties": {
                "station_name": "ท่าวังผา",
                "rain_24h": 0,
                "province": "น่าน",
                "datetime": "2026-06-05 08:00"
            }
        },
        {
            "type": "Feature",
            "geometry": {
                "type": "Point",
                "coordinates": [
                    101.1722,
                    18.7226
                ]
            },
            "properties": {
                "station_name": "หน่วยจัดการต้นน้ำน้ำฟ้า",
                "rain_24h": 0,
                "province": "น่าน",
                "datetime": "2026-06-05 08:00"
            }
        },
        {
            "type": "Feature",
            "geometry": {
                "type": "Point",
                "coordinates": [
                    100.91779,
                    19.22249
                ]
            },
            "properties": {
                "station_name": "อบต.ไชยวัฒนา",
                "rain_24h": 0,
                "province": "น่าน",
                "datetime": "2026-06-05 08:00"
            }
        },
        {
            "type": "Feature",
            "geometry": {
                "type": "Point",
                "coordinates": [
                    100.71825,
                    18.981392
                ]
            },
            "properties": {
                "station_name": "หน่วยจัดการต้นน้ำน้ำงาว",
                "rain_24h": 0,
                "province": "น่าน",
                "datetime": "2026-06-05 08:00"
            }
        },
        {
            "type": "Feature",
            "geometry": {
                "type": "Point",
                "coordinates": [
                    100.9928,
                    18.67822
                ]
            },
            "properties": {
                "station_name": "รพสต.หมอเมือง",
                "rain_24h": 0,
                "province": "น่าน",
                "datetime": "2026-06-05 08:00"
            }
        },
        {
            "type": "Feature",
            "geometry": {
                "type": "Point",
                "coordinates": [
                    100.67626,
                    18.86399
                ]
            },
            "properties": {
                "station_name": "บ้านกาใส",
                "rain_24h": 0,
                "province": "น่าน",
                "datetime": "2026-06-05 08:00"
            }
        },
        {
            "type": "Feature",
            "geometry": {
                "type": "Point",
                "coordinates": [
                    100.47599,
                    18.18908
                ]
            },
            "properties": {
                "station_name": "หน่วยจัดการต้นน้ำเมืองลี",
                "rain_24h": 0,
                "province": "น่าน",
                "datetime": "2026-06-05 08:00"
            }
        },
        {
            "type": "Feature",
            "geometry": {
                "type": "Point",
                "coordinates": [
                    100.6814,
                    17.72534
                ]
            },
            "properties": {
                "station_name": "ทต.น้ำปาด",
                "rain_24h": 0,
                "province": "อุตรดิตถ์",
                "datetime": "2026-06-05 08:00"
            }
        },
        {
            "type": "Feature",
            "geometry": {
                "type": "Point",
                "coordinates": [
                    102.09343,
                    17.147
                ]
            },
            "properties": {
                "station_name": "อ่างเก็บน้ำห้วยซับม่วง",
                "rain_24h": 0,
                "province": "หนองบัวลำภู",
                "datetime": "2026-06-05 08:00"
            }
        },
        {
            "type": "Feature",
            "geometry": {
                "type": "Point",
                "coordinates": [
                    100.63106,
                    17.94566
                ]
            },
            "properties": {
                "station_name": "อบต.ท่าแฝก",
                "rain_24h": 0,
                "province": "อุตรดิตถ์",
                "datetime": "2026-06-05 08:00"
            }
        },
        {
            "type": "Feature",
            "geometry": {
                "type": "Point",
                "coordinates": [
                    99.21733,
                    19.34
                ]
            },
            "properties": {
                "station_name": "ชุมชนบ้านห้วยทราย",
                "rain_24h": 0,
                "province": "เชียงใหม่",
                "datetime": "2026-06-05 08:00"
            }
        },
        {
            "type": "Feature",
            "geometry": {
                "type": "Point",
                "coordinates": [
                    99.36204,
                    20.06092
                ]
            },
            "properties": {
                "station_name": "แม่อาย",
                "rain_24h": 0,
                "province": "เชียงใหม่",
                "datetime": "2026-06-05 08:00"
            }
        },
        {
            "type": "Feature",
            "geometry": {
                "type": "Point",
                "coordinates": [
                    100.63438,
                    13.92245
                ]
            },
            "properties": {
                "station_name": "คลองลาดพร้าว ท้ายปตร.คลอง2",
                "rain_24h": 0,
                "province": "กรุงเทพมหานคร",
                "datetime": "2026-06-05 08:00"
            }
        },
        {
            "type": "Feature",
            "geometry": {
                "type": "Point",
                "coordinates": [
                    99.80992,
                    19.09579
                ]
            },
            "properties": {
                "station_name": "อ่างเก็บน้ำแม่นาเรือ",
                "rain_24h": 0,
                "province": "พะเยา",
                "datetime": "2026-06-05 08:00"
            }
        },
        {
            "type": "Feature",
            "geometry": {
                "type": "Point",
                "coordinates": [
                    100.38127,
                    13.69158
                ]
            },
            "properties": {
                "station_name": "คลองภาษีเจริญ เพชรเกษม69",
                "rain_24h": 0,
                "province": "กรุงเทพมหานคร",
                "datetime": "2026-06-05 08:00"
            }
        },
        {
            "type": "Feature",
            "geometry": {
                "type": "Point",
                "coordinates": [
                    99.21811,
                    19.94109
                ]
            },
            "properties": {
                "station_name": "อบต.เวียง",
                "rain_24h": 0,
                "province": "เชียงใหม่",
                "datetime": "2026-06-05 08:00"
            }
        },
        {
            "type": "Feature",
            "geometry": {
                "type": "Point",
                "coordinates": [
                    99.03968,
                    19.16175
                ]
            },
            "properties": {
                "station_name": "เขื่อนแม่งัดสมบูรณ์ชล",
                "rain_24h": 0,
                "province": "เชียงใหม่",
                "datetime": "2026-06-05 08:00"
            }
        },
        {
            "type": "Feature",
            "geometry": {
                "type": "Point",
                "coordinates": [
                    98.62848,
                    17.03675
                ]
            },
            "properties": {
                "station_name": "ที่ทำการอุทยานแห่งชาติขุนพะวอ",
                "rain_24h": 0,
                "province": "ตาก",
                "datetime": "2026-06-05 08:00"
            }
        },
        {
            "type": "Feature",
            "geometry": {
                "type": "Point",
                "coordinates": [
                    97.987366,
                    19.425798
                ]
            },
            "properties": {
                "station_name": "ที่ทำการอุทยานแห่งชาติถ้ำปลา-น้ำตกผาเสื่อ",
                "rain_24h": 0,
                "province": "แม่ฮ่องสอน",
                "datetime": "2026-06-05 08:00"
            }
        },
        {
            "type": "Feature",
            "geometry": {
                "type": "Point",
                "coordinates": [
                    97.98124,
                    19.353477
                ]
            },
            "properties": {
                "station_name": "ที่ทำการอุทยานแห่งชาติน้ำตกแม่สุรินทร์",
                "rain_24h": 0,
                "province": "แม่ฮ่องสอน",
                "datetime": "2026-06-05 08:00"
            }
        },
        {
            "type": "Feature",
            "geometry": {
                "type": "Point",
                "coordinates": [
                    104.40855,
                    16.543028
                ]
            },
            "properties": {
                "station_name": "อบต.น้ำเที่ยง",
                "rain_24h": 0,
                "province": "มุกดาหาร",
                "datetime": "2026-06-05 08:00"
            }
        },
        {
            "type": "Feature",
            "geometry": {
                "type": "Point",
                "coordinates": [
                    104.918945,
                    16.3184
                ]
            },
            "properties": {
                "station_name": "ทต.ดอนตาล",
                "rain_24h": 0,
                "province": "มุกดาหาร",
                "datetime": "2026-06-05 08:00"
            }
        },
        {
            "type": "Feature",
            "geometry": {
                "type": "Point",
                "coordinates": [
                    104.61866,
                    16.908855
                ]
            },
            "properties": {
                "station_name": "อบต.พุ่มแก",
                "rain_24h": 0,
                "province": "นครพนม",
                "datetime": "2026-06-05 08:00"
            }
        },
        {
            "type": "Feature",
            "geometry": {
                "type": "Point",
                "coordinates": [
                    100.63952,
                    13.93183
                ]
            },
            "properties": {
                "station_name": "คลองลาดพร้าว ปากคลอง2สายใต้",
                "rain_24h": 0,
                "province": "กรุงเทพมหานคร",
                "datetime": "2026-06-05 08:00"
            }
        },
        {
            "type": "Feature",
            "geometry": {
                "type": "Point",
                "coordinates": [
                    98.25081,
                    19.516542
                ]
            },
            "properties": {
                "station_name": "หน่วยจัดการต้นน้ำปางมะผ้า",
                "rain_24h": 0,
                "province": "แม่ฮ่องสอน",
                "datetime": "2026-06-05 08:00"
            }
        },
        {
            "type": "Feature",
            "geometry": {
                "type": "Point",
                "coordinates": [
                    103.984375,
                    17.372957
                ]
            },
            "properties": {
                "station_name": "ทต.บัวสว่าง",
                "rain_24h": 0,
                "province": "สกลนคร",
                "datetime": "2026-06-05 08:00"
            }
        },
        {
            "type": "Feature",
            "geometry": {
                "type": "Point",
                "coordinates": [
                    99.50745,
                    19.72628
                ]
            },
            "properties": {
                "station_name": "สะพานน้ำแม่สรวย",
                "rain_24h": 0,
                "province": "เชียงราย",
                "datetime": "2026-06-05 08:00"
            }
        },
        {
            "type": "Feature",
            "geometry": {
                "type": "Point",
                "coordinates": [
                    103.472946,
                    16.19945
                ]
            },
            "properties": {
                "station_name": "เหนือฝายวังยาง",
                "rain_24h": 0,
                "province": "กาฬสินธุ์",
                "datetime": "2026-06-05 08:00"
            }
        },
        {
            "type": "Feature",
            "geometry": {
                "type": "Point",
                "coordinates": [
                    103.473595,
                    16.200163
                ]
            },
            "properties": {
                "station_name": "ท้ายฝายวังยาง",
                "rain_24h": 0,
                "province": "กาฬสินธุ์",
                "datetime": "2026-06-05 08:00"
            }
        },
        {
            "type": "Feature",
            "geometry": {
                "type": "Point",
                "coordinates": [
                    103.78899,
                    16.172537
                ]
            },
            "properties": {
                "station_name": "เหนือฝายร้อยเอ็ด",
                "rain_24h": 0,
                "province": "ร้อยเอ็ด",
                "datetime": "2026-06-05 08:00"
            }
        },
        {
            "type": "Feature",
            "geometry": {
                "type": "Point",
                "coordinates": [
                    97.9965,
                    19.1923
                ]
            },
            "properties": {
                "station_name": "หน่วยพิทักษ์อุทยานแห่งชาติที่ สร.4 (น้ำตกผาบ่อง)",
                "rain_24h": 0,
                "province": "แม่ฮ่องสอน",
                "datetime": "2026-06-05 08:00"
            }
        },
        {
            "type": "Feature",
            "geometry": {
                "type": "Point",
                "coordinates": [
                    103.788994,
                    16.172539
                ]
            },
            "properties": {
                "station_name": "ท้ายฝายร้อยเอ็ด",
                "rain_24h": 0,
                "province": "ร้อยเอ็ด",
                "datetime": "2026-06-05 08:00"
            }
        },
        {
            "type": "Feature",
            "geometry": {
                "type": "Point",
                "coordinates": [
                    103.91759,
                    15.754146
                ]
            },
            "properties": {
                "station_name": "อบต.หนองหมื่นถ่าน",
                "rain_24h": 0,
                "province": "ร้อยเอ็ด",
                "datetime": "2026-06-05 08:00"
            }
        },
        {
            "type": "Feature",
            "geometry": {
                "type": "Point",
                "coordinates": [
                    99.3704,
                    19.727201
                ]
            },
            "properties": {
                "station_name": "หน่วยจัดการต้นน้ำแม่ตาช้าง",
                "rain_24h": 0,
                "province": "เชียงราย",
                "datetime": "2026-06-05 08:00"
            }
        },
        {
            "type": "Feature",
            "geometry": {
                "type": "Point",
                "coordinates": [
                    104.11497,
                    16.127342
                ]
            },
            "properties": {
                "station_name": "อบต.โพธิ์ทอง",
                "rain_24h": 0,
                "province": "ร้อยเอ็ด",
                "datetime": "2026-06-05 08:00"
            }
        },
        {
            "type": "Feature",
            "geometry": {
                "type": "Point",
                "coordinates": [
                    103.66426,
                    16.054749
                ]
            },
            "properties": {
                "station_name": "วัดเวฬุวัน",
                "rain_24h": 0,
                "province": "ร้อยเอ็ด",
                "datetime": "2026-06-05 08:00"
            }
        },
        {
            "type": "Feature",
            "geometry": {
                "type": "Point",
                "coordinates": [
                    98.6722,
                    19.5768
                ]
            },
            "properties": {
                "station_name": "หน่วยจัดการต้นน้ำขุนแม่แตง (หน่วยย่อย)",
                "rain_24h": 0,
                "province": "เชียงใหม่",
                "datetime": "2026-06-05 08:00"
            }
        },
        {
            "type": "Feature",
            "geometry": {
                "type": "Point",
                "coordinates": [
                    99.39881,
                    19.077423
                ]
            },
            "properties": {
                "station_name": "ที่ทำการอุทยานแห่งชาติขุนแจ",
                "rain_24h": 0,
                "province": "เชียงราย",
                "datetime": "2026-06-05 08:00"
            }
        },
        {
            "type": "Feature",
            "geometry": {
                "type": "Point",
                "coordinates": [
                    103.06297,
                    16.243155
                ]
            },
            "properties": {
                "station_name": "ทต.โกสุมพิสัย",
                "rain_24h": 0,
                "province": "มหาสารคาม",
                "datetime": "2026-06-05 08:00"
            }
        },
        {
            "type": "Feature",
            "geometry": {
                "type": "Point",
                "coordinates": [
                    103.31909,
                    16.008125
                ]
            },
            "properties": {
                "station_name": "อบต.ดอนหว่าน",
                "rain_24h": 0,
                "province": "มหาสารคาม",
                "datetime": "2026-06-05 08:00"
            }
        },
        {
            "type": "Feature",
            "geometry": {
                "type": "Point",
                "coordinates": [
                    103.210594,
                    17.889437
                ]
            },
            "properties": {
                "station_name": "รร. บ้านหนองแอก",
                "rain_24h": 0,
                "province": "หนองคาย",
                "datetime": "2026-06-05 08:00"
            }
        },
        {
            "type": "Feature",
            "geometry": {
                "type": "Point",
                "coordinates": [
                    101.11004,
                    17.089487
                ]
            },
            "properties": {
                "station_name": "อบต.กกสะทอน",
                "rain_24h": 0,
                "province": "เลย",
                "datetime": "2026-06-05 08:00"
            }
        },
        {
            "type": "Feature",
            "geometry": {
                "type": "Point",
                "coordinates": [
                    103.39913,
                    17.080841
                ]
            },
            "properties": {
                "station_name": "ทต.บะยาว",
                "rain_24h": 0,
                "province": "อุดรธานี",
                "datetime": "2026-06-05 08:00"
            }
        },
        {
            "type": "Feature",
            "geometry": {
                "type": "Point",
                "coordinates": [
                    102.79712,
                    17.4824
                ]
            },
            "properties": {
                "station_name": "เมืองอุดรธานี",
                "rain_24h": 0,
                "province": "อุดรธานี",
                "datetime": "2026-06-05 08:00"
            }
        },
        {
            "type": "Feature",
            "geometry": {
                "type": "Point",
                "coordinates": [
                    102.788666,
                    17.412952
                ]
            },
            "properties": {
                "station_name": "เทศบาลนครอุดรธานี",
                "rain_24h": 0,
                "province": "อุดรธานี",
                "datetime": "2026-06-05 08:00"
            }
        },
        {
            "type": "Feature",
            "geometry": {
                "type": "Point",
                "coordinates": [
                    102.56997,
                    16.096888
                ]
            },
            "properties": {
                "station_name": "ชนบท",
                "rain_24h": 0,
                "province": "ขอนแก่น",
                "datetime": "2026-06-05 08:00"
            }
        },
        {
            "type": "Feature",
            "geometry": {
                "type": "Point",
                "coordinates": [
                    100.699066,
                    18.410538
                ]
            },
            "properties": {
                "station_name": "ศูนย์ศึกษาการพัฒนาการอนุรักษ์ต้นน้ำลุ่มน้ำน่าน",
                "rain_24h": 0,
                "province": "น่าน",
                "datetime": "2026-06-05 08:00"
            }
        },
        {
            "type": "Feature",
            "geometry": {
                "type": "Point",
                "coordinates": [
                    98.22409,
                    18.48307
                ]
            },
            "properties": {
                "station_name": "หน่วยจัดการต้นน้ำปางหินฝน",
                "rain_24h": 0,
                "province": "เชียงใหม่",
                "datetime": "2026-06-05 08:00"
            }
        },
        {
            "type": "Feature",
            "geometry": {
                "type": "Point",
                "coordinates": [
                    102.70675,
                    16.116573
                ]
            },
            "properties": {
                "station_name": "อบต.บ้านไผ่",
                "rain_24h": 0,
                "province": "ขอนแก่น",
                "datetime": "2026-06-05 08:00"
            }
        },
        {
            "type": "Feature",
            "geometry": {
                "type": "Point",
                "coordinates": [
                    102.92321,
                    16.748283
                ]
            },
            "properties": {
                "station_name": "อบต.พังทุย",
                "rain_24h": 0,
                "province": "ขอนแก่น",
                "datetime": "2026-06-05 08:00"
            }
        },
        {
            "type": "Feature",
            "geometry": {
                "type": "Point",
                "coordinates": [
                    102.02479,
                    17.320805
                ]
            },
            "properties": {
                "station_name": "อบต.วังทอง",
                "rain_24h": 0,
                "province": "หนองบัวลำภู",
                "datetime": "2026-06-05 08:00"
            }
        },
        {
            "type": "Feature",
            "geometry": {
                "type": "Point",
                "coordinates": [
                    104.6422,
                    15.788056
                ]
            },
            "properties": {
                "station_name": "ทต.ไก่คำ",
                "rain_24h": 0,
                "province": "อำนาจเจริญ",
                "datetime": "2026-06-05 08:00"
            }
        },
        {
            "type": "Feature",
            "geometry": {
                "type": "Point",
                "coordinates": [
                    102.2319,
                    16.116644
                ]
            },
            "properties": {
                "station_name": "อบต.ช่องสามหมอ",
                "rain_24h": 0,
                "province": "ชัยภูมิ",
                "datetime": "2026-06-05 08:00"
            }
        },
        {
            "type": "Feature",
            "geometry": {
                "type": "Point",
                "coordinates": [
                    101.42755,
                    15.906905
                ]
            },
            "properties": {
                "station_name": "อบต.เจาทอง",
                "rain_24h": 0,
                "province": "ชัยภูมิ",
                "datetime": "2026-06-05 08:00"
            }
        },
        {
            "type": "Feature",
            "geometry": {
                "type": "Point",
                "coordinates": [
                    100.58746,
                    13.85402
                ]
            },
            "properties": {
                "station_name": "คลองลาดพร้าว วัดบางบัว",
                "rain_24h": 0,
                "province": "กรุงเทพมหานคร",
                "datetime": "2026-06-05 08:00"
            }
        },
        {
            "type": "Feature",
            "geometry": {
                "type": "Point",
                "coordinates": [
                    101.93234,
                    16.199257
                ]
            },
            "properties": {
                "station_name": "อบต.โนนกอก",
                "rain_24h": 0,
                "province": "ชัยภูมิ",
                "datetime": "2026-06-05 08:00"
            }
        },
        {
            "type": "Feature",
            "geometry": {
                "type": "Point",
                "coordinates": [
                    104.34191,
                    15.418964
                ]
            },
            "properties": {
                "station_name": "ชุมชนบ้านตูม",
                "rain_24h": 0,
                "province": "ยโสธร",
                "datetime": "2026-06-05 08:00"
            }
        },
        {
            "type": "Feature",
            "geometry": {
                "type": "Point",
                "coordinates": [
                    105.03393,
                    15.977654
                ]
            },
            "properties": {
                "station_name": "ทต.หนองผือ",
                "rain_24h": 0,
                "province": "อุบลราชธานี",
                "datetime": "2026-06-05 08:00"
            }
        },
        {
            "type": "Feature",
            "geometry": {
                "type": "Point",
                "coordinates": [
                    103.74278,
                    14.56651
                ]
            },
            "properties": {
                "station_name": "อบต.บ้านจารย์",
                "rain_24h": 0,
                "province": "สุรินทร์",
                "datetime": "2026-06-05 08:00"
            }
        },
        {
            "type": "Feature",
            "geometry": {
                "type": "Point",
                "coordinates": [
                    103.37887,
                    14.875494
                ]
            },
            "properties": {
                "station_name": "เมืองสุรินทร์",
                "rain_24h": 0,
                "province": "สุรินทร์",
                "datetime": "2026-06-05 08:00"
            }
        },
        {
            "type": "Feature",
            "geometry": {
                "type": "Point",
                "coordinates": [
                    102.84723,
                    14.395698
                ]
            },
            "properties": {
                "station_name": "อบต.ละหานทราย",
                "rain_24h": 0,
                "province": "บุรีรัมย์",
                "datetime": "2026-06-05 08:00"
            }
        },
        {
            "type": "Feature",
            "geometry": {
                "type": "Point",
                "coordinates": [
                    102.49513,
                    14.587118
                ]
            },
            "properties": {
                "station_name": "ทต.ดอนอะราง",
                "rain_24h": 0,
                "province": "บุรีรัมย์",
                "datetime": "2026-06-05 08:00"
            }
        },
        {
            "type": "Feature",
            "geometry": {
                "type": "Point",
                "coordinates": [
                    102.66769,
                    14.592325
                ]
            },
            "properties": {
                "station_name": "บ้านโคกพลวง",
                "rain_24h": 0,
                "province": "บุรีรัมย์",
                "datetime": "2026-06-05 08:00"
            }
        },
        {
            "type": "Feature",
            "geometry": {
                "type": "Point",
                "coordinates": [
                    103.10239,
                    15.411959
                ]
            },
            "properties": {
                "station_name": "เหนือฝายยางบ้านเขว้า",
                "rain_24h": 0,
                "province": "บุรีรัมย์",
                "datetime": "2026-06-05 08:00"
            }
        },
        {
            "type": "Feature",
            "geometry": {
                "type": "Point",
                "coordinates": [
                    99.82603,
                    19.09644
                ]
            },
            "properties": {
                "station_name": "อ่างเก็บน้ำวิทยาลัยเกษตรและเทคโนโลยีพะเยา",
                "rain_24h": 0,
                "province": "พะเยา",
                "datetime": "2026-06-05 08:00"
            }
        },
        {
            "type": "Feature",
            "geometry": {
                "type": "Point",
                "coordinates": [
                    99.8426,
                    19.05976
                ]
            },
            "properties": {
                "station_name": "อ่างเก็บน้ำห้วยถ้ำ",
                "rain_24h": 0,
                "province": "พะเยา",
                "datetime": "2026-06-05 08:00"
            }
        },
        {
            "type": "Feature",
            "geometry": {
                "type": "Point",
                "coordinates": [
                    103.10376,
                    15.411031
                ]
            },
            "properties": {
                "station_name": "ท้ายฝายยางบ้านเขว้า",
                "rain_24h": 0,
                "province": "บุรีรัมย์",
                "datetime": "2026-06-05 08:00"
            }
        },
        {
            "type": "Feature",
            "geometry": {
                "type": "Point",
                "coordinates": [
                    102.84444,
                    15.18158
                ]
            },
            "properties": {
                "station_name": "อบต.ตลาดไทร",
                "rain_24h": 0,
                "province": "นครราชสีมา",
                "datetime": "2026-06-05 08:00"
            }
        },
        {
            "type": "Feature",
            "geometry": {
                "type": "Point",
                "coordinates": [
                    102.68456,
                    15.286626
                ]
            },
            "properties": {
                "station_name": "ชุมพวง",
                "rain_24h": 0,
                "province": "นครราชสีมา",
                "datetime": "2026-06-05 08:00"
            }
        },
        {
            "type": "Feature",
            "geometry": {
                "type": "Point",
                "coordinates": [
                    102.71913,
                    15.386576
                ]
            },
            "properties": {
                "station_name": "ท้ายฝายชุมพวง",
                "rain_24h": 0,
                "province": "นครราชสีมา",
                "datetime": "2026-06-05 08:00"
            }
        },
        {
            "type": "Feature",
            "geometry": {
                "type": "Point",
                "coordinates": [
                    99.28488,
                    18.5359
                ]
            },
            "properties": {
                "station_name": "อ่างเก็บน้ำห้วยแม่ป่าข่า",
                "rain_24h": 0,
                "province": "ลำพูน",
                "datetime": "2026-06-05 08:00"
            }
        },
        {
            "type": "Feature",
            "geometry": {
                "type": "Point",
                "coordinates": [
                    102.63896,
                    15.278483
                ]
            },
            "properties": {
                "station_name": "อบต.โบสถ์",
                "rain_24h": 0,
                "province": "นครราชสีมา",
                "datetime": "2026-06-05 08:00"
            }
        },
        {
            "type": "Feature",
            "geometry": {
                "type": "Point",
                "coordinates": [
                    102.4462,
                    15.212035
                ]
            },
            "properties": {
                "station_name": "อบต.สัมฤทธิ์",
                "rain_24h": 0,
                "province": "นครราชสีมา",
                "datetime": "2026-06-05 08:00"
            }
        },
        {
            "type": "Feature",
            "geometry": {
                "type": "Point",
                "coordinates": [
                    102.50156,
                    15.227763
                ]
            },
            "properties": {
                "station_name": "เหนือฝายพิมาย",
                "rain_24h": 0,
                "province": "นครราชสีมา",
                "datetime": "2026-06-05 08:00"
            }
        },
        {
            "type": "Feature",
            "geometry": {
                "type": "Point",
                "coordinates": [
                    101.98731,
                    14.72926
                ]
            },
            "properties": {
                "station_name": "อบต.ตะคุ",
                "rain_24h": 0,
                "province": "นครราชสีมา",
                "datetime": "2026-06-05 08:00"
            }
        },
        {
            "type": "Feature",
            "geometry": {
                "type": "Point",
                "coordinates": [
                    102.48168,
                    13.705885
                ]
            },
            "properties": {
                "station_name": "คลองพรหมโหด",
                "rain_24h": 0,
                "province": "สระแก้ว",
                "datetime": "2026-06-05 08:00"
            }
        },
        {
            "type": "Feature",
            "geometry": {
                "type": "Point",
                "coordinates": [
                    102.05431,
                    13.809573
                ]
            },
            "properties": {
                "station_name": "เมืองสระแก้ว",
                "rain_24h": 0,
                "province": "สระแก้ว",
                "datetime": "2026-06-05 08:00"
            }
        },
        {
            "type": "Feature",
            "geometry": {
                "type": "Point",
                "coordinates": [
                    98.84405,
                    18.25546
                ]
            },
            "properties": {
                "station_name": "อ่างเก็บน้ำทุ่งม่าน",
                "rain_24h": 0,
                "province": "ลำพูน",
                "datetime": "2026-06-05 08:00"
            }
        },
        {
            "type": "Feature",
            "geometry": {
                "type": "Point",
                "coordinates": [
                    98.70883,
                    18.3069
                ]
            },
            "properties": {
                "station_name": "อ่างเก็บน้ำห้วยหนองสูน",
                "rain_24h": 0,
                "province": "ลำพูน",
                "datetime": "2026-06-05 08:00"
            }
        },
        {
            "type": "Feature",
            "geometry": {
                "type": "Point",
                "coordinates": [
                    101.80991,
                    14.06948
                ]
            },
            "properties": {
                "station_name": "รพสต.บ้านโคกอุดม",
                "rain_24h": 0,
                "province": "ปราจีนบุรี",
                "datetime": "2026-06-05 08:00"
            }
        },
        {
            "type": "Feature",
            "geometry": {
                "type": "Point",
                "coordinates": [
                    100.99399,
                    13.478582
                ]
            },
            "properties": {
                "station_name": "ทต.ท่าข้าม",
                "rain_24h": 0,
                "province": "ฉะเชิงเทรา",
                "datetime": "2026-06-05 08:00"
            }
        },
        {
            "type": "Feature",
            "geometry": {
                "type": "Point",
                "coordinates": [
                    101.00111,
                    13.54901
                ]
            },
            "properties": {
                "station_name": "บางปะกง",
                "rain_24h": 0,
                "province": "ฉะเชิงเทรา",
                "datetime": "2026-06-05 08:00"
            }
        },
        {
            "type": "Feature",
            "geometry": {
                "type": "Point",
                "coordinates": [
                    100.40951,
                    20.10053
                ]
            },
            "properties": {
                "station_name": "อ่างเก็บน้ำม่วงชุม",
                "rain_24h": 0,
                "province": "เชียงราย",
                "datetime": "2026-06-05 08:00"
            }
        },
        {
            "type": "Feature",
            "geometry": {
                "type": "Point",
                "coordinates": [
                    100.83237,
                    18.89904
                ]
            },
            "properties": {
                "station_name": "อ่างเก็บน้ำห้วยหวะ",
                "rain_24h": 0,
                "province": "น่าน",
                "datetime": "2026-06-05 08:00"
            }
        },
        {
            "type": "Feature",
            "geometry": {
                "type": "Point",
                "coordinates": [
                    100.970276,
                    13.905334
                ]
            },
            "properties": {
                "station_name": "อบต.ดอนฉิมพลี",
                "rain_24h": 0,
                "province": "ฉะเชิงเทรา",
                "datetime": "2026-06-05 08:00"
            }
        },
        {
            "type": "Feature",
            "geometry": {
                "type": "Point",
                "coordinates": [
                    100.9666,
                    13.83819
                ]
            },
            "properties": {
                "station_name": "ปากคลองพระองค์เจ้าฯ (บางน้ำเปรี้ยว)",
                "rain_24h": 0,
                "province": "ฉะเชิงเทรา",
                "datetime": "2026-06-05 08:00"
            }
        },
        {
            "type": "Feature",
            "geometry": {
                "type": "Point",
                "coordinates": [
                    102.45929,
                    12.677164
                ]
            },
            "properties": {
                "station_name": "ทต.หนองบอน",
                "rain_24h": 0,
                "province": "ตราด",
                "datetime": "2026-06-05 08:00"
            }
        },
        {
            "type": "Feature",
            "geometry": {
                "type": "Point",
                "coordinates": [
                    102.30374,
                    13.14231
                ]
            },
            "properties": {
                "station_name": "อบต.สะตอน",
                "rain_24h": 0,
                "province": "จันทบุรี",
                "datetime": "2026-06-05 08:00"
            }
        },
        {
            "type": "Feature",
            "geometry": {
                "type": "Point",
                "coordinates": [
                    100.853,
                    18.75228
                ]
            },
            "properties": {
                "station_name": "อ่างเก็บน้ำน้ำเกี๋ยน",
                "rain_24h": 0,
                "province": "น่าน",
                "datetime": "2026-06-05 08:00"
            }
        },
        {
            "type": "Feature",
            "geometry": {
                "type": "Point",
                "coordinates": [
                    101.356445,
                    13.001899
                ]
            },
            "properties": {
                "station_name": "อบต.หนองไร่",
                "rain_24h": 0,
                "province": "ระยอง",
                "datetime": "2026-06-05 08:00"
            }
        },
        {
            "type": "Feature",
            "geometry": {
                "type": "Point",
                "coordinates": [
                    101.30044,
                    12.706833
                ]
            },
            "properties": {
                "station_name": "บ้านค่าย",
                "rain_24h": 0,
                "province": "ระยอง",
                "datetime": "2026-06-05 08:00"
            }
        },
        {
            "type": "Feature",
            "geometry": {
                "type": "Point",
                "coordinates": [
                    101.48823,
                    13.2417
                ]
            },
            "properties": {
                "station_name": "อบต.บ่อทอง",
                "rain_24h": 0,
                "province": "ชลบุรี",
                "datetime": "2026-06-05 08:00"
            }
        },
        {
            "type": "Feature",
            "geometry": {
                "type": "Point",
                "coordinates": [
                    100.97621,
                    12.698579
                ]
            },
            "properties": {
                "station_name": "อบต.พลูตาหลวง",
                "rain_24h": 0,
                "province": "ชลบุรี",
                "datetime": "2026-06-05 08:00"
            }
        },
        {
            "type": "Feature",
            "geometry": {
                "type": "Point",
                "coordinates": [
                    100.43863,
                    13.79965
                ]
            },
            "properties": {
                "station_name": "คลองมหาสวัสดิ บางกรวย-สวนผัก",
                "rain_24h": 0,
                "province": "กรุงเทพมหานคร",
                "datetime": "2026-06-05 08:00"
            }
        },
        {
            "type": "Feature",
            "geometry": {
                "type": "Point",
                "coordinates": [
                    101.14549,
                    14.84867
                ]
            },
            "properties": {
                "station_name": "อบต.วังม่วง",
                "rain_24h": 0,
                "province": "สระบุรี",
                "datetime": "2026-06-05 08:00"
            }
        },
        {
            "type": "Feature",
            "geometry": {
                "type": "Point",
                "coordinates": [
                    100.13674,
                    18.30968
                ]
            },
            "properties": {
                "station_name": "อ่างเก็บน้ำห้วยยอย",
                "rain_24h": 0,
                "province": "แพร่",
                "datetime": "2026-06-05 08:00"
            }
        },
        {
            "type": "Feature",
            "geometry": {
                "type": "Point",
                "coordinates": [
                    100.01039,
                    14.96964
                ]
            },
            "properties": {
                "station_name": "ทต.หันคา",
                "rain_24h": 0,
                "province": "ชัยนาท",
                "datetime": "2026-06-05 08:00"
            }
        },
        {
            "type": "Feature",
            "geometry": {
                "type": "Point",
                "coordinates": [
                    100.25129,
                    15.13217
                ]
            },
            "properties": {
                "station_name": "ทต.สรรพยา",
                "rain_24h": 0,
                "province": "ชัยนาท",
                "datetime": "2026-06-05 08:00"
            }
        },
        {
            "type": "Feature",
            "geometry": {
                "type": "Point",
                "coordinates": [
                    100.04493,
                    15.2584
                ]
            },
            "properties": {
                "station_name": "ทต.วัดสิงห์",
                "rain_24h": 0,
                "province": "ชัยนาท",
                "datetime": "2026-06-05 08:00"
            }
        },
        {
            "type": "Feature",
            "geometry": {
                "type": "Point",
                "coordinates": [
                    100.08173,
                    15.31006
                ]
            },
            "properties": {
                "station_name": "ทต.คุ้งสำเภา",
                "rain_24h": 0,
                "province": "ชัยนาท",
                "datetime": "2026-06-05 08:00"
            }
        },
        {
            "type": "Feature",
            "geometry": {
                "type": "Point",
                "coordinates": [
                    100.08347,
                    15.25029
                ]
            },
            "properties": {
                "station_name": "สะพานธรรมจักร(วัดธรรมามูล)",
                "rain_24h": 0,
                "province": "ชัยนาท",
                "datetime": "2026-06-05 08:00"
            }
        },
        {
            "type": "Feature",
            "geometry": {
                "type": "Point",
                "coordinates": [
                    100.07824,
                    15.225
                ]
            },
            "properties": {
                "station_name": "สะพานคง-ศุข ศรีสวัสดิ์",
                "rain_24h": 0,
                "province": "ชัยนาท",
                "datetime": "2026-06-05 08:00"
            }
        },
        {
            "type": "Feature",
            "geometry": {
                "type": "Point",
                "coordinates": [
                    100.68131,
                    15.18496
                ]
            },
            "properties": {
                "station_name": "อบต.ชอนสารเดช",
                "rain_24h": 0,
                "province": "ลพบุรี",
                "datetime": "2026-06-05 08:00"
            }
        },
        {
            "type": "Feature",
            "geometry": {
                "type": "Point",
                "coordinates": [
                    101.16389,
                    15.19934
                ]
            },
            "properties": {
                "station_name": "อบต.ท่ามะนาว",
                "rain_24h": 0,
                "province": "ลพบุรี",
                "datetime": "2026-06-05 08:00"
            }
        },
        {
            "type": "Feature",
            "geometry": {
                "type": "Point",
                "coordinates": [
                    102.936676,
                    14.247101
                ]
            },
            "properties": {
                "station_name": "รพ.สต.ราษฎร์รักแดน",
                "rain_24h": 0,
                "province": "บุรีรัมย์",
                "datetime": "2026-06-05 08:00"
            }
        },
        {
            "type": "Feature",
            "geometry": {
                "type": "Point",
                "coordinates": [
                    104.39277,
                    16.923117
                ]
            },
            "properties": {
                "station_name": "ที่พักสงฆ์ถ้ำตาชาย",
                "rain_24h": 0,
                "province": "นครพนม",
                "datetime": "2026-06-05 08:00"
            }
        },
        {
            "type": "Feature",
            "geometry": {
                "type": "Point",
                "coordinates": [
                    104.608246,
                    17.177198
                ]
            },
            "properties": {
                "station_name": "โรงเรียนบ้านนาดอกไม้",
                "rain_24h": 0,
                "province": "นครพนม",
                "datetime": "2026-06-05 08:00"
            }
        },
        {
            "type": "Feature",
            "geometry": {
                "type": "Point",
                "coordinates": [
                    99.52902,
                    11.56502
                ]
            },
            "properties": {
                "station_name": "อ่างเก็บน้ำคลองช่องลม",
                "rain_24h": 0,
                "province": "ประจวบคีรีขันธ์",
                "datetime": "2026-06-05 08:00"
            }
        },
        {
            "type": "Feature",
            "geometry": {
                "type": "Point",
                "coordinates": [
                    104.552444,
                    16.870367
                ]
            },
            "properties": {
                "station_name": "วัดถ้ำเขาช้าง",
                "rain_24h": 0,
                "province": "นครพนม",
                "datetime": "2026-06-05 08:00"
            }
        },
        {
            "type": "Feature",
            "geometry": {
                "type": "Point",
                "coordinates": [
                    101.11684,
                    13.234701
                ]
            },
            "properties": {
                "station_name": "โรงเรียนวัดหนองน้ำเขียว",
                "rain_24h": 0,
                "province": "ชลบุรี",
                "datetime": "2026-06-05 08:00"
            }
        },
        {
            "type": "Feature",
            "geometry": {
                "type": "Point",
                "coordinates": [
                    100.99091,
                    12.934848
                ]
            },
            "properties": {
                "station_name": "โรงเรียนวัดบ้านโป่ง",
                "rain_24h": 0,
                "province": "ชลบุรี",
                "datetime": "2026-06-05 08:00"
            }
        },
        {
            "type": "Feature",
            "geometry": {
                "type": "Point",
                "coordinates": [
                    100.29819,
                    14.70217
                ]
            },
            "properties": {
                "station_name": "อบต.บ้านพราน",
                "rain_24h": 0,
                "province": "อ่างทอง",
                "datetime": "2026-06-05 08:00"
            }
        },
        {
            "type": "Feature",
            "geometry": {
                "type": "Point",
                "coordinates": [
                    101.36016,
                    13.298696
                ]
            },
            "properties": {
                "station_name": "โรงเรียนบ้านตลาดเนินหิน",
                "rain_24h": 0,
                "province": "ชลบุรี",
                "datetime": "2026-06-05 08:00"
            }
        },
        {
            "type": "Feature",
            "geometry": {
                "type": "Point",
                "coordinates": [
                    101.844635,
                    14.635856
                ]
            },
            "properties": {
                "station_name": "ทต.ตะขบ",
                "rain_24h": 0,
                "province": "นครราชสีมา",
                "datetime": "2026-06-05 08:00"
            }
        },
        {
            "type": "Feature",
            "geometry": {
                "type": "Point",
                "coordinates": [
                    102.22092,
                    14.418602
                ]
            },
            "properties": {
                "station_name": "รพ.สต.บ้านหนองโบสถ์",
                "rain_24h": 0,
                "province": "นครราชสีมา",
                "datetime": "2026-06-05 08:00"
            }
        },
        {
            "type": "Feature",
            "geometry": {
                "type": "Point",
                "coordinates": [
                    99.12953,
                    9.576585
                ]
            },
            "properties": {
                "station_name": "สะพานข้ามคลองท่าชนะ",
                "rain_24h": 0,
                "province": "สุราษฎร์ธานี",
                "datetime": "2026-06-05 08:00"
            }
        },
        {
            "type": "Feature",
            "geometry": {
                "type": "Point",
                "coordinates": [
                    100.37952,
                    14.31976
                ]
            },
            "properties": {
                "station_name": "เสนา",
                "rain_24h": 0,
                "province": "พระนครศรีอยุธยา",
                "datetime": "2026-06-05 08:00"
            }
        },
        {
            "type": "Feature",
            "geometry": {
                "type": "Point",
                "coordinates": [
                    100.30725,
                    14.16476
                ]
            },
            "properties": {
                "station_name": "คลองพระยาบรรลือ",
                "rain_24h": 0,
                "province": "พระนครศรีอยุธยา",
                "datetime": "2026-06-05 08:00"
            }
        },
        {
            "type": "Feature",
            "geometry": {
                "type": "Point",
                "coordinates": [
                    104.51641,
                    16.798096
                ]
            },
            "properties": {
                "station_name": "โรงเรียนบ้านโสก",
                "rain_24h": 0,
                "province": "มุกดาหาร",
                "datetime": "2026-06-05 08:00"
            }
        },
        {
            "type": "Feature",
            "geometry": {
                "type": "Point",
                "coordinates": [
                    101.78461,
                    12.880651
                ]
            },
            "properties": {
                "station_name": "โรงเรียนบ้านเหมืองแร่",
                "rain_24h": 0,
                "province": "ระยอง",
                "datetime": "2026-06-05 08:00"
            }
        },
        {
            "type": "Feature",
            "geometry": {
                "type": "Point",
                "coordinates": [
                    98.91996,
                    9.492341
                ]
            },
            "properties": {
                "station_name": "สะพานข้ามคลองปากหมาก",
                "rain_24h": 0,
                "province": "สุราษฎร์ธานี",
                "datetime": "2026-06-05 08:00"
            }
        },
        {
            "type": "Feature",
            "geometry": {
                "type": "Point",
                "coordinates": [
                    101.02772,
                    12.796759
                ]
            },
            "properties": {
                "station_name": "รพ.สต.บ้านชากหมาก",
                "rain_24h": 0,
                "province": "ระยอง",
                "datetime": "2026-06-05 08:00"
            }
        },
        {
            "type": "Feature",
            "geometry": {
                "type": "Point",
                "coordinates": [
                    99.8896,
                    17.219545
                ]
            },
            "properties": {
                "station_name": "สะพานข้ามแม่น้ำยมสายเก่า-วัดปากน้ำ",
                "rain_24h": 0,
                "province": "สุโขทัย",
                "datetime": "2026-06-05 08:00"
            }
        }
    ]
}